ride,track,fromCluster,toCluster,raw_s,moving_s,n_between_fixes
20260413-1647-work2home-18092213095,EveningA,C035,C035,3.4,3.4,3
20260413-1647-work2home-18092213095,EveningA,C035,C011,26.42,26.42,26
20260413-1647-work2home-18092213095,EveningA,C011,C051,216.7,216.7,208
20260413-1647-work2home-18092213095,EveningA,C051,C007,34.56,34.56,33
20260413-1647-work2home-18092213095,EveningA,C007,C008,230.39,230.39,207
20260413-1647-work2home-18092213095,EveningA,C008,C052,58.36,58.36,55
20260413-1647-work2home-18092213095,EveningA,C052,C009,101.17,101.17,97
20260413-1647-work2home-18092213095,EveningA,C009,C053,211.35,211.35,205
20260413-1647-work2home-18092213095,EveningA,C053,C053,3.46,3.46,4
20260413-1647-work2home-18092213095,EveningA,C053,C010,10.62,10.62,9
20260413-1647-work2home-18092213095,EveningA,C010,C010,1.63,1.63,2
20260414-0847-home2work-18100665582,Morning,C001,C041,15.19,15.19,15
20260414-0847-home2work-18100665582,Morning,C041,C041,0.64,0.64,0
20260414-0847-home2work-18100665582,Morning,C041,C041,2.71,2.71,3
20260414-0847-home2work-18100665582,Morning,C041,C041,0.89,0.89,1
20260414-0847-home2work-18100665582,Morning,C041,C002,164.77,164.77,165
20260414-0847-home2work-18100665582,Morning,C002,C069,105.39,105.39,105
20260414-0847-home2work-18100665582,Morning,C069,C042,22.82,22.82,23
20260414-0847-home2work-18100665582,Morning,C042,C046,7.39,7.39,7
20260414-0847-home2work-18100665582,Morning,C046,C003,65.03,65.03,65
20260414-0847-home2work-18100665582,Morning,C003,C070,205.8,205.8,198
20260414-0847-home2work-18100665582,Morning,C070,C004,30.66,30.66,31
20260414-0847-home2work-18100665582,Morning,C004,C043,10.55,10.55,10
20260414-0847-home2work-18100665582,Morning,C043,C047,25.38,25.38,26
20260414-0847-home2work-18100665582,Morning,C047,C005,161.4,161.4,161
20260414-0847-home2work-18100665582,Morning,C005,C035,18.53,18.53,19
20260414-0847-home2work-18100665582,Morning,C035,C054,0.49,0.49,0
20260414-1604-work2home-18114423397,EveningB,C035,C035,18.22,7.22,19
20260414-1604-work2home-18114423397,EveningB,C035,C011,25.47,25.47,25
20260414-1604-work2home-18114423397,EveningB,C011,C012,395.33,259.33,396
20260414-1604-work2home-18114423397,EveningB,C012,C075,33.57,33.57,32
20260414-1604-work2home-18114423397,EveningB,C075,C068,97.66,97.66,95
20260414-1604-work2home-18114423397,EveningB,C068,C013,64.58,64.58,64
20260414-1604-work2home-18114423397,EveningB,C013,C015,440.96,410.96,441
20260414-1604-work2home-18114423397,EveningB,C015,C053,41.64,41.64,42
20260414-1604-work2home-18114423397,EveningB,C053,C053,3.93,3.93,4
20260414-1604-work2home-18114423397,EveningB,C053,C010,10.98,10.98,11
20260414-1604-work2home-18114423397,EveningB,C010,C010,1.52,1.52,1
20260417-0900-home2work-18141432550,Morning,C001,C041,14.7,14.7,15
20260417-0900-home2work-18141432550,Morning,C041,C041,0.62,0.62,0
20260417-0900-home2work-18141432550,Morning,C041,C041,2.64,2.64,3
20260417-0900-home2work-18141432550,Morning,C041,C041,0.83,0.83,1
20260417-0900-home2work-18141432550,Morning,C041,C002,160.73,160.73,160
20260417-0900-home2work-18141432550,Morning,C002,C069,103.03,103.03,103
20260417-0900-home2work-18141432550,Morning,C069,C042,22.46,22.46,23
20260417-0900-home2work-18141432550,Morning,C042,C046,7.49,7.49,7
20260417-0900-home2work-18141432550,Morning,C046,C003,65.88,65.88,66
20260417-0900-home2work-18141432550,Morning,C003,C070,215.47,215.47,207
20260417-0900-home2work-18141432550,Morning,C070,C004,30.14,30.14,30
20260417-0900-home2work-18141432550,Morning,C004,C043,8.92,8.92,9
20260417-0900-home2work-18141432550,Morning,C043,C047,26.15,26.15,26
20260417-0900-home2work-18141432550,Morning,C047,C005,164.08,164.08,164
20260417-0900-home2work-18141432550,Morning,C005,C054,21.15,21.15,21
20260417-0900-home2work-18141432550,Morning,C054,C035,0.52,0.52,1
20260422-0854-home2work-18208007128,Morning,C001,C041,18.08,18.08,18
20260422-0854-home2work-18208007128,Morning,C041,C041,0.69,0.69,1
20260422-0854-home2work-18208007128,Morning,C041,C041,2.83,2.83,3
20260422-0854-home2work-18208007128,Morning,C041,C041,0.92,0.92,0
20260422-0854-home2work-18208007128,Morning,C041,C002,174.98,174.98,175
20260422-0854-home2work-18208007128,Morning,C002,C069,111.56,111.56,112
20260422-0854-home2work-18208007128,Morning,C069,C042,23.23,23.23,23
20260422-0854-home2work-18208007128,Morning,C042,C046,7.81,7.81,8
20260422-0854-home2work-18208007128,Morning,C046,C003,66.61,66.61,67
20260422-0854-home2work-18208007128,Morning,C003,C070,211.15,211.15,202
20260422-0854-home2work-18208007128,Morning,C070,C004,30.0,30.0,30
20260422-0854-home2work-18208007128,Morning,C004,C043,10.93,10.93,11
20260422-0854-home2work-18208007128,Morning,C043,C047,25.77,25.77,26
20260422-0854-home2work-18208007128,Morning,C047,C005,173.7,173.7,173
20260422-0854-home2work-18208007128,Morning,C005,C035,19.82,19.82,20
20260422-0854-home2work-18208007128,Morning,C035,C054,0.27,0.27,0
20260423-1616-work2home-18226378045,EveningA,C035,C035,4.35,4.35,5
20260423-1616-work2home-18226378045,EveningA,C035,C006,40.4,40.4,40
20260423-1616-work2home-18226378045,EveningA,C006,C051,188.66,188.66,189
20260423-1616-work2home-18226378045,EveningA,C051,C007,35.69,35.69,36
20260423-1616-work2home-18226378045,EveningA,C007,C008,239.06,239.06,234
20260423-1616-work2home-18226378045,EveningA,C008,C052,60.03,60.03,60
20260423-1616-work2home-18226378045,EveningA,C052,C009,108.01,108.01,108
20260423-1616-work2home-18226378045,EveningA,C009,C053,205.18,205.18,205
20260423-1616-work2home-18226378045,EveningA,C053,C053,3.52,3.52,3
20260423-1616-work2home-18226378045,EveningA,C053,C010,10.05,10.05,10
20260423-1616-work2home-18226378045,EveningA,C010,C010,1.47,1.47,2
20260423-2104-home2work-18230310818,Morning,C001,C041,15.99,15.99,16
20260423-2104-home2work-18230310818,Morning,C041,C041,0.61,0.61,1
20260423-2104-home2work-18230310818,Morning,C041,C041,2.64,2.64,2
20260423-2104-home2work-18230310818,Morning,C041,C041,0.86,0.86,1
20260423-2104-home2work-18230310818,Morning,C041,C002,168.77,168.77,169
20260423-2104-home2work-18230310818,Morning,C002,C069,104.19,104.19,104
20260423-2104-home2work-18230310818,Morning,C069,C042,22.77,22.77,23
20260423-2104-home2work-18230310818,Morning,C042,C046,7.3,7.3,7
20260423-2104-home2work-18230310818,Morning,C046,C003,65.88,65.88,66
20260423-2104-home2work-18230310818,Morning,C003,C070,210.25,210.25,210
20260423-2104-home2work-18230310818,Morning,C070,C004,30.8,30.8,31
20260423-2104-home2work-18230310818,Morning,C004,C043,10.3,10.3,10
20260423-2104-home2work-18230310818,Morning,C043,C047,26.54,26.54,27
20260423-2104-home2work-18230310818,Morning,C047,C005,165.67,165.67,166
20260424-0005-work2home-18231929491,EveningB,C054,C011,28.59,28.59,29
20260424-0005-work2home-18231929491,EveningB,C011,C012,207.55,207.55,207
20260424-0005-work2home-18231929491,EveningB,C012,C075,34.64,34.64,35
20260424-0005-work2home-18231929491,EveningB,C075,C068,98.19,98.19,98
20260424-0005-work2home-18231929491,EveningB,C068,C013,63.86,63.86,64
20260424-0005-work2home-18231929491,EveningB,C013,C076,145.01,145.01,143
20260424-0005-work2home-18231929491,EveningB,C076,C014,49.2,49.2,49
20260424-0005-work2home-18231929491,EveningB,C014,C014,2.01,2.01,2
20260424-0005-work2home-18231929491,EveningB,C014,C015,183.85,183.85,184
20260424-0916-home2work-18235451892,Morning,C001,C041,15.63,15.63,15
20260424-0916-home2work-18235451892,Morning,C041,C041,0.64,0.64,1
20260424-0916-home2work-18235451892,Morning,C041,C041,2.76,2.76,3
20260424-0916-home2work-18235451892,Morning,C041,C041,0.89,0.89,1
20260424-0916-home2work-18235451892,Morning,C041,C002,169.82,169.82,170
20260424-0916-home2work-18235451892,Morning,C002,C069,105.8,105.8,105
20260424-0916-home2work-18235451892,Morning,C069,C042,23.01,23.01,23
20260424-0916-home2work-18235451892,Morning,C042,C046,7.63,7.63,8
20260424-0916-home2work-18235451892,Morning,C046,C003,66.75,66.75,67
20260424-0916-home2work-18235451892,Morning,C003,C070,211.48,211.48,203
20260424-0916-home2work-18235451892,Morning,C070,C004,30.0,30.0,30
20260424-0916-home2work-18235451892,Morning,C004,C043,10.85,10.85,11
20260424-0916-home2work-18235451892,Morning,C043,C047,27.29,27.29,27
20260424-0916-home2work-18235451892,Morning,C047,C005,165.08,165.08,165
20260424-1937-work2home-18241985832,EveningA,C006,C051,173.34,173.34,173
20260424-1937-work2home-18241985832,EveningA,C051,C007,33.98,33.98,34
20260424-1937-work2home-18241985832,EveningA,C007,C008,225.53,225.53,225
20260424-1937-work2home-18241985832,EveningA,C008,C052,56.95,56.95,57
20260424-1937-work2home-18241985832,EveningA,C052,C009,98.06,98.06,98
20260424-1937-work2home-18241985832,EveningA,C009,C053,198.27,198.27,199
20260424-1937-work2home-18241985832,EveningA,C053,C053,3.17,3.17,3
20260424-1937-work2home-18241985832,EveningA,C053,C010,10.05,10.05,10
20260424-1937-work2home-18241985832,EveningA,C010,C010,1.55,1.55,1
20260425-2300-work2home-18257461767,EveningB,C054,C011,26.18,26.18,22
20260425-2300-work2home-18257461767,EveningB,C011,C012,224.36,214.36,216
20260425-2300-work2home-18257461767,EveningB,C012,C075,35.38,35.38,35
20260425-2300-work2home-18257461767,EveningB,C075,C068,98.38,98.38,96
20260425-2300-work2home-18257461767,EveningB,C068,C015,516.11,492.11,502
20260427-0916-home2work-18275015204,Morning,C001,C041,15.45,15.45,16
20260427-0916-home2work-18275015204,Morning,C041,C041,0.65,0.65,0
20260427-0916-home2work-18275015204,Morning,C041,C041,2.7,2.7,3
20260427-0916-home2work-18275015204,Morning,C041,C041,0.89,0.89,1
20260427-0916-home2work-18275015204,Morning,C041,C002,168.14,168.14,168
20260427-0916-home2work-18275015204,Morning,C002,C069,109.2,109.2,109
20260427-0916-home2work-18275015204,Morning,C069,C042,23.78,23.78,24
20260427-0916-home2work-18275015204,Morning,C042,C046,7.91,7.91,8
20260427-0916-home2work-18275015204,Morning,C046,C003,67.83,67.83,68
20260427-0916-home2work-18275015204,Morning,C003,C070,210.45,210.45,202
20260427-0916-home2work-18275015204,Morning,C070,C004,30.08,30.08,30
20260427-0916-home2work-18275015204,Morning,C004,C043,10.93,10.93,11
20260427-0916-home2work-18275015204,Morning,C043,C047,27.01,27.01,27
20260427-0916-home2work-18275015204,Morning,C047,C005,168.45,168.45,169
20260427-0916-home2work-18275015204,Morning,C005,C035,19.02,19.02,19
20260427-0916-home2work-18275015204,Morning,C035,C054,0.3,0.3,0
20260427-2022-work2home-18282398321,EveningA,C035,C035,3.03,3.03,3
20260427-2022-work2home-18282398321,EveningA,C035,C006,37.68,37.68,38
20260427-2022-work2home-18282398321,EveningA,C006,C051,169.61,169.61,169
20260427-2022-work2home-18282398321,EveningA,C051,C007,33.43,33.43,34
20260427-2022-work2home-18282398321,EveningA,C007,C008,230.75,230.75,231
20260427-2022-work2home-18282398321,EveningA,C008,C052,59.62,59.62,59
20260427-2022-work2home-18282398321,EveningA,C052,C009,98.69,98.69,99
20260427-2022-work2home-18282398321,EveningA,C009,C053,202.32,202.32,202
20260427-2022-work2home-18282398321,EveningA,C053,C053,3.85,3.85,4
20260427-2022-work2home-18282398321,EveningA,C053,C010,10.35,10.35,10
20260427-2022-work2home-18282398321,EveningA,C010,C010,1.45,1.45,2
20260428-1428-home2work-18291562285,Morning,C001,C041,18.53,18.53,18
20260428-1428-home2work-18291562285,Morning,C041,C041,0.63,0.63,1
20260428-1428-home2work-18291562285,Morning,C041,C041,2.75,2.75,3
20260428-1428-home2work-18291562285,Morning,C041,C041,0.89,0.89,0
20260428-1428-home2work-18291562285,Morning,C041,C002,201.36,201.36,202
20260428-1428-home2work-18291562285,Morning,C002,C069,108.16,108.16,108
20260428-1428-home2work-18291562285,Morning,C069,C042,23.21,23.21,23
20260428-1428-home2work-18291562285,Morning,C042,C046,7.66,7.66,8
20260428-1428-home2work-18291562285,Morning,C046,C003,67.06,67.06,67
20260428-1428-home2work-18291562285,Morning,C003,C070,209.74,209.74,202
20260428-1428-home2work-18291562285,Morning,C070,C004,30.34,30.34,30
20260428-1428-home2work-18291562285,Morning,C004,C043,11.83,11.83,12
20260428-1428-home2work-18291562285,Morning,C043,C047,28.37,28.37,28
20260428-1428-home2work-18291562285,Morning,C047,C005,174.01,174.01,174
20260428-1428-home2work-18291562285,Morning,C005,C054,20.03,20.03,20
20260428-1428-home2work-18291562285,Morning,C054,C035,0.09,0.09,0
20260429-0927-home2work-18302489237,Morning,C001,C041,16.18,16.18,16
20260429-0927-home2work-18302489237,Morning,C041,C041,0.68,0.68,1
20260429-0927-home2work-18302489237,Morning,C041,C041,2.81,2.81,3
20260429-0927-home2work-18302489237,Morning,C041,C041,0.88,0.88,1
20260429-0927-home2work-18302489237,Morning,C041,C002,168.59,168.59,168
20260429-0927-home2work-18302489237,Morning,C002,C069,109.27,109.27,109
20260429-0927-home2work-18302489237,Morning,C069,C042,23.09,23.09,23
20260429-0927-home2work-18302489237,Morning,C042,C046,7.65,7.65,8
20260429-0927-home2work-18302489237,Morning,C046,C003,67.5,67.5,68
20260429-0927-home2work-18302489237,Morning,C003,C070,209.15,209.15,209
20260429-0927-home2work-18302489237,Morning,C070,C004,29.96,29.96,30
20260429-0927-home2work-18302489237,Morning,C004,C043,11.48,11.48,11
20260429-0927-home2work-18302489237,Morning,C043,C047,25.81,25.81,26
20260429-0927-home2work-18302489237,Morning,C047,C005,167.1,167.1,167
20260429-0927-home2work-18302489237,Morning,C005,C054,19.52,19.52,20
20260429-0927-home2work-18302489237,Morning,C054,C035,1.33,1.33,1
20260429-2314-work2home-18311789353,EveningB,C011,C012,223.23,223.23,223
20260429-2314-work2home-18311789353,EveningB,C012,C075,36.01,36.01,36
20260429-2314-work2home-18311789353,EveningB,C075,C068,105.8,105.8,106
20260429-2314-work2home-18311789353,EveningB,C068,C013,67.06,67.06,67
20260429-2314-work2home-18311789353,EveningB,C013,C076,135.76,135.76,136
20260429-2314-work2home-18311789353,EveningB,C076,C014,46.95,46.95,47
20260429-2314-work2home-18311789353,EveningB,C014,C014,2.07,2.07,2
20260429-2314-work2home-18311789353,EveningB,C014,C015,185.02,185.02,185
20260430-1208-home2work-18317063653,Morning,C001,C041,15.9,15.9,16
20260430-1208-home2work-18317063653,Morning,C041,C041,0.68,0.68,1
20260430-1208-home2work-18317063653,Morning,C041,C041,2.81,2.81,3
20260430-1208-home2work-18317063653,Morning,C041,C041,0.88,0.88,1
20260430-1208-home2work-18317063653,Morning,C041,C002,172.83,172.83,172
20260430-1208-home2work-18317063653,Morning,C002,C069,110.97,110.97,111
20260430-1208-home2work-18317063653,Morning,C069,C042,23.36,23.36,24
20260430-1208-home2work-18317063653,Morning,C042,C046,7.68,7.68,7
20260430-1208-home2work-18317063653,Morning,C046,C003,66.57,66.57,67
20260430-1208-home2work-18317063653,Morning,C003,C070,215.13,215.13,215
20260430-1208-home2work-18317063653,Morning,C070,C004,30.03,30.03,30
20260430-1208-home2work-18317063653,Morning,C004,C043,11.27,11.27,12
20260430-1208-home2work-18317063653,Morning,C043,C047,27.64,27.64,27
20260430-1208-home2work-18317063653,Morning,C047,C005,175.88,175.88,176
20260430-1208-home2work-18317063653,Morning,C005,C054,20.15,20.15,20
20260430-1208-home2work-18317063653,Morning,C054,C035,0.52,0.52,1
20260430-1822-work2home-18321329129,EveningA,C006,C051,203.45,174.45,198
20260430-1822-work2home-18321329129,EveningA,C051,C007,37.52,37.52,36
20260430-1822-work2home-18321329129,EveningA,C007,C008,230.09,230.09,215
20260430-1822-work2home-18321329129,EveningA,C008,C052,58.08,58.08,54
20260430-1822-work2home-18321329129,EveningA,C052,C009,100.93,100.93,91
20260430-1822-work2home-18321329129,EveningA,C009,C053,218.7,218.7,182
20260430-1822-work2home-18321329129,EveningA,C053,C053,2.53,2.53,2
20260430-1822-work2home-18321329129,EveningA,C053,C010,10.51,10.51,7
20260430-1822-work2home-18321329129,EveningA,C010,C010,0.82,0.82,1
20260502-0117-work2home-18339190467,EveningB,C054,C035,0.57,0.57,1
20260502-0117-work2home-18339190467,EveningB,C035,C011,27.51,27.51,27
20260502-0117-work2home-18339190467,EveningB,C011,C012,208.94,208.94,208
20260502-0117-work2home-18339190467,EveningB,C012,C075,35.43,35.43,35
20260502-0117-work2home-18339190467,EveningB,C075,C068,101.29,101.29,102
20260502-0117-work2home-18339190467,EveningB,C068,C013,65.98,65.98,66
20260502-0117-work2home-18339190467,EveningB,C013,C076,144.44,144.44,144
20260502-0117-work2home-18339190467,EveningB,C076,C014,48.74,48.74,49
20260502-0117-work2home-18339190467,EveningB,C014,C014,1.74,1.74,2
20260502-0117-work2home-18339190467,EveningB,C014,C015,179.06,179.06,179
20260502-0117-work2home-18339190467,EveningB,C015,C053,50.17,50.17,50
20260502-0117-work2home-18339190467,EveningB,C053,C053,3.68,3.68,4
20260502-0117-work2home-18339190467,EveningB,C053,C010,11.29,11.29,11
20260502-0117-work2home-18339190467,EveningB,C010,C010,1.89,1.89,2
20260503-0848-home2work-18354682772,Morning,C001,C041,15.69,15.69,15
20260503-0848-home2work-18354682772,Morning,C041,C041,0.64,0.64,1
20260503-0848-home2work-18354682772,Morning,C041,C041,2.73,2.73,3
20260503-0848-home2work-18354682772,Morning,C041,C041,0.89,0.89,1
20260503-0848-home2work-18354682772,Morning,C041,C002,165.56,165.56,165
20260503-0848-home2work-18354682772,Morning,C002,C069,105.14,105.14,105
20260503-0848-home2work-18354682772,Morning,C069,C042,23.17,23.17,23
20260503-0848-home2work-18354682772,Morning,C042,C046,7.49,7.49,8
20260503-0848-home2work-18354682772,Morning,C046,C003,67.31,67.31,67
20260503-0848-home2work-18354682772,Morning,C003,C070,210.02,210.02,203
20260503-0848-home2work-18354682772,Morning,C070,C004,29.34,29.34,30
20260503-0848-home2work-18354682772,Morning,C004,C043,10.94,10.94,11
20260503-0848-home2work-18354682772,Morning,C043,C047,25.6,25.6,25
20260503-0848-home2work-18354682772,Morning,C047,C005,165.19,165.19,165
20260504-0759-home2work-18367921744,Morning,C001,C041,14.99,14.99,15
20260504-0759-home2work-18367921744,Morning,C041,C041,0.63,0.63,1
20260504-0759-home2work-18367921744,Morning,C041,C041,2.71,2.71,3
20260504-0759-home2work-18367921744,Morning,C041,C041,0.9,0.9,0
20260504-0759-home2work-18367921744,Morning,C041,C002,170.1,170.1,171
20260504-0759-home2work-18367921744,Morning,C002,C069,105.49,105.49,105
20260504-0759-home2work-18367921744,Morning,C069,C042,24.0,24.0,24
20260504-0759-home2work-18367921744,Morning,C042,C046,7.64,7.64,8
20260504-0759-home2work-18367921744,Morning,C046,C003,66.26,66.26,66
20260504-0759-home2work-18367921744,Morning,C003,C070,205.54,205.54,197
20260504-0759-home2work-18367921744,Morning,C070,C004,30.7,30.7,30
20260504-0759-home2work-18367921744,Morning,C004,C043,11.25,11.25,11
20260504-0759-home2work-18367921744,Morning,C043,C047,26.23,26.23,27
20260504-0759-home2work-18367921744,Morning,C047,C005,165.19,165.19,165
20260504-0759-home2work-18367921744,Morning,C005,C035,18.29,18.29,18
20260504-0759-home2work-18367921744,Morning,C035,C054,0.05,0.05,0
20260505-0848-home2work-18381507161,Morning,C001,C041,15.11,15.11,15
20260505-0848-home2work-18381507161,Morning,C041,C041,0.64,0.64,1
20260505-0848-home2work-18381507161,Morning,C041,C041,2.68,2.68,3
20260505-0848-home2work-18381507161,Morning,C041,C041,0.87,0.87,1
20260505-0848-home2work-18381507161,Morning,C041,C002,168.22,168.22,168
20260505-0848-home2work-18381507161,Morning,C002,C069,105.57,105.57,105
20260505-0848-home2work-18381507161,Morning,C069,C042,22.85,22.85,23
20260505-0848-home2work-18381507161,Morning,C042,C046,7.33,7.33,7
20260505-0848-home2work-18381507161,Morning,C046,C003,65.72,65.72,66
20260505-0848-home2work-18381507161,Morning,C003,C070,205.97,205.97,196
20260505-0848-home2work-18381507161,Morning,C070,C004,29.56,29.56,30
20260505-0848-home2work-18381507161,Morning,C004,C043,11.27,11.27,11
20260505-0848-home2work-18381507161,Morning,C043,C047,26.01,26.01,26
20260505-0848-home2work-18381507161,Morning,C047,C005,174.27,174.27,174
20260505-0848-home2work-18381507161,Morning,C005,C054,18.11,18.11,18
20260505-0848-home2work-18381507161,Morning,C054,C035,0.42,0.42,1
20260506-0900-home2work-18395393521,Morning,C001,C041,15.4,15.4,16
20260506-0900-home2work-18395393521,Morning,C041,C041,0.63,0.63,0
20260506-0900-home2work-18395393521,Morning,C041,C041,2.73,2.73,3
20260506-0900-home2work-18395393521,Morning,C041,C041,0.89,0.89,1
20260506-0900-home2work-18395393521,Morning,C041,C002,224.66,176.66,224
20260506-0900-home2work-18395393521,Morning,C002,C069,107.61,107.61,108
20260506-0900-home2work-18395393521,Morning,C069,C042,23.44,23.44,24
20260506-0900-home2work-18395393521,Morning,C042,C046,7.52,7.52,7
20260506-0900-home2work-18395393521,Morning,C046,C003,68.76,68.76,69
20260506-0900-home2work-18395393521,Morning,C003,C070,216.89,216.89,217
20260506-0900-home2work-18395393521,Morning,C070,C004,30.23,30.23,30
20260506-0900-home2work-18395393521,Morning,C004,C043,11.88,11.88,12
20260506-0900-home2work-18395393521,Morning,C043,C047,26.19,26.19,26
20260506-0900-home2work-18395393521,Morning,C047,C005,165.81,165.81,166
20260506-0900-home2work-18395393521,Morning,C005,C054,18.53,18.53,18
20260506-0900-home2work-18395393521,Morning,C054,C035,0.12,0.12,0
20260507-0857-home2work-18408618911,Morning,C001,C041,15.14,15.14,15
20260507-0857-home2work-18408618911,Morning,C041,C041,0.65,0.65,1
20260507-0857-home2work-18408618911,Morning,C041,C041,2.69,2.69,2
20260507-0857-home2work-18408618911,Morning,C041,C041,0.91,0.91,1
20260507-0857-home2work-18408618911,Morning,C041,C002,163.46,163.46,164
20260507-0857-home2work-18408618911,Morning,C002,C069,105.74,105.74,105
20260507-0857-home2work-18408618911,Morning,C069,C042,22.71,22.71,23
20260507-0857-home2work-18408618911,Morning,C042,C046,7.4,7.4,7
20260507-0857-home2work-18408618911,Morning,C046,C003,65.83,65.83,66
20260507-0857-home2work-18408618911,Morning,C003,C070,208.22,208.22,202
20260507-0857-home2work-18408618911,Morning,C070,C004,30.71,30.71,30
20260507-0857-home2work-18408618911,Morning,C004,C043,11.17,11.17,11
20260507-0857-home2work-18408618911,Morning,C043,C047,24.97,24.97,25
20260507-0857-home2work-18408618911,Morning,C047,C005,161.42,161.42,162
20260507-0857-home2work-18408618911,Morning,C005,C054,20.29,20.29,20
20260507-0857-home2work-18408618911,Morning,C054,C035,0.72,0.72,1
20260507-2000-work2home-18415859573,EveningA,C035,C035,4.24,4.24,4
20260507-2000-work2home-18415859573,EveningA,C035,C006,40.99,40.99,41
20260507-2000-work2home-18415859573,EveningA,C006,C051,168.84,168.84,169
20260507-2000-work2home-18415859573,EveningA,C051,C007,34.2,34.2,34
20260507-2000-work2home-18415859573,EveningA,C007,C008,225.07,225.07,225
20260507-2000-work2home-18415859573,EveningA,C008,C052,56.69,56.69,57
20260507-2000-work2home-18415859573,EveningA,C052,C009,98.93,98.93,99
20260507-2000-work2home-18415859573,EveningA,C009,C053,198.53,198.53,198
20260507-2000-work2home-18415859573,EveningA,C053,C053,3.31,3.31,4
20260507-2000-work2home-18415859573,EveningA,C053,C010,10.39,10.39,10
20260507-2000-work2home-18415859573,EveningA,C010,C010,1.56,1.56,2
20260508-2339-work2home-18430512300,EveningB,C054,C035,0.35,0.35,0
20260508-2339-work2home-18430512300,EveningB,C035,C011,30.66,30.66,31
20260508-2339-work2home-18430512300,EveningB,C011,C012,208.88,208.88,209
20260508-2339-work2home-18430512300,EveningB,C012,C075,34.81,34.81,35
20260508-2339-work2home-18430512300,EveningB,C075,C068,97.96,97.96,98
20260508-2339-work2home-18430512300,EveningB,C068,C013,64.58,64.58,64
20260508-2339-work2home-18430512300,EveningB,C013,C076,140.17,140.17,140
20260508-2339-work2home-18430512300,EveningB,C076,C014,47.83,47.83,48
20260508-2339-work2home-18430512300,EveningB,C014,C014,2.01,2.01,2
20260508-2339-work2home-18430512300,EveningB,C014,C015,177.73,177.73,178
20260509-1218-home2work-18436286963,Morning,C001,C041,14.76,14.76,15
20260509-1218-home2work-18436286963,Morning,C041,C041,0.62,0.62,1
20260509-1218-home2work-18436286963,Morning,C041,C041,2.67,2.67,2
20260509-1218-home2work-18436286963,Morning,C041,C041,0.86,0.86,1
20260509-1218-home2work-18436286963,Morning,C041,C002,170.62,170.62,171
20260509-1218-home2work-18436286963,Morning,C002,C069,105.17,105.17,105
20260509-1218-home2work-18436286963,Morning,C069,C042,22.58,22.58,23
20260509-1218-home2work-18436286963,Morning,C042,C046,7.52,7.52,7
20260509-1218-home2work-18436286963,Morning,C046,C003,66.46,66.46,67
20260509-1218-home2work-18436286963,Morning,C003,C070,206.85,206.85,207
20260509-1218-home2work-18436286963,Morning,C070,C004,29.71,29.71,29
20260509-1218-home2work-18436286963,Morning,C004,C043,10.5,10.5,11
20260509-1218-home2work-18436286963,Morning,C043,C047,26.08,26.08,26
20260509-1218-home2work-18436286963,Morning,C047,C005,169.37,164.37,169
20260509-1658-work2home-18440392749,EveningA,C006,C051,175.43,175.43,175
20260509-1658-work2home-18440392749,EveningA,C051,C007,34.26,34.26,34
20260509-1658-work2home-18440392749,EveningA,C007,C008,226.99,226.99,227
20260509-1658-work2home-18440392749,EveningA,C008,C052,56.96,56.96,57
20260509-1658-work2home-18440392749,EveningA,C052,C009,98.79,98.79,99
20260509-1658-work2home-18440392749,EveningA,C009,C053,214.47,214.47,215
20260509-1658-work2home-18440392749,EveningA,C053,C053,4.66,4.66,4
20260509-1658-work2home-18440392749,EveningA,C053,C010,16.44,16.44,17
20260509-1658-work2home-18440392749,EveningA,C010,C010,2.49,2.49,2
20260510-2240-work2home-18457464253,EveningB,C054,C035,0.21,0.21,0
20260510-2240-work2home-18457464253,EveningB,C035,C011,26.19,26.19,26
20260510-2240-work2home-18457464253,EveningB,C011,C012,221.45,215.45,222
20260510-2240-work2home-18457464253,EveningB,C012,C075,35.06,35.06,35
20260510-2240-work2home-18457464253,EveningB,C075,C068,102.88,102.88,103
20260510-2240-work2home-18457464253,EveningB,C068,C013,64.89,64.89,65
20260510-2240-work2home-18457464253,EveningB,C013,C076,136.03,136.03,136
20260510-2240-work2home-18457464253,EveningB,C076,C014,48.72,48.72,48
20260510-2240-work2home-18457464253,EveningB,C014,C014,2.29,2.29,3
20260510-2240-work2home-18457464253,EveningB,C014,C015,183.44,183.44,183
20260511-2019-home2work-18467449876,Morning,C001,C041,15.53,15.53,15
20260511-2019-home2work-18467449876,Morning,C041,C041,0.64,0.64,1
20260511-2019-home2work-18467449876,Morning,C041,C041,2.78,2.78,3
20260511-2019-home2work-18467449876,Morning,C041,C041,0.91,0.91,0
20260511-2019-home2work-18467449876,Morning,C041,C002,164.06,164.06,164
20260511-2019-home2work-18467449876,Morning,C002,C069,106.84,106.84,107
20260511-2019-home2work-18467449876,Morning,C069,C042,22.76,22.76,23
20260511-2019-home2work-18467449876,Morning,C042,C046,7.46,7.46,8
20260511-2019-home2work-18467449876,Morning,C046,C003,66.45,66.45,66
20260511-2019-home2work-18467449876,Morning,C003,C070,214.67,214.67,215
20260511-2019-home2work-18467449876,Morning,C070,C004,30.1,30.1,30
20260511-2019-home2work-18467449876,Morning,C004,C043,10.24,10.24,10
20260511-2019-home2work-18467449876,Morning,C043,C047,26.42,26.42,26
20260511-2019-home2work-18467449876,Morning,C047,C005,167.35,167.35,168
20260512-0218-work2home-18470959015,EveningB,C054,C035,0.29,0.29,1
20260512-0218-work2home-18470959015,EveningB,C035,C011,28.07,28.07,28
20260512-0218-work2home-18470959015,EveningB,C011,C012,211.91,211.91,212
20260512-0218-work2home-18470959015,EveningB,C012,C075,35.89,35.89,36
20260512-0218-work2home-18470959015,EveningB,C075,C068,103.56,103.56,103
20260512-0218-work2home-18470959015,EveningB,C068,C013,68.23,68.23,68
20260512-0218-work2home-18470959015,EveningB,C013,C076,138.72,138.72,139
20260512-0218-work2home-18470959015,EveningB,C076,C014,50.31,50.31,50
20260512-0218-work2home-18470959015,EveningB,C014,C014,2.27,2.27,3
20260512-0218-work2home-18470959015,EveningB,C014,C015,191.08,191.08,191
20260512-1318-home2work-18475679409,Morning,C001,C041,15.32,15.32,16
20260512-1318-home2work-18475679409,Morning,C041,C041,0.62,0.62,0
20260512-1318-home2work-18475679409,Morning,C041,C041,2.67,2.67,3
20260512-1318-home2work-18475679409,Morning,C041,C041,0.85,0.85,1
20260512-1318-home2work-18475679409,Morning,C041,C002,206.81,189.81,207
20260512-1318-home2work-18475679409,Morning,C002,C069,106.08,106.08,107
20260512-1318-home2work-18475679409,Morning,C069,C042,22.86,22.86,22
20260512-1318-home2work-18475679409,Morning,C042,C046,7.39,7.39,8
20260512-1318-home2work-18475679409,Morning,C046,C003,66.03,66.03,66
20260512-1318-home2work-18475679409,Morning,C003,C070,204.77,204.77,198
20260512-1318-home2work-18475679409,Morning,C070,C004,30.05,30.05,30
20260512-1318-home2work-18475679409,Morning,C004,C043,10.84,10.84,11
20260512-1318-home2work-18475679409,Morning,C043,C047,25.39,25.39,25
20260512-1318-home2work-18475679409,Morning,C047,C005,166.27,166.27,166
20260512-1318-home2work-18475679409,Morning,C005,C054,19.58,19.58,20
20260512-1318-home2work-18475679409,Morning,C054,C035,0.14,0.14,0
20260512-2235-work2home-18482718570,EveningB,C035,C035,3.77,3.77,3
20260512-2235-work2home-18482718570,EveningB,C035,C011,22.75,22.75,23
20260512-2235-work2home-18482718570,EveningB,C011,C012,214.47,214.47,215
20260512-2235-work2home-18482718570,EveningB,C012,C075,36.33,36.33,36
20260512-2235-work2home-18482718570,EveningB,C075,C068,101.18,101.18,101
20260512-2235-work2home-18482718570,EveningB,C068,C013,67.61,67.61,68
20260512-2235-work2home-18482718570,EveningB,C013,C076,137.45,137.45,137
20260512-2235-work2home-18482718570,EveningB,C076,C014,48.13,48.13,48
20260512-2235-work2home-18482718570,EveningB,C014,C014,2.09,2.09,2
20260512-2235-work2home-18482718570,EveningB,C014,C015,182.63,182.63,183
20260513-1018-home2work-18487681925,Morning,C001,C041,15.01,15.01,15
20260513-1018-home2work-18487681925,Morning,C041,C041,0.63,0.63,0
20260513-1018-home2work-18487681925,Morning,C041,C041,2.67,2.67,3
20260513-1018-home2work-18487681925,Morning,C041,C041,0.87,0.87,1
20260513-1018-home2work-18487681925,Morning,C041,C002,174.16,174.16,174
20260513-1018-home2work-18487681925,Morning,C002,C069,104.54,104.54,105
20260513-1018-home2work-18487681925,Morning,C069,C042,23.01,23.01,23
20260513-1018-home2work-18487681925,Morning,C042,C046,7.37,7.37,7
20260513-1018-home2work-18487681925,Morning,C046,C003,65.88,65.88,66
20260513-1018-home2work-18487681925,Morning,C003,C070,212.76,212.76,213
20260513-1018-home2work-18487681925,Morning,C070,C004,30.34,30.34,30
20260513-1018-home2work-18487681925,Morning,C004,C043,10.92,10.92,11
20260513-1018-home2work-18487681925,Morning,C043,C047,25.51,25.51,25
20260513-1018-home2work-18487681925,Morning,C047,C005,161.64,161.64,162
20260513-1018-home2work-18487681925,Morning,C005,C054,18.81,18.81,19
20260513-1018-home2work-18487681925,Morning,C054,C035,0.17,0.17,0
20260515-0929-home2work-18513325350,Morning,C001,C041,15.23,15.23,15
20260515-0929-home2work-18513325350,Morning,C041,C041,0.65,0.65,1
20260515-0929-home2work-18513325350,Morning,C041,C041,2.68,2.68,2
20260515-0929-home2work-18513325350,Morning,C041,C041,0.89,0.89,1
20260515-0929-home2work-18513325350,Morning,C041,C002,165.68,165.68,166
20260515-0929-home2work-18513325350,Morning,C002,C069,107.41,107.41,107
20260515-0929-home2work-18513325350,Morning,C069,C042,22.78,22.78,23
20260515-0929-home2work-18513325350,Morning,C042,C046,7.49,7.49,7
20260515-0929-home2work-18513325350,Morning,C046,C003,68.44,68.44,69
20260515-0929-home2work-18513325350,Morning,C003,C070,215.66,215.66,216
20260515-0929-home2work-18513325350,Morning,C070,C004,31.65,31.65,31
20260515-0929-home2work-18513325350,Morning,C004,C043,10.39,10.39,11
20260515-0929-home2work-18513325350,Morning,C043,C047,26.45,26.45,26
20260515-0929-home2work-18513325350,Morning,C047,C005,161.67,161.67,162
20260515-0929-home2work-18513325350,Morning,C005,C035,18.69,18.69,18
20260515-0929-home2work-18513325350,Morning,C035,C054,0.35,0.35,1
20260516-2301-work2home-18534713513,EveningB,C035,C035,3.16,3.16,3
20260516-2301-work2home-18534713513,EveningB,C035,C011,24.15,24.15,24
20260516-2301-work2home-18534713513,EveningB,C011,C012,302.85,217.85,303
20260516-2301-work2home-18534713513,EveningB,C012,C075,35.69,35.69,36
20260516-2301-work2home-18534713513,EveningB,C075,C068,99.78,99.78,99
20260516-2301-work2home-18534713513,EveningB,C068,C013,65.69,65.69,66
20260516-2301-work2home-18534713513,EveningB,C013,C076,133.88,133.88,134
20260516-2301-work2home-18534713513,EveningB,C076,C014,54.09,54.09,54
20260516-2301-work2home-18534713513,EveningB,C014,C014,2.51,2.51,3
20260516-2301-work2home-18534713513,EveningB,C014,C015,181.2,181.2,180
20260518-0945-home2work-18551622838,Morning,C001,C041,14.93,14.93,15
20260518-0945-home2work-18551622838,Morning,C041,C041,0.66,0.66,1
20260518-0945-home2work-18551622838,Morning,C041,C041,2.93,2.93,3
20260518-0945-home2work-18551622838,Morning,C041,C041,0.94,0.94,1
20260518-0945-home2work-18551622838,Morning,C041,C002,193.81,193.81,194
20260518-0945-home2work-18551622838,Morning,C002,C069,106.0,106.0,106
20260518-0945-home2work-18551622838,Morning,C069,C042,22.78,22.78,22
20260518-0945-home2work-18551622838,Morning,C042,C046,7.5,7.5,8
20260518-0945-home2work-18551622838,Morning,C046,C003,67.14,67.14,67
20260518-0945-home2work-18551622838,Morning,C003,C070,211.4,211.4,203
20260518-0945-home2work-18551622838,Morning,C070,C004,30.19,30.19,31
20260518-0945-home2work-18551622838,Morning,C004,C043,10.48,10.48,10
20260518-0945-home2work-18551622838,Morning,C043,C047,25.42,25.42,25
20260518-0945-home2work-18551622838,Morning,C047,C005,169.21,169.21,170
20260518-0945-home2work-18551622838,Morning,C005,C054,18.98,18.98,19
20260518-0945-home2work-18551622838,Morning,C054,C035,0.11,0.11,0
20260518-2018-work2home-18558567720,EveningA,C035,C035,3.92,3.92,4
20260518-2018-work2home-18558567720,EveningA,C035,C006,43.97,43.97,44
20260518-2018-work2home-18558567720,EveningA,C006,C051,184.96,184.96,184
20260518-2018-work2home-18558567720,EveningA,C051,C007,36.17,36.17,37
20260518-2018-work2home-18558567720,EveningA,C007,C008,238.75,238.75,230
20260518-2018-work2home-18558567720,EveningA,C008,C052,59.99,59.99,60
20260518-2018-work2home-18558567720,EveningA,C052,C009,101.95,101.95,102
20260518-2018-work2home-18558567720,EveningA,C009,C053,215.8,215.8,216
20260518-2018-work2home-18558567720,EveningA,C053,C053,3.52,3.52,4
20260518-2018-work2home-18558567720,EveningA,C053,C010,11.25,11.25,11
20260518-2018-work2home-18558567720,EveningA,C010,C010,1.64,1.64,2
20260519-0948-home2work-18564554474,Morning,C001,C041,15.36,15.36,15
20260519-0948-home2work-18564554474,Morning,C041,C041,0.64,0.64,1
20260519-0948-home2work-18564554474,Morning,C041,C041,2.74,2.74,2
20260519-0948-home2work-18564554474,Morning,C041,C041,0.88,0.88,1
20260519-0948-home2work-18564554474,Morning,C041,C002,195.38,177.38,196
20260519-0948-home2work-18564554474,Morning,C002,C069,105.39,105.39,105
20260519-0948-home2work-18564554474,Morning,C069,C042,23.1,23.1,23
20260519-0948-home2work-18564554474,Morning,C042,C046,7.47,7.47,8
20260519-0948-home2work-18564554474,Morning,C046,C003,65.63,65.63,65
20260519-0948-home2work-18564554474,Morning,C003,C070,215.27,215.27,216
20260519-0948-home2work-18564554474,Morning,C070,C004,30.52,30.52,30
20260519-0948-home2work-18564554474,Morning,C004,C043,11.04,11.04,11
20260519-0948-home2work-18564554474,Morning,C043,C047,27.34,27.34,27
20260519-0948-home2work-18564554474,Morning,C047,C005,170.75,170.75,171
20260519-1924-work2home-18571285870,EveningB,C054,C035,0.57,0.57,0
20260519-1924-work2home-18571285870,EveningB,C035,C011,27.02,27.02,27
20260519-1924-work2home-18571285870,EveningB,C011,C012,222.65,215.65,223
20260519-1924-work2home-18571285870,EveningB,C012,C075,35.63,35.63,36
20260519-1924-work2home-18571285870,EveningB,C075,C068,103.86,103.86,103
20260519-1924-work2home-18571285870,EveningB,C068,C013,68.41,68.41,69
20260519-1924-work2home-18571285870,EveningB,C013,C076,139.73,139.73,140
20260519-1924-work2home-18571285870,EveningB,C076,C014,47.02,47.02,47
20260519-1924-work2home-18571285870,EveningB,C014,C014,1.94,1.94,2
20260519-1924-work2home-18571285870,EveningB,C014,C015,183.38,183.38,183
20260519-1924-work2home-18571285870,EveningB,C015,C053,43.69,43.69,44
20260519-1924-work2home-18571285870,EveningB,C053,C053,3.53,3.53,3
20260519-1924-work2home-18571285870,EveningB,C053,C010,10.73,10.73,11
20260519-1924-work2home-18571285870,EveningB,C010,C010,1.57,1.57,1
20260520-1534-home2work-18581983289,Morning,C001,C041,15.2,15.2,15
20260520-1534-home2work-18581983289,Morning,C041,C041,0.62,0.62,1
20260520-1534-home2work-18581983289,Morning,C041,C041,2.68,2.68,3
20260520-1534-home2work-18581983289,Morning,C041,C041,0.86,0.86,0
20260520-1534-home2work-18581983289,Morning,C041,C002,163.42,163.42,164
20260520-1534-home2work-18581983289,Morning,C002,C069,105.29,105.29,105
20260520-1534-home2work-18581983289,Morning,C069,C042,22.51,22.51,23
20260520-1534-home2work-18581983289,Morning,C042,C046,7.59,7.59,7
20260520-1534-home2work-18581983289,Morning,C046,C003,77.77,77.77,78
20260520-1534-home2work-18581983289,Morning,C003,C070,219.03,219.03,210
20260520-1534-home2work-18581983289,Morning,C070,C004,29.37,29.37,29
20260520-1534-home2work-18581983289,Morning,C004,C043,11.38,11.38,12
20260520-1534-home2work-18581983289,Morning,C043,C047,25.71,25.71,26
20260520-1534-home2work-18581983289,Morning,C047,C005,167.24,167.24,167
20260520-2317-work2home-18587698478,EveningB,C054,C035,0.09,0.09,0
20260520-2317-work2home-18587698478,EveningB,C035,C011,26.32,26.32,26
20260520-2317-work2home-18587698478,EveningB,C011,C012,208.66,208.66,209
20260520-2317-work2home-18587698478,EveningB,C012,C075,35.07,35.07,35
20260520-2317-work2home-18587698478,EveningB,C075,C068,99.91,99.91,100
20260520-2317-work2home-18587698478,EveningB,C068,C013,64.73,64.73,65
20260520-2317-work2home-18587698478,EveningB,C013,C076,133.18,133.18,133
20260520-2317-work2home-18587698478,EveningB,C076,C014,48.17,48.17,48
20260520-2317-work2home-18587698478,EveningB,C014,C014,2.06,2.06,2
20260520-2317-work2home-18587698478,EveningB,C014,C015,180.53,180.53,181
20260521-1056-home2work-18592312786,Morning,C001,C041,15.68,15.68,16
20260521-1056-home2work-18592312786,Morning,C041,C041,0.67,0.67,1
20260521-1056-home2work-18592312786,Morning,C041,C041,2.82,2.82,3
20260521-1056-home2work-18592312786,Morning,C041,C041,0.9,0.9,0
20260521-1056-home2work-18592312786,Morning,C041,C002,171.47,171.47,172
20260521-1056-home2work-18592312786,Morning,C002,C069,109.87,109.87,110
20260521-1056-home2work-18592312786,Morning,C069,C042,24.22,24.22,24
20260521-1056-home2work-18592312786,Morning,C042,C046,7.79,7.79,8
20260521-1056-home2work-18592312786,Morning,C046,C003,68.74,68.74,68
20260521-1056-home2work-18592312786,Morning,C003,C070,214.61,214.61,215
20260521-1056-home2work-18592312786,Morning,C070,C004,29.51,29.51,11
20260521-1056-home2work-18592312786,Morning,C004,C043,13.48,13.48,0
20260521-1056-home2work-18592312786,Morning,C043,C005,194.56,194.56,0
20260522-1221-home2work-18606402236,Morning,C001,C041,15.24,15.24,15
20260522-1221-home2work-18606402236,Morning,C041,C041,0.66,0.66,0
20260522-1221-home2work-18606402236,Morning,C041,C041,2.82,2.82,3
20260522-1221-home2work-18606402236,Morning,C041,C041,0.9,0.9,1
20260522-1221-home2work-18606402236,Morning,C041,C002,170.07,170.07,170
20260522-1221-home2work-18606402236,Morning,C002,C069,106.34,106.34,107
20260522-1221-home2work-18606402236,Morning,C069,C042,23.53,23.53,23
20260522-1221-home2work-18606402236,Morning,C042,C046,7.65,7.65,8
20260522-1221-home2work-18606402236,Morning,C046,C003,67.16,67.16,67
20260522-1221-home2work-18606402236,Morning,C003,C070,211.8,211.8,204
20260522-1221-home2work-18606402236,Morning,C070,C004,31.56,31.56,31
20260522-1221-home2work-18606402236,Morning,C004,C043,10.24,10.24,11
20260522-1221-home2work-18606402236,Morning,C043,C047,25.33,25.33,25
20260522-1221-home2work-18606402236,Morning,C047,C005,169.12,169.12,169
20260522-1221-home2work-18606402236,Morning,C005,C035,20.81,20.81,21
20260522-1221-home2work-18606402236,Morning,C035,C054,0.31,0.31,0
20260522-2314-work2home-18613249865,EveningB,C012,C075,35.46,35.46,35
20260522-2314-work2home-18613249865,EveningB,C075,C068,99.01,99.01,99
20260522-2314-work2home-18613249865,EveningB,C068,C013,65.12,65.12,65
20260522-2314-work2home-18613249865,EveningB,C013,C076,134.57,134.57,135
20260522-2314-work2home-18613249865,EveningB,C076,C014,47.36,47.36,46
20260522-2314-work2home-18613249865,EveningB,C014,C014,1.95,1.95,2
20260522-2314-work2home-18613249865,EveningB,C014,C015,176.77,176.77,177
20260523-1638-home2work-18622775047,Morning,C001,C041,15.24,15.24,16
20260523-1638-home2work-18622775047,Morning,C041,C041,0.66,0.66,0
20260523-1638-home2work-18622775047,Morning,C041,C041,2.77,2.77,3
20260523-1638-home2work-18622775047,Morning,C041,C041,0.87,0.87,1
20260523-1638-home2work-18622775047,Morning,C041,C002,169.55,169.55,169
20260523-1638-home2work-18622775047,Morning,C002,C069,105.66,105.66,105
20260523-1638-home2work-18622775047,Morning,C069,C042,23.12,23.12,23
20260523-1638-home2work-18622775047,Morning,C042,C046,7.61,7.61,8
20260523-1638-home2work-18622775047,Morning,C046,C003,66.47,66.47,66
20260523-1638-home2work-18622775047,Morning,C003,C070,210.59,210.59,204
20260523-1638-home2work-18622775047,Morning,C070,C004,31.02,31.02,31
20260523-1638-home2work-18622775047,Morning,C004,C043,10.77,10.77,11
20260523-1638-home2work-18622775047,Morning,C043,C047,25.64,25.64,25
20260523-1638-home2work-18622775047,Morning,C047,C005,162.15,162.15,162
20260523-2357-work2home-18630944261,EveningB,C054,C035,0.64,0.64,1
20260523-2357-work2home-18630944261,EveningB,C035,C011,23.43,23.43,23
20260523-2357-work2home-18630944261,EveningB,C011,C012,230.68,209.68,231
20260523-2357-work2home-18630944261,EveningB,C012,C075,35.7,35.7,36
20260523-2357-work2home-18630944261,EveningB,C075,C068,101.97,101.97,99
20260523-2357-work2home-18630944261,EveningB,C068,C013,65.4,65.4,66
20260523-2357-work2home-18630944261,EveningB,C013,C076,137.08,137.08,137
20260523-2357-work2home-18630944261,EveningB,C076,C014,49.0,49.0,49
20260523-2357-work2home-18630944261,EveningB,C014,C014,2.02,2.02,2
20260523-2357-work2home-18630944261,EveningB,C014,C015,180.73,180.73,181
20260526-0953-home2work-18657870193,Morning,C001,C041,15.64,15.64,15
20260526-0953-home2work-18657870193,Morning,C041,C041,0.67,0.67,1
20260526-0953-home2work-18657870193,Morning,C041,C041,2.98,2.98,3
20260526-0953-home2work-18657870193,Morning,C041,C041,0.96,0.96,1
20260526-0953-home2work-18657870193,Morning,C041,C002,170.0,170.0,170
20260526-0953-home2work-18657870193,Morning,C002,C069,111.26,111.26,111
20260526-0953-home2work-18657870193,Morning,C069,C042,24.12,24.12,24
20260526-0953-home2work-18657870193,Morning,C042,C046,7.84,7.84,8
20260526-0953-home2work-18657870193,Morning,C046,C003,68.32,68.32,68
20260526-0953-home2work-18657870193,Morning,C003,C070,212.04,212.04,203
20260526-0953-home2work-18657870193,Morning,C070,C004,31.77,31.77,32
20260526-0953-home2work-18657870193,Morning,C004,C043,10.45,10.45,11
20260526-0953-home2work-18657870193,Morning,C043,C047,26.19,26.19,26
20260526-0953-home2work-18657870193,Morning,C047,C005,162.39,162.39,162
20260527-1151-home2work-18672753207,Morning,C001,C041,15.21,15.21,16
20260527-1151-home2work-18672753207,Morning,C041,C041,0.66,0.66,0
20260527-1151-home2work-18672753207,Morning,C041,C041,2.76,2.76,3
20260527-1151-home2work-18672753207,Morning,C041,C041,0.89,0.89,1
20260527-1151-home2work-18672753207,Morning,C041,C002,172.31,172.31,172
20260527-1151-home2work-18672753207,Morning,C002,C069,110.53,110.53,111
20260527-1151-home2work-18672753207,Morning,C069,C042,23.91,23.91,24
20260527-1151-home2work-18672753207,Morning,C042,C046,7.94,7.94,8
20260527-1151-home2work-18672753207,Morning,C046,C003,69.44,69.44,69
20260527-1151-home2work-18672753207,Morning,C003,C070,216.7,216.7,210
20260527-1151-home2work-18672753207,Morning,C070,C004,31.03,31.03,31
20260527-1151-home2work-18672753207,Morning,C004,C043,10.94,10.94,11
20260527-1151-home2work-18672753207,Morning,C043,C047,26.84,26.84,26
20260527-1151-home2work-18672753207,Morning,C047,C005,177.02,177.02,178
20260527-1902-work2home-18677822165,EveningA,C006,C051,169.64,169.64,170
20260527-1902-work2home-18677822165,EveningA,C051,C007,34.64,34.64,34
20260527-1902-work2home-18677822165,EveningA,C007,C008,232.62,221.62,224
20260527-1902-work2home-18677822165,EveningA,C008,C052,58.85,58.85,59
20260527-1902-work2home-18677822165,EveningA,C052,C009,100.77,100.77,100
20260527-1902-work2home-18677822165,EveningA,C009,C053,205.18,205.18,206
20260527-1902-work2home-18677822165,EveningA,C053,C053,3.65,3.65,3
20260527-1902-work2home-18677822165,EveningA,C053,C010,11.74,11.74,12
20260527-1902-work2home-18677822165,EveningA,C010,C010,1.63,1.63,2
20260528-0926-home2work-18685558523,Morning,C001,C041,15.34,15.34,15
20260528-0926-home2work-18685558523,Morning,C041,C041,0.63,0.63,1
20260528-0926-home2work-18685558523,Morning,C041,C041,2.69,2.69,2
20260528-0926-home2work-18685558523,Morning,C041,C041,0.88,0.88,1
20260528-0926-home2work-18685558523,Morning,C041,C002,164.24,164.24,165
20260528-0926-home2work-18685558523,Morning,C002,C069,106.04,106.04,93
20260528-0926-home2work-18685558523,Morning,C069,C042,22.88,22.88,22
20260528-0926-home2work-18685558523,Morning,C042,C046,7.53,7.53,8
20260528-0926-home2work-18685558523,Morning,C046,C003,66.69,66.69,67
20260528-0926-home2work-18685558523,Morning,C003,C070,205.48,205.48,196
20260528-0926-home2work-18685558523,Morning,C070,C004,31.33,31.33,31
20260528-0926-home2work-18685558523,Morning,C004,C043,10.14,10.14,11
20260528-0926-home2work-18685558523,Morning,C043,C047,25.6,25.6,25
20260528-0926-home2work-18685558523,Morning,C047,C005,173.38,173.38,174
20260528-0926-home2work-18685558523,Morning,C005,C054,19.99,19.99,20
20260528-0926-home2work-18685558523,Morning,C054,C035,0.16,0.16,0
20260528-1953-work2home-18692426723,EveningA,C006,C051,172.43,172.43,172
20260528-1953-work2home-18692426723,EveningA,C051,C007,34.82,34.82,35
20260528-1953-work2home-18692426723,EveningA,C007,C008,229.1,229.1,221
20260528-1953-work2home-18692426723,EveningA,C008,C052,56.47,56.47,57
20260528-1953-work2home-18692426723,EveningA,C052,C009,100.8,100.8,101
20260528-1953-work2home-18692426723,EveningA,C009,C053,217.53,217.53,217
20260528-1953-work2home-18692426723,EveningA,C053,C053,3.32,3.32,4
20260528-1953-work2home-18692426723,EveningA,C053,C010,9.96,9.96,9
20260528-1953-work2home-18692426723,EveningA,C010,C010,1.56,1.56,2
20260529-1153-home2work-18700121468,Morning,C001,C041,16.16,16.16,17
20260529-1153-home2work-18700121468,Morning,C041,C041,0.66,0.66,0
20260529-1153-home2work-18700121468,Morning,C041,C041,2.84,2.84,3
20260529-1153-home2work-18700121468,Morning,C041,C041,0.95,0.95,1
20260529-1153-home2work-18700121468,Morning,C041,C002,171.63,171.63,172
20260529-1153-home2work-18700121468,Morning,C002,C069,107.67,107.67,107
20260529-1153-home2work-18700121468,Morning,C069,C042,23.66,23.66,24
20260529-1153-home2work-18700121468,Morning,C042,C046,7.56,7.56,8
20260529-1153-home2work-18700121468,Morning,C046,C003,66.91,66.91,66
20260529-1153-home2work-18700121468,Morning,C003,C070,210.02,210.02,200
20260529-1153-home2work-18700121468,Morning,C070,C004,30.71,30.71,31
20260529-1153-home2work-18700121468,Morning,C004,C043,9.3,9.3,9
20260529-1153-home2work-18700121468,Morning,C043,C047,26.88,26.88,27
20260529-1153-home2work-18700121468,Morning,C047,C005,173.94,168.94,172
20260529-1153-home2work-18700121468,Morning,C005,C035,16.94,16.94,17
20260529-1153-home2work-18700121468,Morning,C035,C054,0.89,0.89,1
20260601-2136-work2home-18752208700,EveningA,C006,C051,174.9,174.9,168
20260601-2136-work2home-18752208700,EveningA,C051,C007,35.76,35.76,33
20260601-2136-work2home-18752208700,EveningA,C007,C008,236.53,236.53,224
20260601-2136-work2home-18752208700,EveningA,C008,C052,59.67,59.67,59
20260601-2136-work2home-18752208700,EveningA,C052,C009,102.7,102.7,100
20260601-2136-work2home-18752208700,EveningA,C009,C053,212.9,212.9,199
20260601-2136-work2home-18752208700,EveningA,C053,C053,3.82,3.82,4
20260601-2136-work2home-18752208700,EveningA,C053,C010,11.41,11.41,11
20260601-2136-work2home-18752208700,EveningA,C010,C010,1.86,1.86,1
20260602-1007-home2work-18752324602,Morning,C001,C041,18.5,18.5,14
20260602-1007-home2work-18752324602,Morning,C041,C041,0.77,0.77,0
20260602-1007-home2work-18752324602,Morning,C041,C041,2.96,2.96,3
20260602-1007-home2work-18752324602,Morning,C041,C041,0.91,0.91,1
20260602-1007-home2work-18752324602,Morning,C041,C002,187.37,176.37,182
20260602-1007-home2work-18752324602,Morning,C002,C069,115.33,115.33,110
20260602-1007-home2work-18752324602,Morning,C069,C042,24.21,24.21,22
20260602-1007-home2work-18752324602,Morning,C042,C046,7.86,7.86,8
20260602-1007-home2work-18752324602,Morning,C046,C003,76.4,76.4,75
20260602-1007-home2work-18752324602,Morning,C003,C070,265.64,265.64,248
20260602-1007-home2work-18752324602,Morning,C070,C004,31.61,31.61,32
20260602-1007-home2work-18752324602,Morning,C004,C043,11.6,11.6,10
20260602-1007-home2work-18752324602,Morning,C043,C047,26.83,26.83,25
20260602-1007-home2work-18752324602,Morning,C047,C005,170.41,170.41,152
20260602-1007-home2work-18752324602,Morning,C005,C054,20.23,20.23,19
20260602-1007-home2work-18752324602,Morning,C054,C035,0.21,0.21,0
20260602-2048-work2home-18760293314,EveningA,C035,C035,3.48,3.48,4
20260602-2048-work2home-18760293314,EveningA,C035,C006,43.21,43.21,43
20260602-2048-work2home-18760293314,EveningA,C006,C051,187.09,187.09,187
20260602-2048-work2home-18760293314,EveningA,C051,C007,37.72,37.72,38
20260602-2048-work2home-18760293314,EveningA,C007,C008,239.05,239.05,230
20260602-2048-work2home-18760293314,EveningA,C008,C052,60.33,60.33,60
20260602-2048-work2home-18760293314,EveningA,C052,C009,104.98,104.98,104
20260602-2048-work2home-18760293314,EveningA,C009,C053,212.25,212.25,212
20260602-2048-work2home-18760293314,EveningA,C053,C053,3.74,3.74,4
20260602-2048-work2home-18760293314,EveningA,C053,C010,11.72,11.72,12
20260602-2048-work2home-18760293314,EveningA,C010,C010,1.64,1.64,2
20260603-0911-home2work-18766271302,Morning,C001,C041,15.07,15.07,15
20260603-0911-home2work-18766271302,Morning,C041,C041,0.63,0.63,0
20260603-0911-home2work-18766271302,Morning,C041,C041,2.76,2.76,3
20260603-0911-home2work-18766271302,Morning,C041,C041,0.89,0.89,1
20260603-0911-home2work-18766271302,Morning,C041,C002,173.57,173.57,173
20260603-0911-home2work-18766271302,Morning,C002,C069,105.94,105.94,106
20260603-0911-home2work-18766271302,Morning,C069,C042,23.08,23.08,24
20260603-0911-home2work-18766271302,Morning,C042,C046,7.5,7.5,7
20260603-0911-home2work-18766271302,Morning,C046,C003,72.65,72.65,73
20260603-0911-home2work-18766271302,Morning,C003,C070,223.84,223.84,223
20260603-0911-home2work-18766271302,Morning,C070,C004,29.8,29.8,29
20260603-0911-home2work-18766271302,Morning,C004,C043,10.68,10.68,11
20260603-0911-home2work-18766271302,Morning,C043,C047,26.74,26.74,27
20260603-0911-home2work-18766271302,Morning,C047,C005,162.58,162.58,162
20260603-0911-home2work-18766271302,Morning,C005,C035,18.13,18.13,18
20260603-0911-home2work-18766271302,Morning,C035,C054,0.42,0.42,1
20260603-1834-work2home-18780222983,EveningB,C035,C035,3.15,3.15,3
20260603-1834-work2home-18780222983,EveningB,C035,C006,43.51,43.51,44
20260603-1834-work2home-18780222983,EveningB,C006,C012,254.28,254.28,254
20260603-1834-work2home-18780222983,EveningB,C012,C075,35.52,35.52,36
20260603-1834-work2home-18780222983,EveningB,C075,C068,101.57,101.57,101
20260603-1834-work2home-18780222983,EveningB,C068,C013,70.16,70.16,70
20260603-1834-work2home-18780222983,EveningB,C013,C076,147.23,147.23,148
20260603-1834-work2home-18780222983,EveningB,C076,C014,49.29,49.29,49
20260603-1834-work2home-18780222983,EveningB,C014,C014,2.16,2.16,2
20260603-1834-work2home-18780222983,EveningB,C014,C015,199.92,199.92,200
20260603-1834-work2home-18780222983,EveningB,C015,C053,44.22,44.22,44
20260603-1834-work2home-18780222983,EveningB,C053,C053,3.75,3.75,4
20260603-1834-work2home-18780222983,EveningB,C053,C010,10.94,10.94,11
20260603-1834-work2home-18780222983,EveningB,C010,C010,1.84,1.84,2
20260604-1002-home2work-18780325387,Morning,C001,C041,14.84,14.84,15
20260604-1002-home2work-18780325387,Morning,C041,C041,0.63,0.63,1
20260604-1002-home2work-18780325387,Morning,C041,C041,2.72,2.72,3
20260604-1002-home2work-18780325387,Morning,C041,C041,0.89,0.89,0
20260604-1002-home2work-18780325387,Morning,C041,C002,165.1,165.1,166
20260604-1002-home2work-18780325387,Morning,C002,C069,104.28,104.28,104
20260604-1002-home2work-18780325387,Morning,C069,C042,23.25,23.25,23
20260604-1002-home2work-18780325387,Morning,C042,C046,7.42,7.42,8
20260604-1002-home2work-18780325387,Morning,C046,C003,66.06,66.06,66
20260604-1002-home2work-18780325387,Morning,C003,C070,218.01,218.01,218
20260604-1002-home2work-18780325387,Morning,C070,C004,31.12,31.12,31
20260604-1002-home2work-18780325387,Morning,C004,C043,10.96,10.96,11
20260604-1002-home2work-18780325387,Morning,C043,C047,26.31,26.31,26
20260604-1002-home2work-18780325387,Morning,C047,C005,174.66,174.66,175
20260604-1002-home2work-18780325387,Morning,C005,C054,20.99,20.99,21
20260604-1002-home2work-18780325387,Morning,C054,C035,0.54,0.54,0
20260605-1352-home2work-18795862624,Morning,C001,C041,15.21,15.21,15
20260605-1352-home2work-18795862624,Morning,C041,C041,0.67,0.67,0
20260605-1352-home2work-18795862624,Morning,C041,C041,2.87,2.87,3
20260605-1352-home2work-18795862624,Morning,C041,C041,0.92,0.92,1
20260605-1352-home2work-18795862624,Morning,C041,C002,169.84,169.84,170
20260605-1352-home2work-18795862624,Morning,C002,C069,105.42,105.42,105
20260605-1352-home2work-18795862624,Morning,C069,C042,22.96,22.96,23
20260605-1352-home2work-18795862624,Morning,C042,C046,7.58,7.58,8
20260605-1352-home2work-18795862624,Morning,C046,C003,69.3,69.3,69
20260605-1352-home2work-18795862624,Morning,C003,C070,217.77,217.77,218
20260605-1352-home2work-18795862624,Morning,C070,C004,31.42,31.42,31
20260605-1352-home2work-18795862624,Morning,C004,C043,11.18,11.18,12
20260605-1352-home2work-18795862624,Morning,C043,C047,26.98,26.98,27
20260605-1352-home2work-18795862624,Morning,C047,C005,171.42,171.42,171
20260605-1352-home2work-18795862624,Morning,C005,C054,19.78,19.78,20
20260605-1352-home2work-18795862624,Morning,C054,C035,0.17,0.17,0
20260608-0944-home2work-18833461896,Morning,C001,C041,14.85,14.85,14
20260608-0944-home2work-18833461896,Morning,C041,C041,0.62,0.62,1
20260608-0944-home2work-18833461896,Morning,C041,C041,2.69,2.69,3
20260608-0944-home2work-18833461896,Morning,C041,C041,0.9,0.9,1
20260608-0944-home2work-18833461896,Morning,C041,C002,160.19,160.19,160
20260608-0944-home2work-18833461896,Morning,C002,C069,105.03,105.03,105
20260608-0944-home2work-18833461896,Morning,C069,C042,22.91,22.91,23
20260608-0944-home2work-18833461896,Morning,C042,C046,7.57,7.57,7
20260608-0944-home2work-18833461896,Morning,C046,C003,67.33,67.33,66
20260608-0944-home2work-18833461896,Morning,C003,C070,210.88,210.88,211
20260608-0944-home2work-18833461896,Morning,C070,C004,30.74,30.74,30
20260608-0944-home2work-18833461896,Morning,C004,C043,10.51,10.51,11
20260608-0944-home2work-18833461896,Morning,C043,C047,26.03,26.03,26
20260608-0944-home2work-18833461896,Morning,C047,C005,204.39,204.39,204
20260608-2154-work2home-18841808651,EveningB,C054,C011,34.78,34.78,35
20260608-2154-work2home-18841808651,EveningB,C011,C012,213.09,213.09,213
20260608-2154-work2home-18841808651,EveningB,C012,C075,35.55,35.55,35
20260608-2154-work2home-18841808651,EveningB,C075,C068,103.54,103.54,104
20260608-2154-work2home-18841808651,EveningB,C068,C013,67.57,67.57,68
20260608-2154-work2home-18841808651,EveningB,C013,C076,138.89,138.89,138
20260608-2154-work2home-18841808651,EveningB,C076,C014,48.83,48.83,49
20260608-2154-work2home-18841808651,EveningB,C014,C014,2.09,2.09,2
20260608-2154-work2home-18841808651,EveningB,C014,C015,181.86,181.86,182
20260610-1027-home2work-18861593489,Morning,C001,C041,15.1,15.1,15
20260610-1027-home2work-18861593489,Morning,C041,C041,0.63,0.63,0
20260610-1027-home2work-18861593489,Morning,C041,C041,2.7,2.7,3
20260610-1027-home2work-18861593489,Morning,C041,C041,0.87,0.87,1
20260610-1027-home2work-18861593489,Morning,C041,C002,161.86,161.86,162
20260610-1027-home2work-18861593489,Morning,C002,C069,105.39,105.39,105
20260610-1027-home2work-18861593489,Morning,C069,C042,23.04,23.04,23
20260610-1027-home2work-18861593489,Morning,C042,C046,7.49,7.49,8
20260610-1027-home2work-18861593489,Morning,C046,C003,67.3,67.3,67
20260610-1027-home2work-18861593489,Morning,C003,C070,213.23,213.23,213
20260610-1027-home2work-18861593489,Morning,C070,C004,30.33,30.33,31
20260610-1027-home2work-18861593489,Morning,C004,C043,10.73,10.73,10
20260610-1027-home2work-18861593489,Morning,C043,C047,27.28,27.28,28
20260610-1027-home2work-18861593489,Morning,C047,C005,164.68,164.68,164
20260610-1027-home2work-18861593489,Morning,C005,C054,17.59,17.59,18
20260610-1027-home2work-18861593489,Morning,C054,C035,0.12,0.12,0
20260610-1949-work2home-18868404668,EveningB,C035,C035,3.84,3.84,3
20260610-1949-work2home-18868404668,EveningB,C035,C011,173.75,173.75,40
20260610-1949-work2home-18868404668,EveningB,C011,C012,252.59,236.59,207
20260610-1949-work2home-18868404668,EveningB,C012,C075,34.27,34.27,26
20260610-1949-work2home-18868404668,EveningB,C075,C068,101.28,101.28,97
20260610-1949-work2home-18868404668,EveningB,C068,C013,63.99,63.99,56
20260610-1949-work2home-18868404668,EveningB,C013,C076,137.06,137.06,132
20260610-1949-work2home-18868404668,EveningB,C076,C014,46.46,46.46,40
20260610-1949-work2home-18868404668,EveningB,C014,C014,2.39,2.39,2
20260610-1949-work2home-18868404668,EveningB,C014,C015,175.67,175.67,161
20260611-0950-home2work-18874829241,Morning,C001,C041,15.35,15.35,14
20260611-0950-home2work-18874829241,Morning,C041,C041,0.61,0.61,1
20260611-0950-home2work-18874829241,Morning,C041,C041,2.67,2.67,3
20260611-0950-home2work-18874829241,Morning,C041,C041,0.86,0.86,1
20260611-0950-home2work-18874829241,Morning,C041,C002,162.01,162.01,155
20260611-0950-home2work-18874829241,Morning,C002,C069,102.63,102.63,98
20260611-0950-home2work-18874829241,Morning,C069,C042,23.19,23.19,22
20260611-0950-home2work-18874829241,Morning,C042,C046,7.31,7.31,8
20260611-0950-home2work-18874829241,Morning,C046,C003,64.48,64.48,61
20260611-0950-home2work-18874829241,Morning,C003,C070,203.98,203.98,182
20260611-0950-home2work-18874829241,Morning,C070,C004,29.6,29.6,27
20260611-0950-home2work-18874829241,Morning,C004,C043,10.8,10.8,9
20260611-0950-home2work-18874829241,Morning,C043,C047,24.92,24.92,23
20260611-0950-home2work-18874829241,Morning,C047,C005,161.46,161.46,158
20260611-0950-home2work-18874829241,Morning,C005,C054,16.51,16.51,15
20260611-0950-home2work-18874829241,Morning,C054,C035,0.05,0.05,1
20260611-1923-work2home-18881030862,EveningB,C035,C035,4.53,4.53,5
20260611-1923-work2home-18881030862,EveningB,C035,C011,31.57,31.57,30
20260611-1923-work2home-18881030862,EveningB,C011,C012,248.67,225.67,248
20260611-1923-work2home-18881030862,EveningB,C012,C075,35.4,35.4,36
20260611-1923-work2home-18881030862,EveningB,C075,C068,99.63,99.63,99
20260611-1923-work2home-18881030862,EveningB,C068,C013,65.17,65.17,65
20260611-1923-work2home-18881030862,EveningB,C013,C076,136.14,136.14,137
20260611-1923-work2home-18881030862,EveningB,C076,C014,46.45,46.45,46
20260611-1923-work2home-18881030862,EveningB,C014,C014,1.94,1.94,2
20260611-1923-work2home-18881030862,EveningB,C014,C015,185.14,185.14,184
20260612-2223-work2home-18895067518,EveningB,C035,C054,0.2,0.2,0
20260612-2223-work2home-18895067518,EveningB,C054,C011,27.76,27.76,28
20260612-2223-work2home-18895067518,EveningB,C011,C012,258.11,258.11,213
20260612-2223-work2home-18895067518,EveningB,C012,C075,35.1,35.1,35
20260612-2223-work2home-18895067518,EveningB,C075,C068,99.52,99.52,100
20260612-2223-work2home-18895067518,EveningB,C068,C013,68.21,68.21,68
20260612-2223-work2home-18895067518,EveningB,C013,C076,137.53,137.53,138
20260612-2223-work2home-18895067518,EveningB,C076,C014,48.06,48.06,48
20260612-2223-work2home-18895067518,EveningB,C014,C014,2.1,2.1,2
20260612-2223-work2home-18895067518,EveningB,C014,C015,189.81,189.81,190
20260615-1226-home2work-18927230226,Morning,C001,C041,14.68,14.68,15
20260615-1226-home2work-18927230226,Morning,C041,C041,0.67,0.67,1
20260615-1226-home2work-18927230226,Morning,C041,C041,2.88,2.88,3
20260615-1226-home2work-18927230226,Morning,C041,C041,0.93,0.93,1
20260615-1226-home2work-18927230226,Morning,C041,C002,212.91,194.91,212
20260615-1226-home2work-18927230226,Morning,C002,C069,103.67,103.67,103
20260615-1226-home2work-18927230226,Morning,C069,C042,22.62,22.62,23
20260615-1226-home2work-18927230226,Morning,C042,C046,7.34,7.34,7
20260615-1226-home2work-18927230226,Morning,C046,C003,64.39,64.39,65
20260615-1226-home2work-18927230226,Morning,C003,C070,203.83,203.83,194
20260615-1226-home2work-18927230226,Morning,C070,C004,29.11,29.11,29
20260615-1226-home2work-18927230226,Morning,C004,C043,10.34,10.34,11
20260615-1226-home2work-18927230226,Morning,C043,C047,25.09,25.09,25
20260615-1226-home2work-18927230226,Morning,C047,C005,160.72,160.72,161
20260615-2359-work2home-18935332720,EveningB,C054,C035,0.05,0.05,0
20260615-2359-work2home-18935332720,EveningB,C035,C011,28.22,28.22,29
20260615-2359-work2home-18935332720,EveningB,C011,C012,209.46,209.46,209
20260615-2359-work2home-18935332720,EveningB,C012,C075,34.71,34.71,35
20260615-2359-work2home-18935332720,EveningB,C075,C068,99.01,99.01,99
20260615-2359-work2home-18935332720,EveningB,C068,C013,65.83,65.83,66
20260615-2359-work2home-18935332720,EveningB,C013,C076,136.94,136.94,137
20260615-2359-work2home-18935332720,EveningB,C076,C014,45.23,45.23,45
20260615-2359-work2home-18935332720,EveningB,C014,C014,1.73,1.73,2
20260615-2359-work2home-18935332720,EveningB,C014,C015,185.24,185.24,185
20260616-1211-home2work-18940926405,Morning,C001,C041,14.95,14.95,15
20260616-1211-home2work-18940926405,Morning,C041,C041,0.61,0.61,1
20260616-1211-home2work-18940926405,Morning,C041,C041,2.7,2.7,2
20260616-1211-home2work-18940926405,Morning,C041,C041,0.88,0.88,1
20260616-1211-home2work-18940926405,Morning,C041,C002,157.82,157.82,158
20260616-1211-home2work-18940926405,Morning,C002,C069,103.85,103.85,104
20260616-1211-home2work-18940926405,Morning,C069,C042,22.28,22.28,22
20260616-1211-home2work-18940926405,Morning,C042,C046,7.23,7.23,7
20260616-1211-home2work-18940926405,Morning,C046,C003,65.11,65.11,66
20260616-1211-home2work-18940926405,Morning,C003,C070,205.46,205.46,192
20260616-1211-home2work-18940926405,Morning,C070,C004,29.35,29.35,29
20260616-1211-home2work-18940926405,Morning,C004,C043,9.84,9.84,10
20260616-1211-home2work-18940926405,Morning,C043,C047,24.94,24.94,25
20260616-1211-home2work-18940926405,Morning,C047,C005,156.08,156.08,152
20260616-1211-home2work-18940926405,Morning,C005,C054,17.31,17.31,17
20260616-1211-home2work-18940926405,Morning,C054,C035,0.04,0.04,0
20260616-2230-work2home-18949259562,EveningB,C054,C035,0.32,0.32,0
20260616-2230-work2home-18949259562,EveningB,C035,C011,26.21,26.21,26
20260616-2230-work2home-18949259562,EveningB,C011,C012,205.68,205.68,206
20260616-2230-work2home-18949259562,EveningB,C012,C075,34.51,34.51,34
20260616-2230-work2home-18949259562,EveningB,C075,C068,96.28,96.28,97
20260616-2230-work2home-18949259562,EveningB,C068,C013,63.47,63.47,63
20260616-2230-work2home-18949259562,EveningB,C013,C076,132.03,132.03,132
20260616-2230-work2home-18949259562,EveningB,C076,C014,47.62,47.62,48
20260616-2230-work2home-18949259562,EveningB,C014,C014,1.82,1.82,2
20260616-2230-work2home-18949259562,EveningB,C014,C015,179.3,179.3,179
20260617-1219-home2work-18955636577,Morning,C001,C041,15.81,15.81,16
20260617-1219-home2work-18955636577,Morning,C041,C041,0.65,0.65,0
20260617-1219-home2work-18955636577,Morning,C041,C041,2.68,2.68,3
20260617-1219-home2work-18955636577,Morning,C041,C041,0.84,0.84,1
20260617-1219-home2work-18955636577,Morning,C041,C002,160.75,160.75,160
20260617-1219-home2work-18955636577,Morning,C002,C069,101.85,101.85,102
20260617-1219-home2work-18955636577,Morning,C069,C042,22.31,22.31,23
20260617-1219-home2work-18955636577,Morning,C042,C046,7.33,7.33,7
20260617-1219-home2work-18955636577,Morning,C046,C003,65.68,65.68,66
20260617-1219-home2work-18955636577,Morning,C003,C070,204.69,204.69,195
20260617-1219-home2work-18955636577,Morning,C070,C004,29.61,29.61,30
20260617-1219-home2work-18955636577,Morning,C004,C043,10.25,10.25,10
20260617-1219-home2work-18955636577,Morning,C043,C047,24.81,24.81,25
20260617-1219-home2work-18955636577,Morning,C047,C005,161.08,161.08,161
20260617-1219-home2work-18955636577,Morning,C005,C054,17.2,17.2,17
20260617-1219-home2work-18955636577,Morning,C054,C035,0.08,0.08,0
20260617-2220-work2home-18963316789,EveningB,C011,C012,212.12,206.12,212
20260617-2220-work2home-18963316789,EveningB,C012,C075,34.45,34.45,35
20260617-2220-work2home-18963316789,EveningB,C075,C068,97.46,97.46,96
20260617-2220-work2home-18963316789,EveningB,C068,C013,64.66,64.66,65
20260617-2220-work2home-18963316789,EveningB,C013,C076,170.24,156.24,169
20260617-2220-work2home-18963316789,EveningB,C076,C014,45.55,45.55,46
20260617-2220-work2home-18963316789,EveningB,C014,C014,1.96,1.96,2
20260617-2220-work2home-18963316789,EveningB,C014,C015,173.26,173.26,173
20260618-1320-home2work-18970179762,Morning,C001,C041,14.68,14.68,14
20260618-1320-home2work-18970179762,Morning,C041,C041,0.61,0.61,1
20260618-1320-home2work-18970179762,Morning,C041,C041,2.7,2.7,3
20260618-1320-home2work-18970179762,Morning,C041,C041,0.88,0.88,0
20260618-1320-home2work-18970179762,Morning,C041,C002,160.74,160.74,161
20260618-1320-home2work-18970179762,Morning,C002,C069,101.36,101.36,102
20260618-1320-home2work-18970179762,Morning,C069,C042,22.87,22.87,22
20260618-1320-home2work-18970179762,Morning,C042,C046,7.44,7.44,8
20260618-1320-home2work-18970179762,Morning,C046,C003,64.37,64.37,64
20260618-1320-home2work-18970179762,Morning,C003,C070,204.59,204.59,196
20260618-1320-home2work-18970179762,Morning,C070,C004,30.16,30.16,30
20260618-1320-home2work-18970179762,Morning,C004,C043,9.89,9.89,10
20260618-1320-home2work-18970179762,Morning,C043,C047,25.8,25.8,26
20260618-1320-home2work-18970179762,Morning,C047,C005,159.79,159.79,159
20260618-1320-home2work-18970179762,Morning,C005,C054,18.59,18.59,19
20260618-1320-home2work-18970179762,Morning,C054,C035,0.07,0.07,0
20260618-2310-work2home-18976919847,EveningB,C035,C035,4.36,4.36,5
20260618-2310-work2home-18976919847,EveningB,C035,C011,21.13,21.13,21
20260618-2310-work2home-18976919847,EveningB,C011,C012,207.45,207.45,207
20260618-2310-work2home-18976919847,EveningB,C012,C075,34.73,34.73,35
20260618-2310-work2home-18976919847,EveningB,C075,C068,97.1,97.1,97
20260618-2310-work2home-18976919847,EveningB,C068,C013,62.69,62.69,63
20260618-2310-work2home-18976919847,EveningB,C013,C076,133.93,133.93,134
20260618-2310-work2home-18976919847,EveningB,C076,C014,51.15,51.15,51
20260618-2310-work2home-18976919847,EveningB,C014,C014,2.06,2.06,2
20260618-2310-work2home-18976919847,EveningB,C014,C053,241.4,241.4,26
20260618-2310-work2home-18976919847,EveningB,C053,C010,20.95,20.95,0
20260618-2310-work2home-18976919847,EveningB,C010,C010,2.04,2.04,0
20260619-1135-home2work-18981986996,Morning,C001,C041,14.7,14.7,15
20260619-1135-home2work-18981986996,Morning,C041,C041,0.61,0.61,0
20260619-1135-home2work-18981986996,Morning,C041,C041,2.66,2.66,3
20260619-1135-home2work-18981986996,Morning,C041,C041,0.85,0.85,1
20260619-1135-home2work-18981986996,Morning,C041,C002,160.94,160.94,161
20260619-1135-home2work-18981986996,Morning,C002,C069,101.06,101.06,101
20260619-1135-home2work-18981986996,Morning,C069,C042,22.66,22.66,22
20260619-1135-home2work-18981986996,Morning,C042,C046,7.31,7.31,8
20260619-1135-home2work-18981986996,Morning,C046,C003,64.37,64.37,64
20260619-1135-home2work-18981986996,Morning,C003,C070,210.47,210.47,210
20260619-1135-home2work-18981986996,Morning,C070,C004,30.25,30.25,31
20260619-1135-home2work-18981986996,Morning,C004,C043,11.84,11.84,12
20260619-1135-home2work-18981986996,Morning,C043,C047,28.29,28.29,28
20260619-1135-home2work-18981986996,Morning,C047,C005,160.77,160.77,161
20260619-1135-home2work-18981986996,Morning,C005,C054,18.65,18.65,18
20260619-1135-home2work-18981986996,Morning,C054,C035,0.23,0.23,1
20260620-0001-work2home-18989339700,EveningB,C011,C012,214.56,214.56,203
20260620-0001-work2home-18989339700,EveningB,C012,C075,36.04,36.04,35
20260620-0001-work2home-18989339700,EveningB,C075,C068,96.69,96.69,94
20260620-0001-work2home-18989339700,EveningB,C068,C013,63.43,63.43,62
20260620-0001-work2home-18989339700,EveningB,C013,C076,131.22,131.22,122
20260620-0001-work2home-18989339700,EveningB,C076,C014,47.74,47.74,47
20260620-0001-work2home-18989339700,EveningB,C014,C014,2.14,2.14,2
20260620-0001-work2home-18989339700,EveningB,C014,C015,181.64,181.64,179
20260621-1451-work2home-19011356244,EveningA,C054,C035,0.59,0.59,1
20260621-1451-work2home-19011356244,EveningA,C035,C026,59.34,59.34,59
20260621-1451-work2home-19011356244,EveningA,C026,C055,6.89,6.89,7
20260621-1451-work2home-19011356244,EveningA,C055,C071,5.89,5.89,6
20260621-1451-work2home-19011356244,EveningA,C071,C078,58.98,58.98,59
20260621-1451-work2home-19011356244,EveningA,C078,C044,17.91,17.91,18
20260621-1451-work2home-19011356244,EveningA,C044,C027,9.26,9.26,9
20260621-1451-work2home-19011356244,EveningA,C027,C022,15.46,15.46,15
20260621-1451-work2home-19011356244,EveningA,C022,C048,10.79,10.79,11
20260621-1451-work2home-19011356244,EveningA,C048,C084,75.93,39.5,76
20260621-1451-work2home-19011356244,EveningA,C084,C079,23.6,23.6,24
20260621-1451-work2home-19011356244,EveningA,C079,C085,87.15,87.15,87
20260621-1451-work2home-19011356244,EveningA,C085,C023,6.5,6.5,6
20260621-1451-work2home-19011356244,EveningA,C023,C080,12.78,12.78,13
20260621-1451-work2home-19011356244,EveningA,C080,C081,99.64,99.64,100
20260621-1451-work2home-19011356244,EveningA,C081,C024,34.89,34.89,35
20260621-1451-work2home-19011356244,EveningA,C024,C006,4613.23,4507.23,110
20260621-1451-work2home-19011356244,EveningA,C006,C051,262.83,175.12,182
20260621-1451-work2home-19011356244,EveningA,C051,C007,35.2,35.2,35
20260621-1451-work2home-19011356244,EveningA,C007,C008,239.2,239.2,235
20260621-1451-work2home-19011356244,EveningA,C008,C052,57.56,57.56,58
20260621-1451-work2home-19011356244,EveningA,C052,C009,98.69,98.69,98
20260621-1451-work2home-19011356244,EveningA,C009,C053,208.11,208.11,208
20260621-1451-work2home-19011356244,EveningA,C053,C053,3.53,3.53,4
20260621-1451-work2home-19011356244,EveningA,C053,C010,10.86,10.86,11
20260621-1451-work2home-19011356244,EveningA,C010,C010,1.58,1.58,1
20260622-2152-work2home-19026866294,EveningA,C006,C051,168.95,168.95,169
20260622-2152-work2home-19026866294,EveningA,C051,C007,34.81,34.81,35
20260622-2152-work2home-19026866294,EveningA,C007,C008,228.17,228.17,220
20260622-2152-work2home-19026866294,EveningA,C008,C052,57.61,57.61,57
20260622-2152-work2home-19026866294,EveningA,C052,C009,96.94,96.94,97
20260622-2152-work2home-19026866294,EveningA,C009,C053,218.33,218.33,218
20260622-2152-work2home-19026866294,EveningA,C053,C053,3.67,3.67,3
20260622-2152-work2home-19026866294,EveningA,C053,C010,10.85,10.85,11
20260622-2152-work2home-19026866294,EveningA,C010,C010,1.57,1.57,2
20260623-2239-work2home-19040966717,EveningA,C006,C051,177.57,169.57,155
20260623-2239-work2home-19040966717,EveningA,C051,C007,33.81,33.81,31
20260623-2239-work2home-19040966717,EveningA,C007,C008,223.65,223.65,194
20260623-2239-work2home-19040966717,EveningA,C008,C052,56.34,56.34,53
20260623-2239-work2home-19040966717,EveningA,C052,C009,97.49,97.49,92
20260624-1045-home2work-19046401361,Morning,C016,C002,206.81,206.81,207
20260624-1045-home2work-19046401361,Morning,C002,C069,114.34,114.34,114
20260624-1045-home2work-19046401361,Morning,C069,C042,24.08,24.08,23
20260624-1045-home2work-19046401361,Morning,C042,C046,7.91,7.91,8
20260624-1045-home2work-19046401361,Morning,C046,C003,67.97,67.97,67
20260624-1045-home2work-19046401361,Morning,C003,C070,215.22,215.22,206
20260624-1045-home2work-19046401361,Morning,C070,C004,30.73,30.73,31
20260624-1045-home2work-19046401361,Morning,C004,C043,10.41,10.41,10
20260624-1045-home2work-19046401361,Morning,C043,C047,25.72,25.72,26
20260624-1045-home2work-19046401361,Morning,C047,C005,163.43,163.43,162
20260624-1607-work2home-19049842192,EveningA,C006,C051,186.97,179.97,187
20260624-1607-work2home-19049842192,EveningA,C051,C007,35.08,35.08,35
20260624-1607-work2home-19049842192,EveningA,C007,C008,228.78,228.78,221
20260624-1607-work2home-19049842192,EveningA,C008,C052,59.09,59.09,59
20260624-1607-work2home-19049842192,EveningA,C052,C009,99.86,99.86,100
20260625-0854-home2work-19058426314,Morning,C016,C002,194.64,194.64,195
20260625-0854-home2work-19058426314,Morning,C002,C069,107.62,107.62,107
20260625-0854-home2work-19058426314,Morning,C069,C042,23.31,23.31,24
20260625-0854-home2work-19058426314,Morning,C042,C046,7.48,7.48,7
20260625-0854-home2work-19058426314,Morning,C046,C003,65.68,65.68,66
20260625-0854-home2work-19058426314,Morning,C003,C070,209.62,209.62,209
20260625-0854-home2work-19058426314,Morning,C070,C004,30.22,30.22,31
20260625-0854-home2work-19058426314,Morning,C004,C043,9.97,9.97,10
20260625-0854-home2work-19058426314,Morning,C043,C047,25.98,25.98,26
20260625-0854-home2work-19058426314,Morning,C047,C005,170.75,170.75,170
20260625-2114-work2home-19065646341,EveningA,C006,C051,184.48,184.48,184
20260625-2114-work2home-19065646341,EveningA,C051,C007,34.26,34.26,35
20260625-2114-work2home-19065646341,EveningA,C007,C008,230.52,230.52,222
20260625-2114-work2home-19065646341,EveningA,C008,C052,58.03,58.03,58
20260625-2114-work2home-19065646341,EveningA,C052,C009,100.42,100.42,101
20260626-0927-home2work-19070848156,Morning,C016,C002,198.51,198.51,199
20260626-0927-home2work-19070848156,Morning,C002,C069,104.33,104.33,104
20260626-0927-home2work-19070848156,Morning,C069,C042,23.15,23.15,23
20260626-0927-home2work-19070848156,Morning,C042,C046,7.59,7.59,8
20260626-0927-home2work-19070848156,Morning,C046,C003,65.25,65.25,65
20260626-0927-home2work-19070848156,Morning,C003,C070,207.68,207.68,206
20260626-0927-home2work-19070848156,Morning,C070,C004,29.94,29.94,30
20260626-0927-home2work-19070848156,Morning,C004,C043,10.48,10.48,10
20260626-0927-home2work-19070848156,Morning,C043,C047,25.0,25.0,25
20260626-0927-home2work-19070848156,Morning,C047,C005,174.62,174.62,175
20260626-1816-work2home-19075511866,EveningA,C006,C051,175.02,175.02,175
20260626-1816-work2home-19075511866,EveningA,C051,C007,36.23,36.23,36
20260626-1816-work2home-19075511866,EveningA,C007,C008,227.57,227.57,220
20260626-1816-work2home-19075511866,EveningA,C008,C052,58.28,58.28,58
20260626-1816-work2home-19075511866,EveningA,C052,C009,100.59,100.59,101
20260626-1816-work2home-19075511866,EveningA,C009,C053,208.41,208.41,206
20260626-1816-work2home-19075511866,EveningA,C053,C053,3.61,3.61,4
20260626-1816-work2home-19075511866,EveningA,C053,C010,10.94,10.94,11
20260626-1816-work2home-19075511866,EveningA,C010,C010,1.56,1.56,1
20260627-1924-work2home-19088822425,EveningA,C006,C051,181.54,181.54,182
20260627-1924-work2home-19088822425,EveningA,C051,C007,34.63,34.63,34
20260627-1924-work2home-19088822425,EveningA,C007,C008,231.63,231.63,224
20260627-1924-work2home-19088822425,EveningA,C008,C052,58.37,58.37,58
20260627-1924-work2home-19088822425,EveningA,C052,C009,105.54,105.54,106
20260627-1924-work2home-19088822425,EveningA,C009,C053,214.39,208.39,214
20260627-1924-work2home-19088822425,EveningA,C053,C053,3.92,3.92,4
20260627-1924-work2home-19088822425,EveningA,C053,C010,10.98,10.98,11
20260627-1924-work2home-19088822425,EveningA,C010,C010,1.58,1.58,2
20260714-1549-home2work-19309779059,Morning,C001,C041,14.86,14.86,15
20260714-1549-home2work-19309779059,Morning,C041,C041,0.6,0.6,0
20260714-1549-home2work-19309779059,Morning,C041,C041,2.63,2.63,3
20260714-1549-home2work-19309779059,Morning,C041,C041,0.86,0.86,1
20260714-1549-home2work-19309779059,Morning,C041,C002,165.67,165.67,165
20260714-1549-home2work-19309779059,Morning,C002,C069,108.35,108.35,109
20260714-1549-home2work-19309779059,Morning,C069,C042,26.33,26.33,26
20260714-1549-home2work-19309779059,Morning,C042,C046,7.4,7.4,7
20260714-1549-home2work-19309779059,Morning,C046,C003,65.75,65.75,66
20260714-1549-home2work-19309779059,Morning,C003,C070,218.92,218.92,219
20260714-1549-home2work-19309779059,Morning,C070,C004,29.24,29.24,29
20260714-1549-home2work-19309779059,Morning,C004,C043,10.34,10.34,11
20260714-1549-home2work-19309779059,Morning,C043,C047,26.53,26.53,26
20260714-1549-home2work-19309779059,Morning,C047,C005,165.08,165.08,165
20260715-0020-work2home-19315592710,EveningB,C011,C012,233.84,233.84,234
20260715-0020-work2home-19315592710,EveningB,C012,C075,35.21,35.21,35
20260715-0020-work2home-19315592710,EveningB,C075,C068,101.47,101.47,101
20260715-0020-work2home-19315592710,EveningB,C068,C013,66.18,66.18,67
20260715-0020-work2home-19315592710,EveningB,C013,C076,135.6,135.6,135
20260715-0020-work2home-19315592710,EveningB,C076,C014,48.78,48.78,49
20260715-0020-work2home-19315592710,EveningB,C014,C014,2.01,2.01,2
20260715-0020-work2home-19315592710,EveningB,C014,C015,190.0,190.0,190
20260715-1027-home2work-19319989088,Morning,C001,C041,15.42,15.42,15
20260715-1027-home2work-19319989088,Morning,C041,C041,0.68,0.68,1
20260715-1027-home2work-19319989088,Morning,C041,C041,2.86,2.86,3
20260715-1027-home2work-19319989088,Morning,C041,C041,0.94,0.94,1
20260715-1027-home2work-19319989088,Morning,C041,C002,175.47,175.47,175
20260715-1027-home2work-19319989088,Morning,C002,C069,108.36,108.36,108
20260715-1027-home2work-19319989088,Morning,C069,C042,22.88,22.88,23
20260715-1027-home2work-19319989088,Morning,C042,C046,7.42,7.42,8
20260715-1027-home2work-19319989088,Morning,C046,C003,65.71,65.71,65
20260715-1027-home2work-19319989088,Morning,C003,C070,213.3,213.3,209
20260715-1027-home2work-19319989088,Morning,C070,C004,31.02,31.02,31
20260715-1027-home2work-19319989088,Morning,C004,C043,10.19,10.19,10
20260715-1027-home2work-19319989088,Morning,C043,C047,25.72,25.72,26
20260715-1027-home2work-19319989088,Morning,C047,C005,168.9,168.9,169
20260716-0949-home2work-19333212434,Morning,C001,C041,15.47,15.47,15
20260716-0949-home2work-19333212434,Morning,C041,C041,0.64,0.64,1
20260716-0949-home2work-19333212434,Morning,C041,C041,2.68,2.68,3
20260716-0949-home2work-19333212434,Morning,C041,C041,0.89,0.89,0
20260716-0949-home2work-19333212434,Morning,C041,C002,169.69,169.69,170
20260716-0949-home2work-19333212434,Morning,C002,C069,104.27,104.27,104
20260716-0949-home2work-19333212434,Morning,C069,C042,22.92,22.92,23
20260716-0949-home2work-19333212434,Morning,C042,C046,7.58,7.58,8
20260716-0949-home2work-19333212434,Morning,C046,C003,66.73,66.73,67
20260716-0949-home2work-19333212434,Morning,C003,C070,220.25,215.25,214
20260716-0949-home2work-19333212434,Morning,C070,C004,30.6,30.6,30
20260716-0949-home2work-19333212434,Morning,C004,C043,10.42,10.42,11
20260716-0949-home2work-19333212434,Morning,C043,C047,25.52,25.52,25
20260716-0949-home2work-19333212434,Morning,C047,C005,169.52,169.52,170
20260716-1738-work2home-19338378744,EveningA,C006,C051,175.39,175.39,175
20260716-1738-work2home-19338378744,EveningA,C051,C007,34.42,34.42,35
20260716-1738-work2home-19338378744,EveningA,C007,C008,227.44,227.44,218
20260716-1738-work2home-19338378744,EveningA,C008,C052,57.65,57.65,58
20260716-1738-work2home-19338378744,EveningA,C052,C009,99.11,99.11,99
20260716-1738-work2home-19338378744,EveningA,C009,C053,203.93,203.93,204
20260716-1738-work2home-19338378744,EveningA,C053,C053,3.51,3.51,3
20260716-1738-work2home-19338378744,EveningA,C053,C010,10.99,10.99,11
20260716-1738-work2home-19338378744,EveningA,C010,C010,1.62,1.62,2
20260717-2332-work2home-19354821638,EveningB,C054,C035,0.23,0.23,0
20260717-2332-work2home-19354821638,EveningB,C035,C011,29.58,29.58,30
20260717-2332-work2home-19354821638,EveningB,C011,C012,220.96,220.96,221
20260717-2332-work2home-19354821638,EveningB,C012,C075,34.87,34.87,35
20260717-2332-work2home-19354821638,EveningB,C075,C068,105.43,105.43,105
20260717-2332-work2home-19354821638,EveningB,C068,C013,63.33,63.33,64
20260717-2332-work2home-19354821638,EveningB,C013,C076,130.28,130.28,130
20260717-2332-work2home-19354821638,EveningB,C076,C014,45.89,45.89,46
20260717-2332-work2home-19354821638,EveningB,C014,C014,2.06,2.06,2
20260717-2332-work2home-19354821638,EveningB,C014,C015,171.85,171.85,172
20260720-1855-work2home-19399895229,EveningA,C006,C051,168.46,168.46,168
20260720-1855-work2home-19399895229,EveningA,C051,C007,33.77,33.77,34
20260720-1855-work2home-19399895229,EveningA,C007,C008,225.76,225.76,218
20260720-1855-work2home-19399895229,EveningA,C008,C052,57.62,57.62,58
20260720-1855-work2home-19399895229,EveningA,C052,C009,98.2,98.2,98
20260720-1855-work2home-19399895229,EveningA,C009,C053,206.77,206.77,207
20260720-1855-work2home-19399895229,EveningA,C053,C053,3.22,3.22,3
20260720-1855-work2home-19399895229,EveningA,C053,C010,10.03,10.03,10
20260720-1855-work2home-19399895229,EveningA,C010,C010,1.42,1.42,2
20260722-0952-home2work-19421935423,Morning,C016,C002,192.86,192.86,193
20260722-0952-home2work-19421935423,Morning,C002,C069,104.32,104.32,104
20260722-0952-home2work-19421935423,Morning,C069,C042,23.38,23.38,24
20260722-0952-home2work-19421935423,Morning,C042,C046,7.36,7.36,7
20260722-0952-home2work-19421935423,Morning,C046,C003,66.09,66.09,66
20260722-0952-home2work-19421935423,Morning,C003,C070,208.25,208.25,199
20260722-0952-home2work-19421935423,Morning,C070,C004,29.82,29.82,30
20260722-0952-home2work-19421935423,Morning,C004,C043,11.13,11.13,11
20260722-0952-home2work-19421935423,Morning,C043,C047,25.78,25.78,26
20260722-0952-home2work-19421935423,Morning,C047,C005,166.04,166.04,166
20260722-0952-home2work-19421935423,Morning,C005,C054,8340.34,425.34,3314
20260722-0952-home2work-19421935423,Morning,C054,C054,5360.49,293.49,1601
20260722-0952-home2work-19421935423,Morning,C054,C054,2600.7,49.17,73
20260722-0952-home2work-19421935423,Morning,C054,C035,130.35,41.35,13
20260722-0952-home2work-19421935423,Morning,C035,C054,1.25,1.25,0
20260723-0930-home2work-19428145590,Morning,C001,C041,15.08,15.08,15
20260723-0930-home2work-19428145590,Morning,C041,C041,0.63,0.63,1
20260723-0930-home2work-19428145590,Morning,C041,C041,2.67,2.67,3
20260723-0930-home2work-19428145590,Morning,C041,C041,0.87,0.87,0
20260723-0930-home2work-19428145590,Morning,C041,C002,157.04,157.04,157
20260723-0930-home2work-19428145590,Morning,C002,C069,102.98,102.98,103
20260723-0930-home2work-19428145590,Morning,C069,C042,22.69,22.69,23
20260723-0930-home2work-19428145590,Morning,C042,C046,7.43,7.43,8
20260723-0930-home2work-19428145590,Morning,C046,C003,65.22,65.22,65
20260723-0930-home2work-19428145590,Morning,C003,C070,203.38,203.38,195
20260723-0930-home2work-19428145590,Morning,C070,C004,30.04,30.04,30
20260723-0930-home2work-19428145590,Morning,C004,C043,10.3,10.3,10
20260723-0930-home2work-19428145590,Morning,C043,C047,25.74,25.74,26
20260723-0930-home2work-19428145590,Morning,C047,C005,159.37,159.37,160
20260723-0930-home2work-19428145590,Morning,C005,C054,19.3,19.3,19
20260723-0930-home2work-19428145590,Morning,C054,C035,1.03,1.03,1
20260723-2147-work2home-19436961849,EveningB,C035,C035,3.17,3.17,3
20260723-2147-work2home-19436961849,EveningB,C035,C011,24.62,24.62,25
20260723-2147-work2home-19436961849,EveningB,C011,C012,205.92,205.92,206
20260723-2147-work2home-19436961849,EveningB,C012,C075,34.72,34.72,34
20260723-2147-work2home-19436961849,EveningB,C075,C068,98.75,98.75,99
20260723-2147-work2home-19436961849,EveningB,C068,C013,64.21,64.21,64
20260723-2147-work2home-19436961849,EveningB,C013,C076,131.73,131.73,132
20260723-2147-work2home-19436961849,EveningB,C076,C014,46.31,46.31,46
20260723-2147-work2home-19436961849,EveningB,C014,C014,1.96,1.96,2
20260723-2147-work2home-19436961849,EveningB,C014,C015,174.04,174.04,174
20260724-0910-home2work-19441815836,Morning,C001,C041,14.61,14.61,14
20260724-0910-home2work-19441815836,Morning,C041,C041,0.63,0.63,1
20260724-0910-home2work-19441815836,Morning,C041,C041,2.7,2.7,2
20260724-0910-home2work-19441815836,Morning,C041,C041,0.88,0.88,1
20260724-0910-home2work-19441815836,Morning,C041,C002,158.49,158.49,159
20260724-0910-home2work-19441815836,Morning,C002,C069,106.5,106.5,106
20260724-0910-home2work-19441815836,Morning,C069,C042,22.92,22.92,23
20260724-0910-home2work-19441815836,Morning,C042,C046,7.38,7.38,8
20260724-0910-home2work-19441815836,Morning,C046,C003,65.84,65.84,64
20260724-0910-home2work-19441815836,Morning,C003,C070,207.6,207.6,207
20260724-0910-home2work-19441815836,Morning,C070,C004,29.83,29.83,29
20260724-0910-home2work-19441815836,Morning,C004,C043,10.63,10.63,11
20260724-0910-home2work-19441815836,Morning,C043,C047,25.62,25.62,25
20260724-0910-home2work-19441815836,Morning,C047,C005,160.28,160.28,159
20260724-1838-work2home-19448004625,EveningA,C006,C051,176.0,176.0,176
20260724-1838-work2home-19448004625,EveningA,C051,C007,34.48,34.48,34
20260724-1838-work2home-19448004625,EveningA,C007,C008,231.08,231.08,222
20260724-1838-work2home-19448004625,EveningA,C008,C052,57.54,57.54,58
20260724-1838-work2home-19448004625,EveningA,C052,C009,102.61,102.61,102
20260724-1838-work2home-19448004625,EveningA,C009,C053,205.96,205.96,206
20260724-1838-work2home-19448004625,EveningA,C053,C053,3.42,3.42,4
20260724-1838-work2home-19448004625,EveningA,C053,C010,10.4,10.4,10
20260724-1838-work2home-19448004625,EveningA,C010,C010,1.54,1.54,2
20260725-0858-home2work-19454333922,Morning,C001,C041,15.55,15.55,16
20260725-0858-home2work-19454333922,Morning,C041,C041,0.62,0.62,0
20260725-0858-home2work-19454333922,Morning,C041,C041,2.67,2.67,3
20260725-0858-home2work-19454333922,Morning,C041,C041,0.87,0.87,1
20260725-0858-home2work-19454333922,Morning,C041,C002,179.96,171.96,180
20260725-0858-home2work-19454333922,Morning,C002,C069,104.04,104.04,104
20260725-0858-home2work-19454333922,Morning,C069,C042,23.16,23.16,23
20260725-0858-home2work-19454333922,Morning,C042,C046,7.62,7.62,8
20260725-0858-home2work-19454333922,Morning,C046,C003,65.96,65.96,66
20260725-0858-home2work-19454333922,Morning,C003,C070,209.53,209.53,200
20260725-0858-home2work-19454333922,Morning,C070,C004,29.58,29.58,30
20260725-0858-home2work-19454333922,Morning,C004,C043,9.54,9.54,9
20260725-0858-home2work-19454333922,Morning,C043,C047,25.75,25.75,26
20260725-0858-home2work-19454333922,Morning,C047,C005,160.01,160.01,160
20260727-0843-home2work-19481481998,Morning,C001,C041,15.32,15.32,15
20260727-0843-home2work-19481481998,Morning,C041,C041,0.6,0.6,1
20260727-0843-home2work-19481481998,Morning,C041,C041,2.61,2.61,2
20260727-0843-home2work-19481481998,Morning,C041,C041,0.87,0.87,1
20260727-0843-home2work-19481481998,Morning,C041,C002,166.16,154.16,166
20260727-0843-home2work-19481481998,Morning,C002,C069,100.34,100.34,101
20260727-0843-home2work-19481481998,Morning,C069,C042,21.46,21.46,21
20260727-0843-home2work-19481481998,Morning,C042,C046,7.2,7.2,7
20260727-0843-home2work-19481481998,Morning,C046,C003,63.37,63.37,64
20260727-0843-home2work-19481481998,Morning,C003,C070,202.49,202.49,193
20260727-0843-home2work-19481481998,Morning,C070,C004,29.2,29.2,29
20260727-0843-home2work-19481481998,Morning,C004,C043,9.22,9.22,10
20260727-0843-home2work-19481481998,Morning,C043,C047,26.07,26.07,26
20260727-0843-home2work-19481481998,Morning,C047,C005,166.0,166.0,166
20260727-2325-work2home-19491419206,EveningB,C011,C012,212.45,212.45,212
20260727-2325-work2home-19491419206,EveningB,C012,C075,35.26,35.26,36
20260727-2325-work2home-19491419206,EveningB,C075,C068,101.05,101.05,101
20260727-2325-work2home-19491419206,EveningB,C068,C013,64.85,64.85,65
20260727-2325-work2home-19491419206,EveningB,C013,C076,134.56,134.56,134
20260727-2325-work2home-19491419206,EveningB,C076,C014,46.59,46.59,47
20260727-2325-work2home-19491419206,EveningB,C014,C014,1.95,1.95,2
20260727-2325-work2home-19491419206,EveningB,C014,C015,175.77,175.77,175
20260728-1018-home2work-19496354080,Morning,C001,C041,14.53,14.53,14
20260728-1018-home2work-19496354080,Morning,C041,C041,0.62,0.62,1
20260728-1018-home2work-19496354080,Morning,C041,C041,2.65,2.65,3
20260728-1018-home2work-19496354080,Morning,C041,C041,0.87,0.87,1
20260728-1018-home2work-19496354080,Morning,C041,C002,161.14,161.14,161
20260728-1018-home2work-19496354080,Morning,C002,C069,103.59,103.59,103
20260728-1018-home2work-19496354080,Morning,C069,C042,23.34,23.34,24
20260728-1018-home2work-19496354080,Morning,C042,C046,7.56,7.56,7
20260728-1018-home2work-19496354080,Morning,C046,C003,66.06,66.06,66
20260728-1018-home2work-19496354080,Morning,C003,C070,207.89,207.89,208
20260728-1018-home2work-19496354080,Morning,C070,C004,29.88,29.88,30
20260728-1018-home2work-19496354080,Morning,C004,C043,9.93,9.93,10
20260728-1018-home2work-19496354080,Morning,C043,C047,25.76,25.76,26
20260728-1018-home2work-19496354080,Morning,C047,C005,160.47,160.47,160
20260728-1018-home2work-19496354080,Morning,C005,C054,20.61,20.61,21
20260728-1018-home2work-19496354080,Morning,C054,C035,0.12,0.12,0
20260728-1619-work2home-19501080034,EveningA,C006,C051,287.81,287.81,288
20260728-1619-work2home-19501080034,EveningA,C051,C007,62.88,62.88,63
20260728-1619-work2home-19501080034,EveningA,C007,C008,336.03,336.03,336
20260728-1619-work2home-19501080034,EveningA,C008,C052,81.25,81.25,81
20260728-1619-work2home-19501080034,EveningA,C052,C009,141.26,141.26,141
20260728-1619-work2home-19501080034,EveningA,C009,C053,347.07,323.07,347
20260728-1619-work2home-19501080034,EveningA,C053,C053,5.34,5.34,6
20260728-1619-work2home-19501080034,EveningA,C053,C010,16.12,16.12,16
20260728-1619-work2home-19501080034,EveningA,C010,C010,2.41,2.41,2
20260729-0956-home2work-19511512652,Morning,C001,C041,15.41,15.41,16
20260729-0956-home2work-19511512652,Morning,C041,C041,0.67,0.67,0
20260729-0956-home2work-19511512652,Morning,C041,C041,2.83,2.83,3
20260729-0956-home2work-19511512652,Morning,C041,C041,0.92,0.92,1
20260729-0956-home2work-19511512652,Morning,C041,C002,613.17,208.17,613
20260729-0956-home2work-19511512652,Morning,C002,C069,111.99,111.99,112
20260729-0956-home2work-19511512652,Morning,C069,C042,25.06,25.06,25
20260729-0956-home2work-19511512652,Morning,C042,C046,8.21,8.21,9
20260729-0956-home2work-19511512652,Morning,C046,C003,72.98,72.98,73
20260729-0956-home2work-19511512652,Morning,C003,C070,226.79,226.79,216
20260729-0956-home2work-19511512652,Morning,C070,C004,32.12,32.12,33
20260729-0956-home2work-19511512652,Morning,C004,C043,10.78,10.78,10
20260729-0956-home2work-19511512652,Morning,C043,C047,27.27,27.27,28
20260729-0956-home2work-19511512652,Morning,C047,C005,172.85,172.85,172
20260730-1834-work2home-19531457200,EveningA,C006,C051,205.19,205.19,205
20260730-1834-work2home-19531457200,EveningA,C051,C007,39.77,39.77,40
20260730-1834-work2home-19531457200,EveningA,C007,C008,265.88,265.88,254
20260730-1834-work2home-19531457200,EveningA,C008,C052,68.2,68.2,67
20260730-1834-work2home-19531457200,EveningA,C052,C009,118.6,118.6,119
20260730-1834-work2home-19531457200,EveningA,C009,C053,250.79,243.79,251
20260730-1834-work2home-19531457200,EveningA,C053,C053,4.09,4.09,4
20260730-1834-work2home-19531457200,EveningA,C053,C010,11.84,11.84,11
20260730-1834-work2home-19531457200,EveningA,C010,C010,1.79,1.79,2
20260731-1034-home2work-19539495549,Morning,C001,C041,20.33,20.33,21
20260731-1034-home2work-19539495549,Morning,C041,C041,1.21,1.21,1
20260731-1034-home2work-19539495549,Morning,C041,C041,3.63,3.63,3
20260731-1034-home2work-19539495549,Morning,C041,C041,0.94,0.94,1
20260731-1034-home2work-19539495549,Morning,C041,C002,176.27,176.27,177
20260731-1034-home2work-19539495549,Morning,C002,C069,105.8,105.8,105
20260731-1034-home2work-19539495549,Morning,C069,C042,23.5,23.5,24
20260731-1034-home2work-19539495549,Morning,C042,C046,7.6,7.6,8
20260731-1034-home2work-19539495549,Morning,C046,C003,67.17,67.17,67
20260731-1034-home2work-19539495549,Morning,C003,C070,208.49,208.49,203
20260731-1034-home2work-19539495549,Morning,C070,C004,30.51,30.51,31
20260731-1034-home2work-19539495549,Morning,C004,C043,10.59,10.59,10
20260731-1034-home2work-19539495549,Morning,C043,C047,25.72,25.72,26
20260731-1034-home2work-19539495549,Morning,C047,C005,176.09,176.09,176
20260731-1851-work2home-19545118665,EveningA,C006,C051,180.01,180.01,180
20260731-1851-work2home-19545118665,EveningA,C051,C007,34.93,34.93,35
20260731-1851-work2home-19545118665,EveningA,C007,C008,234.42,234.42,234
20260731-1851-work2home-19545118665,EveningA,C008,C052,59.12,59.12,59
20260731-1851-work2home-19545118665,EveningA,C052,C009,102.91,102.91,103
20260731-1851-work2home-19545118665,EveningA,C009,C053,210.33,210.33,211
20260731-1851-work2home-19545118665,EveningA,C053,C053,3.56,3.56,3
20260731-1851-work2home-19545118665,EveningA,C053,C010,10.86,10.86,11
20260731-1851-work2home-19545118665,EveningA,C010,C010,1.64,1.64,2
20260803-2005-work2home-19586484852,EveningA,C006,C051,179.41,179.41,179
20260803-2005-work2home-19586484852,EveningA,C051,C007,37.98,37.98,38
20260803-2005-work2home-19586484852,EveningA,C007,C008,237.71,237.71,229
20260803-2005-work2home-19586484852,EveningA,C008,C052,58.68,58.68,59
20260803-2005-work2home-19586484852,EveningA,C052,C009,99.09,99.09,99
20260803-2005-work2home-19586484852,EveningA,C009,C053,205.0,205.0,205
20260803-2005-work2home-19586484852,EveningA,C053,C053,3.25,3.25,3
20260803-2005-work2home-19586484852,EveningA,C053,C010,10.19,10.19,10
20260803-2005-work2home-19586484852,EveningA,C010,C010,1.48,1.48,2
20260804-0944-home2work-19593459794,Morning,C001,C041,18.76,18.76,19
20260804-0944-home2work-19593459794,Morning,C041,C041,0.73,0.73,1
20260804-0944-home2work-19593459794,Morning,C041,C041,3.07,3.07,3
20260804-0944-home2work-19593459794,Morning,C041,C041,0.94,0.94,1
20260804-0944-home2work-19593459794,Morning,C041,C002,174.07,174.07,174
20260804-0944-home2work-19593459794,Morning,C002,C069,105.75,105.75,106
20260804-0944-home2work-19593459794,Morning,C069,C042,23.9,23.9,24
20260804-0944-home2work-19593459794,Morning,C042,C046,7.9,7.9,7
20260804-0944-home2work-19593459794,Morning,C046,C003,68.08,68.08,69
20260804-0944-home2work-19593459794,Morning,C003,C070,213.34,213.34,209
20260804-0944-home2work-19593459794,Morning,C070,C004,30.29,30.29,30
20260804-0944-home2work-19593459794,Morning,C004,C043,11.25,11.25,11
20260804-0944-home2work-19593459794,Morning,C043,C047,27.06,27.06,27
20260804-0944-home2work-19593459794,Morning,C047,C005,173.04,173.04,173
20260804-0944-home2work-19593459794,Morning,C005,C054,19.53,19.53,20
20260804-0944-home2work-19593459794,Morning,C054,C035,0.61,0.61,1
20260804-1859-work2home-19608991543,EveningA,C035,C035,3.75,3.75,4
20260804-1859-work2home-19608991543,EveningA,C035,C006,39.04,39.04,39
20260804-1859-work2home-19608991543,EveningA,C006,C051,182.3,182.3,182
20260804-1859-work2home-19608991543,EveningA,C051,C007,35.29,35.29,36
20260804-1859-work2home-19608991543,EveningA,C007,C008,236.8,236.8,229
20260804-1859-work2home-19608991543,EveningA,C008,C052,59.71,59.71,60
20260804-1859-work2home-19608991543,EveningA,C052,C009,106.07,106.07,106
20260804-1859-work2home-19608991543,EveningA,C009,C053,211.03,211.03,211
20260804-1859-work2home-19608991543,EveningA,C053,C053,3.45,3.45,4
20260804-1859-work2home-19608991543,EveningA,C053,C010,10.65,10.65,10
20260804-1859-work2home-19608991543,EveningA,C010,C010,1.62,1.62,2
20260805-1034-home2work-19609112346,Morning,C041,C041,0.62,0.62,0
20260805-1034-home2work-19609112346,Morning,C041,C041,2.73,2.73,3
20260805-1034-home2work-19609112346,Morning,C041,C041,0.91,0.91,1
20260805-1034-home2work-19609112346,Morning,C041,C002,162.03,162.03,162
20260805-1034-home2work-19609112346,Morning,C002,C069,104.54,104.54,104
20260805-1034-home2work-19609112346,Morning,C069,C042,22.74,22.74,23
20260805-1034-home2work-19609112346,Morning,C042,C046,7.53,7.53,8
20260805-1034-home2work-19609112346,Morning,C046,C003,66.2,66.2,66
20260805-1034-home2work-19609112346,Morning,C003,C070,212.86,212.86,204
20260805-1034-home2work-19609112346,Morning,C070,C004,30.0,30.0,30
20260805-1034-home2work-19609112346,Morning,C004,C043,10.24,10.24,10
20260805-1034-home2work-19609112346,Morning,C043,C047,26.83,26.83,27
20260805-1034-home2work-19609112346,Morning,C047,C005,168.14,168.14,168
20260805-1034-home2work-19609112346,Morning,C005,C035,20.22,20.22,20
20260805-1034-home2work-19609112346,Morning,C035,C054,0.26,0.26,1
20260805-1852-work2home-19615380701,EveningA,C006,C051,217.27,182.27,171
20260805-1852-work2home-19615380701,EveningA,C051,C007,35.02,35.02,26
20260805-1852-work2home-19615380701,EveningA,C007,C008,228.63,228.63,173
20260805-1852-work2home-19615380701,EveningA,C008,C052,58.78,58.78,45
20260805-1852-work2home-19615380701,EveningA,C052,C009,102.09,102.09,85
20260805-1852-work2home-19615380701,EveningA,C009,C053,211.01,211.01,171
20260805-1852-work2home-19615380701,EveningA,C053,C053,4.17,4.17,3
20260805-1852-work2home-19615380701,EveningA,C053,C010,11.66,11.66,8
20260805-1852-work2home-19615380701,EveningA,C010,C010,1.64,1.64,1
20260806-0857-home2work-19622830015,Morning,C001,C041,14.99,14.99,15
20260806-0857-home2work-19622830015,Morning,C041,C041,0.62,0.62,1
20260806-0857-home2work-19622830015,Morning,C041,C041,2.69,2.69,2
20260806-0857-home2work-19622830015,Morning,C041,C041,0.87,0.87,1
20260806-0857-home2work-19622830015,Morning,C041,C002,162.66,162.66,163
20260806-0857-home2work-19622830015,Morning,C002,C069,105.33,105.33,105
20260806-0857-home2work-19622830015,Morning,C069,C042,23.38,23.38,24
20260806-0857-home2work-19622830015,Morning,C042,C046,7.47,7.47,7
20260806-0857-home2work-19622830015,Morning,C046,C003,65.85,65.85,66
20260806-0857-home2work-19622830015,Morning,C003,C070,210.54,210.54,201
20260806-0857-home2work-19622830015,Morning,C070,C004,29.72,29.72,30
20260806-0857-home2work-19622830015,Morning,C004,C043,10.46,10.46,11
20260806-0857-home2work-19622830015,Morning,C043,C047,27.08,27.08,27
20260806-0857-home2work-19622830015,Morning,C047,C005,167.66,167.66,167
20260806-0857-home2work-19622830015,Morning,C005,C035,20.96,20.96,21
20260806-0857-home2work-19622830015,Morning,C035,C054,0.16,0.16,0
20260806-1516-work2home-19627136592,EveningA,C035,C035,3.6,3.6,4
20260806-1516-work2home-19627136592,EveningA,C035,C006,36.9,36.9,36
20260806-1516-work2home-19627136592,EveningA,C006,C051,170.35,170.35,171
20260806-1516-work2home-19627136592,EveningA,C051,C007,35.1,35.1,35
20260806-1516-work2home-19627136592,EveningA,C007,C008,228.67,228.67,219
20260806-1516-work2home-19627136592,EveningA,C008,C052,57.64,57.64,57
20260806-1516-work2home-19627136592,EveningA,C052,C009,100.86,100.86,101
20260806-1516-work2home-19627136592,EveningA,C009,C053,205.94,205.94,206
20260806-1516-work2home-19627136592,EveningA,C053,C053,3.35,3.35,3
20260806-1516-work2home-19627136592,EveningA,C053,C010,10.43,10.43,11
20260806-1516-work2home-19627136592,EveningA,C010,C010,1.6,1.6,1
20260807-1732-home2work-19642526095,Morning,C001,C041,15.1,15.1,15
20260807-1732-home2work-19642526095,Morning,C041,C041,0.63,0.63,1
20260807-1732-home2work-19642526095,Morning,C041,C041,2.72,2.72,3
20260807-1732-home2work-19642526095,Morning,C041,C041,0.9,0.9,1
20260807-1732-home2work-19642526095,Morning,C041,C002,166.06,166.06,166
20260807-1732-home2work-19642526095,Morning,C002,C069,105.43,105.43,105
20260807-1732-home2work-19642526095,Morning,C069,C042,22.83,22.83,23
20260807-1732-home2work-19642526095,Morning,C042,C046,7.6,7.6,8
20260807-1732-home2work-19642526095,Morning,C046,C003,65.82,65.82,65
20260807-1732-home2work-19642526095,Morning,C003,C070,210.64,210.64,211
20260807-1732-home2work-19642526095,Morning,C070,C004,29.44,29.44,29
20260807-1732-home2work-19642526095,Morning,C004,C043,10.66,10.66,11
20260807-1732-home2work-19642526095,Morning,C043,C047,25.9,25.9,26
20260807-1732-home2work-19642526095,Morning,C047,C005,164.97,164.97,165
20260807-1732-home2work-19642526095,Morning,C005,C035,18.38,18.38,18
20260807-1732-home2work-19642526095,Morning,C035,C054,0.35,0.35,1
20260807-1847-work2home-19643453356,EveningA,C006,C051,176.84,176.84,176
20260807-1847-work2home-19643453356,EveningA,C051,C007,34.02,34.02,34
20260807-1847-work2home-19643453356,EveningA,C007,C008,228.87,228.87,218
20260807-1847-work2home-19643453356,EveningA,C008,C052,57.45,57.45,58
20260807-1847-work2home-19643453356,EveningA,C052,C009,99.9,99.9,100
20260807-1847-work2home-19643453356,EveningA,C009,C053,205.65,205.65,205
20260807-1847-work2home-19643453356,EveningA,C053,C053,3.49,3.49,4
20260807-1847-work2home-19643453356,EveningA,C053,C010,12.17,12.17,12
20260807-1847-work2home-19643453356,EveningA,C010,C010,1.93,1.93,2
20260808-0848-home2work-19649577531,Morning,C001,C041,16.07,16.07,16
20260808-0848-home2work-19649577531,Morning,C041,C041,0.68,0.68,1
20260808-0848-home2work-19649577531,Morning,C041,C041,2.98,2.98,3
20260808-0848-home2work-19649577531,Morning,C041,C041,0.99,0.99,1
20260808-0848-home2work-19649577531,Morning,C041,C002,160.75,160.75,160
20260808-0848-home2work-19649577531,Morning,C002,C069,104.71,104.71,105
20260808-0848-home2work-19649577531,Morning,C069,C042,23.0,23.0,23
20260808-0848-home2work-19649577531,Morning,C042,C046,7.53,7.53,8
20260808-0848-home2work-19649577531,Morning,C046,C003,66.14,66.14,66
20260808-0848-home2work-19649577531,Morning,C003,C070,207.32,207.32,199
20260808-0848-home2work-19649577531,Morning,C070,C004,30.26,30.26,30
20260808-0848-home2work-19649577531,Morning,C004,C043,10.14,10.14,10
20260808-0848-home2work-19649577531,Morning,C043,C047,25.64,25.64,26
20260808-0848-home2work-19649577531,Morning,C047,C005,160.46,160.46,161
20260808-0848-home2work-19649577531,Morning,C005,C035,17.07,17.07,17
20260808-0848-home2work-19649577531,Morning,C035,C054,0.62,0.62,0
20260808-1955-work2home-19658451877,EveningA,C035,C035,2.37,2.37,2
20260808-1955-work2home-19658451877,EveningA,C035,C006,41.01,41.01,41
20260808-1955-work2home-19658451877,EveningA,C006,C051,177.67,177.67,178
20260808-1955-work2home-19658451877,EveningA,C051,C007,34.27,34.27,34
20260808-1955-work2home-19658451877,EveningA,C007,C008,228.82,228.82,220
20260808-1955-work2home-19658451877,EveningA,C008,C052,58.36,58.36,58
20260808-1955-work2home-19658451877,EveningA,C052,C009,101.86,101.86,102
20260808-1955-work2home-19658451877,EveningA,C009,C053,202.24,202.24,202
20260808-1955-work2home-19658451877,EveningA,C053,C053,3.29,3.29,3
20260808-1955-work2home-19658451877,EveningA,C053,C010,10.09,10.09,11
20260808-1955-work2home-19658451877,EveningA,C010,C010,1.55,1.55,1
20260809-1900-work2home-19677298540,EveningB,C035,C035,3.92,3.92,4
20260809-1900-work2home-19677298540,EveningB,C035,C011,24.65,24.65,19
20260809-1900-work2home-19677298540,EveningB,C011,C012,217.62,217.62,182
20260809-1900-work2home-19677298540,EveningB,C012,C075,35.94,35.94,36
20260809-1900-work2home-19677298540,EveningB,C075,C068,105.84,105.84,105
20260809-1900-work2home-19677298540,EveningB,C068,C013,70.17,70.17,69
20260809-1900-work2home-19677298540,EveningB,C013,C076,141.61,141.61,141
20260809-1900-work2home-19677298540,EveningB,C076,C014,50.22,50.22,48
20260809-1900-work2home-19677298540,EveningB,C014,C014,2.05,2.05,1
20260809-1900-work2home-19677298540,EveningB,C014,C015,181.09,181.09,170
20260809-1900-work2home-19677298540,EveningB,C015,C053,43.42,43.42,38
20260809-1900-work2home-19677298540,EveningB,C053,C053,3.55,3.55,3
20260809-1900-work2home-19677298540,EveningB,C053,C010,10.78,10.78,11
20260809-1900-work2home-19677298540,EveningB,C010,C010,1.6,1.6,1
20260810-0923-home2work-19677438031,Morning,C001,C041,16.16,16.16,16
20260810-0923-home2work-19677438031,Morning,C041,C041,0.69,0.69,1
20260810-0923-home2work-19677438031,Morning,C041,C041,2.86,2.86,3
20260810-0923-home2work-19677438031,Morning,C041,C041,0.89,0.89,1
20260810-0923-home2work-19677438031,Morning,C041,C002,166.46,166.46,165
20260810-0923-home2work-19677438031,Morning,C002,C069,107.43,107.43,108
20260810-0923-home2work-19677438031,Morning,C069,C042,23.94,23.94,24
20260810-0923-home2work-19677438031,Morning,C042,C046,7.68,7.68,7
20260810-0923-home2work-19677438031,Morning,C046,C003,66.04,66.04,66
20260810-0923-home2work-19677438031,Morning,C003,C070,208.11,208.11,208
20260810-0923-home2work-19677438031,Morning,C070,C004,30.44,30.44,31
20260810-0923-home2work-19677438031,Morning,C004,C043,10.31,10.31,10
20260810-0923-home2work-19677438031,Morning,C043,C047,26.12,26.12,26
20260810-0923-home2work-19677438031,Morning,C047,C005,168.56,168.56,169
20260810-0923-home2work-19677438031,Morning,C005,C054,19.54,19.54,19
20260810-0923-home2work-19677438031,Morning,C054,C035,1.24,1.24,2
20260811-0828-home2work-19691203692,Morning,C001,C041,14.95,14.95,15
20260811-0828-home2work-19691203692,Morning,C041,C041,0.63,0.63,0
20260811-0828-home2work-19691203692,Morning,C041,C041,2.68,2.68,3
20260811-0828-home2work-19691203692,Morning,C041,C041,0.87,0.87,1
20260811-0828-home2work-19691203692,Morning,C041,C002,166.12,166.12,166
20260811-0828-home2work-19691203692,Morning,C002,C069,108.67,108.67,109
20260811-0828-home2work-19691203692,Morning,C069,C042,23.67,23.67,23
20260811-0828-home2work-19691203692,Morning,C042,C046,7.83,7.83,8
20260811-0828-home2work-19691203692,Morning,C046,C003,66.88,66.88,67
20260811-0828-home2work-19691203692,Morning,C003,C070,207.24,207.24,198
20260811-0828-home2work-19691203692,Morning,C070,C004,29.57,29.57,30
20260811-0828-home2work-19691203692,Morning,C004,C043,10.17,10.17,10
20260811-0828-home2work-19691203692,Morning,C043,C047,26.0,26.0,26
20260811-0828-home2work-19691203692,Morning,C047,C005,170.6,170.6,171
20260811-0828-home2work-19691203692,Morning,C005,C054,17.39,17.39,17
20260811-0828-home2work-19691203692,Morning,C054,C035,0.13,0.13,0
20260812-1445-home2work-19710858960,Morning,C001,C041,15.29,15.29,15
20260812-1445-home2work-19710858960,Morning,C041,C041,0.64,0.64,1
20260812-1445-home2work-19710858960,Morning,C041,C041,2.7,2.7,3
20260812-1445-home2work-19710858960,Morning,C041,C041,0.86,0.86,0
20260812-1445-home2work-19710858960,Morning,C041,C002,169.39,169.39,170
20260812-1445-home2work-19710858960,Morning,C002,C069,108.5,108.5,108
20260812-1445-home2work-19710858960,Morning,C069,C042,23.49,23.49,24
20260812-1445-home2work-19710858960,Morning,C042,C046,7.81,7.81,8
20260812-1445-home2work-19710858960,Morning,C046,C003,66.74,66.74,66
20260812-1445-home2work-19710858960,Morning,C003,C070,212.7,212.7,212
20260812-1445-home2work-19710858960,Morning,C070,C004,31.61,31.61,32
20260812-1445-home2work-19710858960,Morning,C004,C043,10.43,10.43,10
20260812-1445-home2work-19710858960,Morning,C043,C047,26.94,26.94,27
20260812-1445-home2work-19710858960,Morning,C047,C005,166.09,166.09,166
20260813-0831-home2work-19720913908,Morning,C001,C041,17.11,17.11,17
20260813-0831-home2work-19720913908,Morning,C041,C041,0.72,0.72,1
20260813-0831-home2work-19720913908,Morning,C041,C041,3.09,3.09,3
20260813-0831-home2work-19720913908,Morning,C041,C041,1.01,1.01,1
20260813-0831-home2work-19720913908,Morning,C041,C002,178.9,178.9,179
20260813-0831-home2work-19720913908,Morning,C002,C069,113.83,113.83,114
20260813-0831-home2work-19720913908,Morning,C069,C042,25.22,25.22,25
20260813-0831-home2work-19720913908,Morning,C042,C046,8.07,8.07,8
20260813-0831-home2work-19720913908,Morning,C046,C003,71.05,71.05,71
20260813-0831-home2work-19720913908,Morning,C003,C070,227.63,227.63,227
20260813-0831-home2work-19720913908,Morning,C070,C004,33.11,33.11,33
20260813-0831-home2work-19720913908,Morning,C004,C043,11.33,11.33,11
20260813-0831-home2work-19720913908,Morning,C043,C047,27.23,27.23,28
20260813-0831-home2work-19720913908,Morning,C047,C005,184.65,184.65,184
20260813-0831-home2work-19720913908,Morning,C005,C035,20.98,20.98,21
20260813-0831-home2work-19720913908,Morning,C035,C054,0.21,0.21,0
20260813-1618-work2home-19726172105,EveningA,C035,C035,3.65,3.65,4
20260813-1618-work2home-19726172105,EveningA,C035,C011,28.95,28.95,29
20260813-1618-work2home-19726172105,EveningA,C011,C051,248.41,229.41,246
20260813-1618-work2home-19726172105,EveningA,C051,C007,37.37,37.37,38
20260813-1618-work2home-19726172105,EveningA,C007,C008,240.58,240.58,229
20260813-1618-work2home-19726172105,EveningA,C008,C052,61.97,61.97,62
20260813-1618-work2home-19726172105,EveningA,C052,C009,105.86,105.86,106
20260813-1618-work2home-19726172105,EveningA,C009,C053,212.48,212.48,213
20260813-1618-work2home-19726172105,EveningA,C053,C053,3.39,3.39,3
20260813-1618-work2home-19726172105,EveningA,C053,C010,10.9,10.9,11
20260813-1618-work2home-19726172105,EveningA,C010,C010,1.56,1.56,1
