ride,track,gateId,clusterId,t_iso,kind,angle_deg,speed_kmh,own_route
20260413-1647-work2home-18092213095,EveningA,StationWorkAlt:FINISH,C035,2026-04-13T14:47:32.324Z,valid,1.45,20.72,False
20260413-1647-work2home-18092213095,EveningA,WorkChurchB:START,C035,2026-04-13T14:47:35.726Z,valid,11.06,23.28,False
20260413-1647-work2home-18092213095,EveningA,EveningB:START,C011,2026-04-13T14:48:02.148Z,valid,5.8,16.79,False
20260413-1647-work2home-18092213095,EveningA,MorningB:FINISH,C020,2026-04-13T14:48:02.149Z,wrong_direction,174.08,16.79,False
20260413-1647-work2home-18092213095,EveningA,HomeStationViaFosh:G2,C047,2026-04-13T14:51:12.932Z,wrong_direction,178.65,25.54,False
20260413-1647-work2home-18092213095,EveningA,HomeStationPreferred:G2,C043,2026-04-13T14:51:38.713Z,wrong_direction,152.4,19.45,False
20260413-1647-work2home-18092213095,EveningA,StationHomePreferred:G2,C051,2026-04-13T14:51:38.848Z,valid,29.98,19.45,False
20260413-1647-work2home-18092213095,EveningA,Morning:G3,C004,2026-04-13T14:51:50.234Z,wrong_direction,175.1,23.27,False
20260413-1647-work2home-18092213095,EveningA,EveningA:G1,C007,2026-04-13T14:52:13.408Z,valid,2.6,23.58,True
20260413-1647-work2home-18092213095,EveningA,HomeFosh:G2,C070,2026-04-13T14:52:19.207Z,wrong_direction,172.49,21.45,False
20260413-1647-work2home-18092213095,EveningA,Morning:G2,C003,2026-04-13T14:55:49.126Z,wrong_direction,174.69,30.02,False
20260413-1647-work2home-18092213095,EveningA,EveningA:G2,C008,2026-04-13T14:56:03.795Z,valid,1.61,24.36,True
20260413-1647-work2home-18092213095,EveningA,HomeStationViaFosh:G1,C046,2026-04-13T14:56:55.611Z,wrong_direction,179.21,24.77,False
20260413-1647-work2home-18092213095,EveningA,StationHomePreferred:G3,C052,2026-04-13T14:57:02.152Z,valid,1.33,23.87,False
20260413-1647-work2home-18092213095,EveningA,HomeStationPreferred:G1,C042,2026-04-13T14:57:03.165Z,wrong_direction,175.7,24.13,False
20260413-1647-work2home-18092213095,EveningA,HomeFosh:G1,C069,2026-04-13T14:57:26.316Z,wrong_direction,172.9,19.63,False
20260413-1647-work2home-18092213095,EveningA,EveningA:G3,C009,2026-04-13T14:58:43.323Z,valid,4.6,23.27,True
20260413-1647-work2home-18092213095,EveningA,Morning:G1,C002,2026-04-13T14:59:13.220Z,wrong_direction,179.27,23.46,False
20260413-1647-work2home-18092213095,EveningA,HomeStationPreferred:START,C041,2026-04-13T15:02:08.002Z,wrong_direction,177.46,42.14,False
20260413-1647-work2home-18092213095,EveningA,HomeChurch:START,C041,2026-04-13T15:02:08.521Z,wrong_direction,176.71,42.14,False
20260413-1647-work2home-18092213095,EveningA,HomeFosh:START,C041,2026-04-13T15:02:11.166Z,wrong_direction,178.42,21.88,False
20260413-1647-work2home-18092213095,EveningA,HomeStationViaFosh:START,C041,2026-04-13T15:02:11.869Z,wrong_direction,179.22,21.88,False
20260413-1647-work2home-18092213095,EveningA,StationHomePreferred:FINISH,C053,2026-04-13T15:02:14.673Z,valid,4.61,22.93,False
20260413-1647-work2home-18092213095,EveningA,FoshHome:FINISH,C053,2026-04-13T15:02:18.132Z,valid,1.85,22.39,False
20260413-1647-work2home-18092213095,EveningA,Morning:START,C001,2026-04-13T15:02:27.967Z,wrong_direction,177.88,22.71,False
20260413-1647-work2home-18092213095,EveningA,EveningA:FINISH,C010,2026-04-13T15:02:28.753Z,valid,4.44,22.19,True
20260413-1647-work2home-18092213095,EveningA,ChurchHome:FINISH,C010,2026-04-13T15:02:30.382Z,valid,2.63,19.85,False
20260414-0847-home2work-18100665582,Morning,ChurchHome:FINISH,C010,2026-04-14T06:48:22.742Z,wrong_direction,175.45,19.35,False
20260414-0847-home2work-18100665582,Morning,EveningA:FINISH,C010,2026-04-14T06:48:24.309Z,wrong_direction,173.7,23.17,False
20260414-0847-home2work-18100665582,Morning,Morning:START,C001,2026-04-14T06:48:25.027Z,valid,0.67,23.42,True
20260414-0847-home2work-18100665582,Morning,FoshHome:FINISH,C053,2026-04-14T06:48:34.435Z,wrong_direction,179.91,24.0,False
20260414-0847-home2work-18100665582,Morning,StationHomePreferred:FINISH,C053,2026-04-14T06:48:37.616Z,wrong_direction,178.75,24.38,False
20260414-0847-home2work-18100665582,Morning,HomeStationViaFosh:START,C041,2026-04-14T06:48:40.220Z,valid,4.0,24.55,False
20260414-0847-home2work-18100665582,Morning,HomeFosh:START,C041,2026-04-14T06:48:40.858Z,valid,4.8,24.55,False
20260414-0847-home2work-18100665582,Morning,HomeChurch:START,C041,2026-04-14T06:48:43.570Z,valid,2.54,24.77,False
20260414-0847-home2work-18100665582,Morning,HomeStationPreferred:START,C041,2026-04-14T06:48:44.456Z,valid,1.1,25.02,False
20260414-0847-home2work-18100665582,Morning,Morning:G1,C002,2026-04-14T06:51:29.224Z,valid,0.05,24.72,True
20260414-0847-home2work-18100665582,Morning,EveningA:G3,C009,2026-04-14T06:51:58.591Z,wrong_direction,179.21,23.47,False
20260414-0847-home2work-18100665582,Morning,HomeFosh:G1,C069,2026-04-14T06:53:14.613Z,valid,9.81,23.15,False
20260414-0847-home2work-18100665582,Morning,HomeStationPreferred:G1,C042,2026-04-14T06:53:37.428Z,valid,1.66,24.62,False
20260414-0847-home2work-18100665582,Morning,StationHomePreferred:G3,C052,2026-04-14T06:53:38.412Z,wrong_direction,177.61,24.57,False
20260414-0847-home2work-18100665582,Morning,HomeStationViaFosh:G1,C046,2026-04-14T06:53:44.816Z,valid,0.66,24.91,False
20260414-0847-home2work-18100665582,Morning,EveningA:G2,C008,2026-04-14T06:54:35.053Z,wrong_direction,178.09,22.79,False
20260414-0847-home2work-18100665582,Morning,Morning:G2,C003,2026-04-14T06:54:49.846Z,valid,0.0,25.01,True
20260414-0847-home2work-18100665582,Morning,HomeFosh:G2,C070,2026-04-14T06:58:15.648Z,valid,0.9,27.27,False
20260414-0847-home2work-18100665582,Morning,EveningA:G1,C007,2026-04-14T06:58:22.221Z,wrong_direction,174.45,23.44,False
20260414-0847-home2work-18100665582,Morning,Morning:G3,C004,2026-04-14T06:58:46.306Z,valid,3.23,28.11,True
20260414-0847-home2work-18100665582,Morning,StationHomePreferred:G2,C051,2026-04-14T06:58:56.687Z,wrong_direction,129.36,21.28,False
20260414-0847-home2work-18100665582,Morning,HomeStationPreferred:G2,C043,2026-04-14T06:58:56.859Z,valid,48.26,21.28,False
20260414-0847-home2work-18100665582,Morning,HomeStationViaFosh:G2,C047,2026-04-14T06:59:22.236Z,valid,0.66,24.55,False
20260414-0847-home2work-18100665582,Morning,EveningA:START,C006,2026-04-14T07:01:47.556Z,wrong_direction,165.0,24.67,False
20260414-0847-home2work-18100665582,Morning,Morning:FINISH,C005,2026-04-14T07:02:03.635Z,valid,2.52,19.41,True
20260414-0847-home2work-18100665582,Morning,WorkChurchB:START,C035,2026-04-14T07:02:22.162Z,valid,59.15,20.14,False
20260414-0847-home2work-18100665582,Morning,WorkChurchA:START,C054,2026-04-14T07:02:22.655Z,valid,0.03,20.14,False
20260414-0847-home2work-18100665582,Morning,WorkChurchB:START,C035,2026-04-14T07:02:30.562Z,wrong_direction,165.27,20.29,False
20260414-0847-home2work-18100665582,Morning,StationWorkAlt:FINISH,C035,2026-04-14T07:02:33.363Z,wrong_direction,178.58,20.05,False
20260414-1604-work2home-18114423397,EveningB,StationWorkAlt:FINISH,C035,2026-04-14T14:04:48.976Z,valid,34.54,23.18,False
20260414-1604-work2home-18114423397,EveningB,WorkChurchB:START,C035,2026-04-14T14:05:07.198Z,valid,11.4,10.68,False
20260414-1604-work2home-18114423397,EveningB,MorningB:FINISH,C020,2026-04-14T14:05:32.668Z,wrong_direction,178.03,31.31,False
20260414-1604-work2home-18114423397,EveningB,EveningB:START,C011,2026-04-14T14:05:32.669Z,valid,1.84,31.31,True
20260414-1604-work2home-18114423397,EveningB,EveningB:G1,C012,2026-04-14T14:12:08.002Z,valid,0.62,26.27,True
20260414-1604-work2home-18114423397,EveningB,MorningB:G3,C019,2026-04-14T14:12:08.004Z,wrong_direction,179.76,26.27,False
20260414-1604-work2home-18114423397,EveningB,FoshHome:G2,C075,2026-04-14T14:12:41.571Z,valid,0.67,23.24,False
20260414-1604-work2home-18114423397,EveningB,ChurchHome:G2,C068,2026-04-14T14:14:19.234Z,valid,2.68,23.15,False
20260414-1604-work2home-18114423397,EveningB,EveningB:G2,C013,2026-04-14T14:15:23.812Z,valid,0.04,24.38,True
20260414-1604-work2home-18114423397,EveningB,MorningB:G2,C018,2026-04-14T14:15:23.812Z,wrong_direction,179.96,24.38,False
20260414-1604-work2home-18114423397,EveningB,EveningB:FINISH,C015,2026-04-14T14:22:44.772Z,valid,0.98,22.0,True
20260414-1604-work2home-18114423397,EveningB,HomeStationPreferred:START,C041,2026-04-14T14:23:19.267Z,wrong_direction,178.72,23.89,False
20260414-1604-work2home-18114423397,EveningB,HomeChurch:START,C041,2026-04-14T14:23:20.184Z,wrong_direction,176.03,23.62,False
20260414-1604-work2home-18114423397,EveningB,HomeFosh:START,C041,2026-04-14T14:23:22.993Z,wrong_direction,179.87,23.74,False
20260414-1604-work2home-18114423397,EveningB,HomeStationViaFosh:START,C041,2026-04-14T14:23:23.650Z,wrong_direction,178.72,23.44,False
20260414-1604-work2home-18114423397,EveningB,StationHomePreferred:FINISH,C053,2026-04-14T14:23:26.407Z,valid,2.17,21.74,False
20260414-1604-work2home-18114423397,EveningB,FoshHome:FINISH,C053,2026-04-14T14:23:30.334Z,valid,4.46,20.43,False
20260414-1604-work2home-18114423397,EveningB,Morning:START,C001,2026-04-14T14:23:40.557Z,wrong_direction,178.95,22.97,False
20260414-1604-work2home-18114423397,EveningB,EveningA:FINISH,C010,2026-04-14T14:23:41.311Z,valid,5.07,23.74,False
20260414-1604-work2home-18114423397,EveningB,ChurchHome:FINISH,C010,2026-04-14T14:23:42.833Z,valid,3.97,22.0,False
20260417-0900-home2work-18141432550,Morning,ChurchHome:FINISH,C010,2026-04-17T07:01:08.309Z,wrong_direction,179.09,23.92,False
20260417-0900-home2work-18141432550,Morning,EveningA:FINISH,C010,2026-04-17T07:01:09.704Z,wrong_direction,177.95,24.02,False
20260417-0900-home2work-18141432550,Morning,Morning:START,C001,2026-04-17T07:01:10.438Z,valid,0.58,22.19,True
20260417-0900-home2work-18141432550,Morning,FoshHome:FINISH,C053,2026-04-17T07:01:19.554Z,wrong_direction,179.21,25.36,False
20260417-0900-home2work-18141432550,Morning,StationHomePreferred:FINISH,C053,2026-04-17T07:01:22.621Z,wrong_direction,178.92,26.12,False
20260417-0900-home2work-18141432550,Morning,HomeStationViaFosh:START,C041,2026-04-17T07:01:25.139Z,valid,0.26,25.1,False
20260417-0900-home2work-18141432550,Morning,HomeFosh:START,C041,2026-04-17T07:01:25.758Z,valid,1.05,25.1,False
20260417-0900-home2work-18141432550,Morning,HomeChurch:START,C041,2026-04-17T07:01:28.399Z,valid,0.96,26.38,False
20260417-0900-home2work-18141432550,Morning,HomeStationPreferred:START,C041,2026-04-17T07:01:29.230Z,valid,0.57,26.57,False
20260417-0900-home2work-18141432550,Morning,Morning:G1,C002,2026-04-17T07:04:09.958Z,valid,2.74,25.24,True
20260417-0900-home2work-18141432550,Morning,EveningA:G3,C009,2026-04-17T07:04:38.489Z,wrong_direction,175.42,24.37,False
20260417-0900-home2work-18141432550,Morning,HomeFosh:G1,C069,2026-04-17T07:05:52.990Z,valid,8.51,24.32,False
20260417-0900-home2work-18141432550,Morning,HomeStationPreferred:G1,C042,2026-04-17T07:06:15.449Z,valid,0.17,23.62,False
20260417-0900-home2work-18141432550,Morning,StationHomePreferred:G3,C052,2026-04-17T07:06:16.457Z,wrong_direction,177.61,24.57,False
20260417-0900-home2work-18141432550,Morning,HomeStationViaFosh:G1,C046,2026-04-17T07:06:22.935Z,valid,1.8,25.47,False
20260417-0900-home2work-18141432550,Morning,EveningA:G2,C008,2026-04-17T07:07:14.085Z,wrong_direction,173.9,27.87,False
20260417-0900-home2work-18141432550,Morning,Morning:G2,C003,2026-04-17T07:07:28.820Z,valid,2.59,24.6,True
20260417-0900-home2work-18141432550,Morning,HomeFosh:G2,C070,2026-04-17T07:11:04.291Z,valid,12.14,20.09,False
20260417-0900-home2work-18141432550,Morning,EveningA:G1,C007,2026-04-17T07:11:10.492Z,wrong_direction,179.33,32.3,False
20260417-0900-home2work-18141432550,Morning,Morning:G3,C004,2026-04-17T07:11:34.432Z,valid,2.02,39.51,True
20260417-0900-home2work-18141432550,Morning,StationHomePreferred:G2,C051,2026-04-17T07:11:43.154Z,wrong_direction,124.12,27.11,False
20260417-0900-home2work-18141432550,Morning,HomeStationPreferred:G2,C043,2026-04-17T07:11:43.350Z,valid,53.5,27.11,False
20260417-0900-home2work-18141432550,Morning,HomeStationViaFosh:G2,C047,2026-04-17T07:12:09.503Z,valid,1.28,24.46,False
20260417-0900-home2work-18141432550,Morning,EveningA:START,C006,2026-04-17T07:14:36.845Z,wrong_direction,159.83,24.77,False
20260417-0900-home2work-18141432550,Morning,Morning:FINISH,C005,2026-04-17T07:14:53.585Z,valid,3.43,19.02,True
20260417-0900-home2work-18141432550,Morning,WorkChurchA:START,C054,2026-04-17T07:15:14.733Z,valid,1.73,5.71,False
20260417-0900-home2work-18141432550,Morning,WorkChurchB:START,C035,2026-04-17T07:15:15.254Z,valid,58.69,15.59,False
20260417-0900-home2work-18141432550,Morning,WorkChurchB:START,C035,2026-04-17T07:15:19.527Z,wrong_direction,177.6,18.68,False
20260417-0900-home2work-18141432550,Morning,StationWorkAlt:FINISH,C035,2026-04-17T07:15:23.361Z,wrong_direction,175.36,21.28,False
20260422-0854-home2work-18208007128,Morning,ChurchHome:FINISH,C010,2026-04-22T06:54:24.921Z,wrong_direction,171.83,21.28,False
20260422-0854-home2work-18208007128,Morning,EveningA:FINISH,C010,2026-04-22T06:54:26.652Z,wrong_direction,177.15,21.04,False
20260422-0854-home2work-18208007128,Morning,Morning:START,C001,2026-04-22T06:54:27.463Z,valid,3.11,21.7,True
20260422-0854-home2work-18208007128,Morning,FoshHome:FINISH,C053,2026-04-22T06:54:38.242Z,wrong_direction,178.52,14.56,False
20260422-0854-home2work-18208007128,Morning,StationHomePreferred:FINISH,C053,2026-04-22T06:54:42.657Z,wrong_direction,176.15,21.07,False
20260422-0854-home2work-18208007128,Morning,HomeStationViaFosh:START,C041,2026-04-22T06:54:45.547Z,valid,0.78,21.88,False
20260422-0854-home2work-18208007128,Morning,HomeFosh:START,C041,2026-04-22T06:54:46.234Z,valid,2.78,23.71,False
20260422-0854-home2work-18208007128,Morning,HomeChurch:START,C041,2026-04-22T06:54:49.061Z,valid,0.59,23.81,False
20260422-0854-home2work-18208007128,Morning,HomeStationPreferred:START,C041,2026-04-22T06:54:49.981Z,valid,0.16,23.81,False
20260422-0854-home2work-18208007128,Morning,Morning:G1,C002,2026-04-22T06:57:44.965Z,valid,0.03,22.68,True
20260422-0854-home2work-18208007128,Morning,EveningA:G3,C009,2026-04-22T06:58:16.075Z,wrong_direction,176.33,21.82,False
20260422-0854-home2work-18208007128,Morning,HomeFosh:G1,C069,2026-04-22T06:59:36.529Z,valid,1.56,25.22,False
20260422-0854-home2work-18208007128,Morning,HomeStationPreferred:G1,C042,2026-04-22T06:59:59.762Z,valid,1.27,24.32,False
20260422-0854-home2work-18208007128,Morning,StationHomePreferred:G3,C052,2026-04-22T07:00:00.794Z,wrong_direction,179.8,23.17,False
20260422-0854-home2work-18208007128,Morning,HomeStationViaFosh:G1,C046,2026-04-22T07:00:07.570Z,valid,1.41,22.73,False
20260422-0854-home2work-18208007128,Morning,EveningA:G2,C008,2026-04-22T07:00:59.685Z,wrong_direction,166.66,27.98,False
20260422-0854-home2work-18208007128,Morning,Morning:G2,C003,2026-04-22T07:01:14.185Z,valid,1.45,25.54,True
20260422-0854-home2work-18208007128,Morning,HomeFosh:G2,C070,2026-04-22T07:04:45.334Z,valid,1.92,24.74,False
20260422-0854-home2work-18208007128,Morning,EveningA:G1,C007,2026-04-22T07:04:51.546Z,wrong_direction,173.11,26.16,False
20260422-0854-home2work-18208007128,Morning,Morning:G3,C004,2026-04-22T07:05:15.336Z,valid,2.56,21.43,True
20260422-0854-home2work-18208007128,Morning,StationHomePreferred:G2,C051,2026-04-22T07:05:26.164Z,wrong_direction,160.46,23.27,False
20260422-0854-home2work-18208007128,Morning,HomeStationPreferred:G2,C043,2026-04-22T07:05:26.265Z,valid,17.16,23.27,False
20260422-0854-home2work-18208007128,Morning,HomeStationViaFosh:G2,C047,2026-04-22T07:05:52.034Z,valid,0.81,23.99,False
20260422-0854-home2work-18208007128,Morning,EveningA:START,C006,2026-04-22T07:08:27.641Z,wrong_direction,160.54,22.98,False
20260422-0854-home2work-18208007128,Morning,Morning:FINISH,C005,2026-04-22T07:08:45.736Z,valid,23.91,16.21,True
20260422-0854-home2work-18208007128,Morning,WorkChurchB:START,C035,2026-04-22T07:09:05.551Z,valid,65.02,17.41,False
20260422-0854-home2work-18208007128,Morning,WorkChurchA:START,C054,2026-04-22T07:09:05.826Z,valid,5.89,17.41,False
20260422-0854-home2work-18208007128,Morning,WorkChurchB:START,C035,2026-04-22T07:09:13.537Z,wrong_direction,170.78,16.6,False
20260422-0854-home2work-18208007128,Morning,StationWorkAlt:FINISH,C035,2026-04-22T07:09:16.609Z,wrong_direction,178.82,21.36,False
20260423-1616-work2home-18226378045,EveningA,StationWorkAlt:FINISH,C035,2026-04-23T14:16:31.903Z,valid,28.78,31.95,False
20260423-1616-work2home-18226378045,EveningA,WorkChurchB:START,C035,2026-04-23T14:16:36.256Z,valid,22.06,17.08,False
20260423-1616-work2home-18226378045,EveningA,WorkChurchA:START,C054,2026-04-23T14:16:43.013Z,wrong_direction,158.69,28.96,False
20260423-1616-work2home-18226378045,EveningA,WorkChurchB:START,C035,2026-04-23T14:16:44.523Z,wrong_direction,110.16,25.52,False
20260423-1616-work2home-18226378045,EveningA,Morning:FINISH,C005,2026-04-23T14:17:00.340Z,wrong_direction,175.2,23.45,False
20260423-1616-work2home-18226378045,EveningA,EveningA:START,C006,2026-04-23T14:17:16.651Z,valid,16.37,27.74,True
20260423-1616-work2home-18226378045,EveningA,HomeStationViaFosh:G2,C047,2026-04-23T14:19:59.310Z,wrong_direction,179.59,24.78,False
20260423-1616-work2home-18226378045,EveningA,HomeStationPreferred:G2,C043,2026-04-23T14:20:25.142Z,wrong_direction,150.05,18.15,False
20260423-1616-work2home-18226378045,EveningA,StationHomePreferred:G2,C051,2026-04-23T14:20:25.314Z,valid,32.33,18.15,False
20260423-1616-work2home-18226378045,EveningA,Morning:G3,C004,2026-04-23T14:20:37.131Z,wrong_direction,177.07,20.43,False
20260423-1616-work2home-18226378045,EveningA,EveningA:G1,C007,2026-04-23T14:21:01.005Z,valid,6.16,22.53,True
20260423-1616-work2home-18226378045,EveningA,HomeFosh:G2,C070,2026-04-23T14:21:07.480Z,wrong_direction,170.54,27.15,False
20260423-1616-work2home-18226378045,EveningA,Morning:G2,C003,2026-04-23T14:24:44.823Z,wrong_direction,179.11,23.78,False
20260423-1616-work2home-18226378045,EveningA,EveningA:G2,C008,2026-04-23T14:25:00.062Z,valid,1.02,21.34,True
20260423-1616-work2home-18226378045,EveningA,HomeStationViaFosh:G1,C046,2026-04-23T14:25:53.190Z,wrong_direction,179.75,23.42,False
20260423-1616-work2home-18226378045,EveningA,StationHomePreferred:G3,C052,2026-04-23T14:26:00.090Z,valid,0.58,22.93,False
20260423-1616-work2home-18226378045,EveningA,HomeStationPreferred:G1,C042,2026-04-23T14:26:01.149Z,wrong_direction,177.02,22.66,False
20260423-1616-work2home-18226378045,EveningA,HomeFosh:G1,C069,2026-04-23T14:26:26.153Z,wrong_direction,165.48,21.02,False
20260423-1616-work2home-18226378045,EveningA,EveningA:G3,C009,2026-04-23T14:27:48.103Z,valid,2.63,24.14,True
20260423-1616-work2home-18226378045,EveningA,Morning:G1,C002,2026-04-23T14:28:17.124Z,wrong_direction,179.46,24.41,False
20260423-1616-work2home-18226378045,EveningA,HomeStationPreferred:START,C041,2026-04-23T14:31:06.105Z,wrong_direction,179.04,23.74,False
20260423-1616-work2home-18226378045,EveningA,HomeChurch:START,C041,2026-04-23T14:31:07.029Z,wrong_direction,175.25,22.73,False
20260423-1616-work2home-18226378045,EveningA,HomeFosh:START,C041,2026-04-23T14:31:09.957Z,wrong_direction,177.8,22.8,False
20260423-1616-work2home-18226378045,EveningA,HomeStationViaFosh:START,C041,2026-04-23T14:31:10.596Z,wrong_direction,178.16,24.35,False
20260423-1616-work2home-18226378045,EveningA,StationHomePreferred:FINISH,C053,2026-04-23T14:31:13.285Z,valid,2.7,23.87,False
20260423-1616-work2home-18226378045,EveningA,FoshHome:FINISH,C053,2026-04-23T14:31:16.803Z,valid,3.63,24.08,False
20260423-1616-work2home-18226378045,EveningA,Morning:START,C001,2026-04-23T14:31:26.124Z,wrong_direction,179.69,23.87,False
20260423-1616-work2home-18226378045,EveningA,EveningA:FINISH,C010,2026-04-23T14:31:26.849Z,valid,3.55,23.87,True
20260423-1616-work2home-18226378045,EveningA,ChurchHome:FINISH,C010,2026-04-23T14:31:28.319Z,valid,7.0,22.28,False
20260423-2104-home2work-18230310818,Morning,ChurchHome:FINISH,C010,2026-04-23T19:05:22.965Z,wrong_direction,170.17,18.34,False
20260423-2104-home2work-18230310818,Morning,EveningA:FINISH,C010,2026-04-23T19:05:24.725Z,wrong_direction,172.25,20.23,False
20260423-2104-home2work-18230310818,Morning,Morning:START,C001,2026-04-23T19:05:25.563Z,valid,1.16,20.71,True
20260423-2104-home2work-18230310818,Morning,FoshHome:FINISH,C053,2026-04-23T19:05:35.987Z,wrong_direction,179.47,22.53,False
20260423-2104-home2work-18230310818,Morning,StationHomePreferred:FINISH,C053,2026-04-23T19:05:39.059Z,wrong_direction,178.37,24.57,False
20260423-2104-home2work-18230310818,Morning,HomeStationViaFosh:START,C041,2026-04-23T19:05:41.550Z,valid,4.04,25.65,False
20260423-2104-home2work-18230310818,Morning,HomeFosh:START,C041,2026-04-23T19:05:42.157Z,valid,2.38,25.63,False
20260423-2104-home2work-18230310818,Morning,HomeChurch:START,C041,2026-04-23T19:05:44.800Z,valid,2.59,25.41,False
20260423-2104-home2work-18230310818,Morning,HomeStationPreferred:START,C041,2026-04-23T19:05:45.656Z,valid,0.12,25.74,False
20260423-2104-home2work-18230310818,Morning,Morning:G1,C002,2026-04-23T19:08:34.422Z,valid,1.33,23.77,True
20260423-2104-home2work-18230310818,Morning,EveningA:G3,C009,2026-04-23T19:09:03.337Z,wrong_direction,178.45,24.27,False
20260423-2104-home2work-18230310818,Morning,HomeFosh:G1,C069,2026-04-23T19:10:18.613Z,valid,10.81,25.16,False
20260423-2104-home2work-18230310818,Morning,HomeStationPreferred:G1,C042,2026-04-23T19:10:41.382Z,valid,4.82,24.99,False
20260423-2104-home2work-18230310818,Morning,StationHomePreferred:G3,C052,2026-04-23T19:10:42.347Z,wrong_direction,178.03,25.41,False
20260423-2104-home2work-18230310818,Morning,HomeStationViaFosh:G1,C046,2026-04-23T19:10:48.683Z,valid,0.33,26.0,False
20260423-2104-home2work-18230310818,Morning,EveningA:G2,C008,2026-04-23T19:11:39.322Z,wrong_direction,174.65,23.6,False
20260423-2104-home2work-18230310818,Morning,Morning:G2,C003,2026-04-23T19:11:54.567Z,valid,2.5,25.47,True
20260423-2104-home2work-18230310818,Morning,HomeFosh:G2,C070,2026-04-23T19:15:24.818Z,valid,2.21,24.11,False
20260423-2104-home2work-18230310818,Morning,EveningA:G1,C007,2026-04-23T19:15:31.129Z,wrong_direction,174.33,20.66,False
20260423-2104-home2work-18230310818,Morning,Morning:G3,C004,2026-04-23T19:15:55.617Z,valid,10.93,32.08,True
20260423-2104-home2work-18230310818,Morning,StationHomePreferred:G2,C051,2026-04-23T19:16:05.737Z,wrong_direction,128.83,21.12,False
20260423-2104-home2work-18230310818,Morning,HomeStationPreferred:G2,C043,2026-04-23T19:16:05.914Z,valid,48.79,21.12,False
20260423-2104-home2work-18230310818,Morning,HomeStationViaFosh:G2,C047,2026-04-23T19:16:32.449Z,valid,0.57,23.76,False
20260423-2104-home2work-18230310818,Morning,EveningA:START,C006,2026-04-23T19:19:01.546Z,wrong_direction,163.77,23.01,False
20260423-2104-home2work-18230310818,Morning,Morning:FINISH,C005,2026-04-23T19:19:18.121Z,valid,3.12,14.91,True
20260424-0005-work2home-18231929491,EveningB,WorkChurchA:START,C054,2026-04-23T22:05:48.766Z,valid,7.71,6.02,False
20260424-0005-work2home-18231929491,EveningB,MorningB:FINISH,C020,2026-04-23T22:06:17.353Z,wrong_direction,171.77,35.53,False
20260424-0005-work2home-18231929491,EveningB,EveningB:START,C011,2026-04-23T22:06:17.354Z,valid,8.11,35.53,True
20260424-0005-work2home-18231929491,EveningB,EveningB:G1,C012,2026-04-23T22:09:44.906Z,valid,0.17,25.5,True
20260424-0005-work2home-18231929491,EveningB,MorningB:G3,C019,2026-04-23T22:09:44.907Z,wrong_direction,179.44,25.5,False
20260424-0005-work2home-18231929491,EveningB,FoshHome:G2,C075,2026-04-23T22:10:19.545Z,valid,3.95,26.61,False
20260424-0005-work2home-18231929491,EveningB,ChurchHome:G2,C068,2026-04-23T22:11:57.736Z,valid,0.48,24.47,False
20260424-0005-work2home-18231929491,EveningB,EveningB:G2,C013,2026-04-23T22:13:01.599Z,valid,0.46,24.8,True
20260424-0005-work2home-18231929491,EveningB,MorningB:G2,C018,2026-04-23T22:13:01.599Z,wrong_direction,179.54,24.8,False
20260424-0005-work2home-18231929491,EveningB,FoshHome:G3,C076,2026-04-23T22:15:26.610Z,valid,9.06,26.42,False
20260424-0005-work2home-18231929491,EveningB,HomeChurch:G1,C017,2026-04-23T22:16:15.637Z,wrong_direction,174.38,28.51,False
20260424-0005-work2home-18231929491,EveningB,EveningB:G3,C014,2026-04-23T22:16:15.813Z,valid,7.88,28.51,True
20260424-0005-work2home-18231929491,EveningB,MorningB:G1,C017,2026-04-23T22:16:15.819Z,wrong_direction,168.85,28.51,False
20260424-0005-work2home-18231929491,EveningB,ChurchHome:G3,C014,2026-04-23T22:16:17.824Z,valid,2.28,30.65,False
20260424-0005-work2home-18231929491,EveningB,EveningB:FINISH,C015,2026-04-23T22:19:21.672Z,valid,0.51,23.7,True
20260424-0005-work2home-18231929491,EveningB,MorningB:START,C016,2026-04-23T22:20:31.743Z,wrong_direction,172.17,18.46,False
20260424-0916-home2work-18235451892,Morning,ChurchHome:FINISH,C010,2026-04-24T07:16:43.002Z,wrong_direction,175.77,21.15,False
20260424-0916-home2work-18235451892,Morning,EveningA:FINISH,C010,2026-04-24T07:16:44.558Z,wrong_direction,174.78,22.45,False
20260424-0916-home2work-18235451892,Morning,Morning:START,C001,2026-04-24T07:16:45.336Z,valid,1.16,20.71,True
20260424-0916-home2work-18235451892,Morning,FoshHome:FINISH,C053,2026-04-24T07:16:55.110Z,wrong_direction,179.43,24.83,False
20260424-0916-home2work-18235451892,Morning,StationHomePreferred:FINISH,C053,2026-04-24T07:16:58.309Z,wrong_direction,179.76,24.26,False
20260424-0916-home2work-18235451892,Morning,HomeStationViaFosh:START,C041,2026-04-24T07:17:00.964Z,valid,3.01,22.7,False
20260424-0916-home2work-18235451892,Morning,HomeFosh:START,C041,2026-04-24T07:17:01.607Z,valid,2.64,24.35,False
20260424-0916-home2work-18235451892,Morning,HomeChurch:START,C041,2026-04-24T07:17:04.364Z,valid,2.54,24.77,False
20260424-0916-home2work-18235451892,Morning,HomeStationPreferred:START,C041,2026-04-24T07:17:05.255Z,valid,1.42,24.57,False
20260424-0916-home2work-18235451892,Morning,Morning:G1,C002,2026-04-24T07:19:55.073Z,valid,2.23,23.97,True
20260424-0916-home2work-18235451892,Morning,EveningA:G3,C009,2026-04-24T07:20:24.292Z,wrong_direction,176.73,23.85,False
20260424-0916-home2work-18235451892,Morning,HomeFosh:G1,C069,2026-04-24T07:21:40.871Z,valid,9.25,23.26,False
20260424-0916-home2work-18235451892,Morning,HomeStationPreferred:G1,C042,2026-04-24T07:22:03.878Z,valid,2.04,23.93,False
20260424-0916-home2work-18235451892,Morning,StationHomePreferred:G3,C052,2026-04-24T07:22:04.891Z,wrong_direction,177.55,23.93,False
20260424-0916-home2work-18235451892,Morning,HomeStationViaFosh:G1,C046,2026-04-24T07:22:11.510Z,valid,0.27,24.06,False
20260424-0916-home2work-18235451892,Morning,EveningA:G2,C008,2026-04-24T07:23:03.132Z,wrong_direction,174.54,25.54,False
20260424-0916-home2work-18235451892,Morning,Morning:G2,C003,2026-04-24T07:23:18.263Z,valid,0.65,24.3,True
20260424-0916-home2work-18235451892,Morning,HomeFosh:G2,C070,2026-04-24T07:26:49.746Z,valid,1.36,19.97,False
20260424-0916-home2work-18235451892,Morning,EveningA:G1,C007,2026-04-24T07:26:56.134Z,wrong_direction,175.5,27.0,False
20260424-0916-home2work-18235451892,Morning,Morning:G3,C004,2026-04-24T07:27:19.742Z,valid,3.44,30.17,True
20260424-0916-home2work-18235451892,Morning,StationHomePreferred:G2,C051,2026-04-24T07:27:30.394Z,wrong_direction,130.12,17.85,False
20260424-0916-home2work-18235451892,Morning,HomeStationPreferred:G2,C043,2026-04-24T07:27:30.592Z,valid,47.5,17.85,False
20260424-0916-home2work-18235451892,Morning,HomeStationViaFosh:G2,C047,2026-04-24T07:27:57.878Z,valid,1.92,24.07,False
20260424-0916-home2work-18235451892,Morning,EveningA:START,C006,2026-04-24T07:30:26.910Z,wrong_direction,163.07,24.55,False
20260424-0916-home2work-18235451892,Morning,Morning:FINISH,C005,2026-04-24T07:30:42.958Z,valid,3.77,21.43,True
20260424-1937-work2home-18241985832,EveningA,Morning:FINISH,C005,2026-04-24T17:37:57.252Z,wrong_direction,176.0,26.48,False
20260424-1937-work2home-18241985832,EveningA,EveningA:START,C006,2026-04-24T17:38:13.094Z,valid,15.52,25.12,True
20260424-1937-work2home-18241985832,EveningA,HomeStationViaFosh:G2,C047,2026-04-24T17:40:41.213Z,wrong_direction,179.59,24.78,False
20260424-1937-work2home-18241985832,EveningA,HomeStationPreferred:G2,C043,2026-04-24T17:41:06.276Z,wrong_direction,139.26,20.6,False
20260424-1937-work2home-18241985832,EveningA,StationHomePreferred:G2,C051,2026-04-24T17:41:06.432Z,valid,43.12,20.6,False
20260424-1937-work2home-18241985832,EveningA,Morning:G3,C004,2026-04-24T17:41:17.569Z,wrong_direction,178.8,26.2,False
20260424-1937-work2home-18241985832,EveningA,EveningA:G1,C007,2026-04-24T17:41:40.413Z,valid,1.23,21.18,True
20260424-1937-work2home-18241985832,EveningA,HomeFosh:G2,C070,2026-04-24T17:41:46.508Z,wrong_direction,173.6,24.72,False
20260424-1937-work2home-18241985832,EveningA,Morning:G2,C003,2026-04-24T17:45:11.098Z,wrong_direction,167.39,28.42,False
20260424-1937-work2home-18241985832,EveningA,EveningA:G2,C008,2026-04-24T17:45:25.947Z,valid,3.81,27.42,True
20260424-1937-work2home-18241985832,EveningA,HomeStationViaFosh:G1,C046,2026-04-24T17:46:16.481Z,wrong_direction,179.34,24.91,False
20260424-1937-work2home-18241985832,EveningA,StationHomePreferred:G3,C052,2026-04-24T17:46:22.896Z,valid,0.57,24.26,False
20260424-1937-work2home-18241985832,EveningA,HomeStationPreferred:G1,C042,2026-04-24T17:46:23.903Z,wrong_direction,179.46,24.06,False
20260424-1937-work2home-18241985832,EveningA,HomeFosh:G1,C069,2026-04-24T17:46:46.430Z,wrong_direction,174.55,25.06,False
20260424-1937-work2home-18241985832,EveningA,EveningA:G3,C009,2026-04-24T17:48:00.961Z,valid,2.0,24.44,True
20260424-1937-work2home-18241985832,EveningA,Morning:G1,C002,2026-04-24T17:48:29.678Z,wrong_direction,179.95,24.72,False
20260424-1937-work2home-18241985832,EveningA,HomeStationPreferred:START,C041,2026-04-24T17:51:12.212Z,wrong_direction,178.25,24.12,False
20260424-1937-work2home-18241985832,EveningA,HomeChurch:START,C041,2026-04-24T17:51:13.128Z,wrong_direction,179.52,23.17,False
20260424-1937-work2home-18241985832,EveningA,HomeFosh:START,C041,2026-04-24T17:51:15.978Z,wrong_direction,177.8,22.8,False
20260424-1937-work2home-18241985832,EveningA,HomeStationViaFosh:START,C041,2026-04-24T17:51:16.613Z,wrong_direction,178.56,24.53,False
20260424-1937-work2home-18241985832,EveningA,StationHomePreferred:FINISH,C053,2026-04-24T17:51:19.234Z,valid,1.97,24.12,False
20260424-1937-work2home-18241985832,EveningA,FoshHome:FINISH,C053,2026-04-24T17:51:22.404Z,valid,3.63,24.08,False
20260424-1937-work2home-18241985832,EveningA,Morning:START,C001,2026-04-24T17:51:31.713Z,wrong_direction,178.39,23.55,False
20260424-1937-work2home-18241985832,EveningA,EveningA:FINISH,C010,2026-04-24T17:51:32.450Z,valid,2.42,23.17,True
20260424-1937-work2home-18241985832,EveningA,ChurchHome:FINISH,C010,2026-04-24T17:51:33.997Z,valid,6.37,21.4,False
20260425-2300-work2home-18257461767,EveningB,WorkChurchA:START,C054,2026-04-25T21:00:35.511Z,valid,20.55,16.29,False
20260425-2300-work2home-18257461767,EveningB,EveningB:START,C011,2026-04-25T21:01:01.692Z,valid,1.4,22.8,True
20260425-2300-work2home-18257461767,EveningB,MorningB:FINISH,C020,2026-04-25T21:01:01.693Z,wrong_direction,178.47,22.8,False
20260425-2300-work2home-18257461767,EveningB,MorningB:G3,C019,2026-04-25T21:04:46.051Z,wrong_direction,179.45,24.87,False
20260425-2300-work2home-18257461767,EveningB,EveningB:G1,C012,2026-04-25T21:04:46.051Z,valid,0.94,24.87,True
20260425-2300-work2home-18257461767,EveningB,FoshHome:G2,C075,2026-04-25T21:05:21.435Z,valid,6.23,24.86,False
20260425-2300-work2home-18257461767,EveningB,ChurchHome:G2,C068,2026-04-25T21:06:59.816Z,valid,1.13,23.28,False
20260425-2300-work2home-18257461767,EveningB,EveningB:FINISH,C015,2026-04-25T21:15:35.931Z,valid,0.11,21.78,True
20260425-2300-work2home-18257461767,EveningB,MorningB:START,C016,2026-04-25T21:16:52.674Z,wrong_direction,173.06,16.27,False
20260427-0916-home2work-18275015204,Morning,ChurchHome:FINISH,C010,2026-04-27T07:17:27.517Z,wrong_direction,176.54,20.38,False
20260427-0916-home2work-18275015204,Morning,EveningA:FINISH,C010,2026-04-27T07:17:29.083Z,wrong_direction,173.59,22.53,False
20260427-0916-home2work-18275015204,Morning,Morning:START,C001,2026-04-27T07:17:29.849Z,valid,2.54,22.53,True
20260427-0916-home2work-18275015204,Morning,FoshHome:FINISH,C053,2026-04-27T07:17:39.418Z,wrong_direction,179.04,22.34,False
20260427-0916-home2work-18275015204,Morning,StationHomePreferred:FINISH,C053,2026-04-27T07:17:42.679Z,wrong_direction,178.68,25.02,False
20260427-0916-home2work-18275015204,Morning,HomeStationViaFosh:START,C041,2026-04-27T07:17:45.298Z,valid,4.2,23.91,False
20260427-0916-home2work-18275015204,Morning,HomeFosh:START,C041,2026-04-27T07:17:45.948Z,valid,5.0,23.91,False
20260427-0916-home2work-18275015204,Morning,HomeChurch:START,C041,2026-04-27T07:17:48.647Z,valid,1.47,24.83,False
20260427-0916-home2work-18275015204,Morning,HomeStationPreferred:START,C041,2026-04-27T07:17:49.533Z,valid,1.79,24.77,False
20260427-0916-home2work-18275015204,Morning,Morning:G1,C002,2026-04-27T07:20:37.670Z,valid,0.6,22.99,True
20260427-0916-home2work-18275015204,Morning,EveningA:G3,C009,2026-04-27T07:21:07.582Z,wrong_direction,175.85,23.09,False
20260427-0916-home2work-18275015204,Morning,HomeFosh:G1,C069,2026-04-27T07:22:26.868Z,valid,10.61,20.33,False
20260427-0916-home2work-18275015204,Morning,HomeStationPreferred:G1,C042,2026-04-27T07:22:50.646Z,valid,0.21,22.53,False
20260427-0916-home2work-18275015204,Morning,StationHomePreferred:G3,C052,2026-04-27T07:22:51.725Z,wrong_direction,179.39,22.33,False
20260427-0916-home2work-18275015204,Morning,HomeStationViaFosh:G1,C046,2026-04-27T07:22:58.560Z,valid,0.14,23.22,False
20260427-0916-home2work-18275015204,Morning,EveningA:G2,C008,2026-04-27T07:23:50.741Z,wrong_direction,171.95,24.95,False
20260427-0916-home2work-18275015204,Morning,Morning:G2,C003,2026-04-27T07:24:06.392Z,valid,5.26,24.24,True
20260427-0916-home2work-18275015204,Morning,HomeFosh:G2,C070,2026-04-27T07:27:36.840Z,valid,6.05,24.19,False
20260427-0916-home2work-18275015204,Morning,EveningA:G1,C007,2026-04-27T07:27:43.269Z,wrong_direction,179.18,26.3,False
20260427-0916-home2work-18275015204,Morning,Morning:G3,C004,2026-04-27T07:28:06.917Z,valid,13.12,25.05,True
20260427-0916-home2work-18275015204,Morning,StationHomePreferred:G2,C051,2026-04-27T07:28:17.673Z,wrong_direction,129.2,21.75,False
20260427-0916-home2work-18275015204,Morning,HomeStationPreferred:G2,C043,2026-04-27T07:28:17.847Z,valid,48.42,21.75,False
20260427-0916-home2work-18275015204,Morning,HomeStationViaFosh:G2,C047,2026-04-27T07:28:44.852Z,valid,2.24,23.18,False
20260427-0916-home2work-18275015204,Morning,EveningA:START,C006,2026-04-27T07:31:16.647Z,wrong_direction,161.85,23.76,False
20260427-0916-home2work-18275015204,Morning,Morning:FINISH,C005,2026-04-27T07:31:33.298Z,valid,7.45,21.71,True
20260427-0916-home2work-18275015204,Morning,WorkChurchB:START,C035,2026-04-27T07:31:52.314Z,valid,59.56,20.59,False
20260427-0916-home2work-18275015204,Morning,WorkChurchA:START,C054,2026-04-27T07:31:52.613Z,valid,0.43,20.59,False
20260427-0916-home2work-18275015204,Morning,WorkChurchB:START,C035,2026-04-27T07:32:00.571Z,wrong_direction,174.29,13.29,False
20260427-0916-home2work-18275015204,Morning,StationWorkAlt:FINISH,C035,2026-04-27T07:32:03.475Z,wrong_direction,178.53,21.79,False
20260427-2022-work2home-18282398321,EveningA,StationWorkAlt:FINISH,C035,2026-04-27T18:22:35.673Z,valid,7.68,20.15,False
20260427-2022-work2home-18282398321,EveningA,WorkChurchB:START,C035,2026-04-27T18:22:38.700Z,valid,7.17,22.05,False
20260427-2022-work2home-18282398321,EveningA,WorkChurchA:START,C054,2026-04-27T18:22:45.946Z,wrong_direction,177.41,26.65,False
20260427-2022-work2home-18282398321,EveningA,WorkChurchB:START,C035,2026-04-27T18:22:46.776Z,wrong_direction,113.08,33.98,False
20260427-2022-work2home-18282398321,EveningA,Morning:FINISH,C005,2026-04-27T18:23:02.195Z,wrong_direction,176.76,28.96,False
20260427-2022-work2home-18282398321,EveningA,EveningA:START,C006,2026-04-27T18:23:16.376Z,valid,17.07,25.63,True
20260427-2022-work2home-18282398321,EveningA,HomeStationViaFosh:G2,C047,2026-04-27T18:25:40.659Z,wrong_direction,179.7,23.92,False
20260427-2022-work2home-18282398321,EveningA,HomeStationPreferred:G2,C043,2026-04-27T18:26:05.861Z,wrong_direction,153.54,22.69,False
20260427-2022-work2home-18282398321,EveningA,StationHomePreferred:G2,C051,2026-04-27T18:26:05.988Z,valid,28.84,22.69,False
20260427-2022-work2home-18282398321,EveningA,Morning:G3,C004,2026-04-27T18:26:16.840Z,wrong_direction,165.31,18.74,False
20260427-2022-work2home-18282398321,EveningA,EveningA:G1,C007,2026-04-27T18:26:39.419Z,valid,1.83,24.88,True
20260427-2022-work2home-18282398321,EveningA,HomeFosh:G2,C070,2026-04-27T18:26:45.701Z,wrong_direction,176.71,23.53,False
20260427-2022-work2home-18282398321,EveningA,Morning:G2,C003,2026-04-27T18:30:14.667Z,wrong_direction,180.0,22.83,False
20260427-2022-work2home-18282398321,EveningA,EveningA:G2,C008,2026-04-27T18:30:30.169Z,valid,5.91,25.08,True
20260427-2022-work2home-18282398321,EveningA,HomeStationViaFosh:G1,C046,2026-04-27T18:31:23.279Z,wrong_direction,178.98,24.46,False
20260427-2022-work2home-18282398321,EveningA,StationHomePreferred:G3,C052,2026-04-27T18:31:29.786Z,valid,1.3,24.51,False
20260427-2022-work2home-18282398321,EveningA,HomeStationPreferred:G1,C042,2026-04-27T18:31:30.783Z,wrong_direction,179.05,24.22,False
20260427-2022-work2home-18282398321,EveningA,HomeFosh:G1,C069,2026-04-27T18:31:53.505Z,wrong_direction,179.94,24.25,False
20260427-2022-work2home-18282398321,EveningA,EveningA:G3,C009,2026-04-27T18:33:08.477Z,valid,3.93,24.66,True
20260427-2022-work2home-18282398321,EveningA,Morning:G1,C002,2026-04-27T18:33:37.102Z,wrong_direction,178.56,24.74,False
20260427-2022-work2home-18282398321,EveningA,HomeStationPreferred:START,C041,2026-04-27T18:36:23.178Z,wrong_direction,179.84,23.81,False
20260427-2022-work2home-18282398321,EveningA,HomeChurch:START,C041,2026-04-27T18:36:24.099Z,wrong_direction,177.89,23.93,False
20260427-2022-work2home-18282398321,EveningA,HomeFosh:START,C041,2026-04-27T18:36:26.964Z,wrong_direction,179.04,23.03,False
20260427-2022-work2home-18282398321,EveningA,HomeStationViaFosh:START,C041,2026-04-27T18:36:27.660Z,wrong_direction,179.9,22.26,False
20260427-2022-work2home-18282398321,EveningA,StationHomePreferred:FINISH,C053,2026-04-27T18:36:30.794Z,valid,3.34,18.47,False
20260427-2022-work2home-18282398321,EveningA,FoshHome:FINISH,C053,2026-04-27T18:36:34.641Z,valid,0.94,21.36,False
20260427-2022-work2home-18282398321,EveningA,Morning:START,C001,2026-04-27T18:36:44.283Z,wrong_direction,179.69,23.87,False
20260427-2022-work2home-18282398321,EveningA,EveningA:FINISH,C010,2026-04-27T18:36:44.990Z,valid,3.55,23.87,True
20260427-2022-work2home-18282398321,EveningA,ChurchHome:FINISH,C010,2026-04-27T18:36:46.441Z,valid,0.62,21.78,False
20260428-1428-home2work-18291562285,Morning,ChurchHome:FINISH,C010,2026-04-28T12:29:23.091Z,wrong_direction,179.31,17.09,False
20260428-1428-home2work-18291562285,Morning,EveningA:FINISH,C010,2026-04-28T12:29:25.112Z,wrong_direction,172.22,16.75,False
20260428-1428-home2work-18291562285,Morning,Morning:START,C001,2026-04-28T12:29:26.164Z,valid,3.52,16.29,True
20260428-1428-home2work-18291562285,Morning,FoshHome:FINISH,C053,2026-04-28T12:29:38.647Z,wrong_direction,176.75,21.43,False
20260428-1428-home2work-18291562285,Morning,StationHomePreferred:FINISH,C053,2026-04-28T12:29:42.049Z,wrong_direction,179.22,23.55,False
20260428-1428-home2work-18291562285,Morning,HomeStationViaFosh:START,C041,2026-04-28T12:29:44.693Z,valid,2.25,24.17,False
20260428-1428-home2work-18291562285,Morning,HomeFosh:START,C041,2026-04-28T12:29:45.324Z,valid,1.44,24.91,False
20260428-1428-home2work-18291562285,Morning,HomeChurch:START,C041,2026-04-28T12:29:48.070Z,valid,3.63,24.71,False
20260428-1428-home2work-18291562285,Morning,HomeStationPreferred:START,C041,2026-04-28T12:29:48.957Z,valid,2.88,24.71,False
20260428-1428-home2work-18291562285,Morning,Morning:G1,C002,2026-04-28T12:33:10.319Z,valid,0.69,23.94,True
20260428-1428-home2work-18291562285,Morning,EveningA:G3,C009,2026-04-28T12:33:39.871Z,wrong_direction,176.73,23.85,False
20260428-1428-home2work-18291562285,Morning,HomeFosh:G1,C069,2026-04-28T12:34:58.474Z,valid,8.6,23.85,False
20260428-1428-home2work-18291562285,Morning,HomeStationPreferred:G1,C042,2026-04-28T12:35:21.684Z,valid,0.21,23.82,False
20260428-1428-home2work-18291562285,Morning,StationHomePreferred:G3,C052,2026-04-28T12:35:22.705Z,wrong_direction,179.42,23.62,False
20260428-1428-home2work-18291562285,Morning,HomeStationViaFosh:G1,C046,2026-04-28T12:35:29.346Z,valid,1.02,24.46,False
20260428-1428-home2work-18291562285,Morning,EveningA:G2,C008,2026-04-28T12:36:21.270Z,wrong_direction,175.37,25.39,False
20260428-1428-home2work-18291562285,Morning,Morning:G2,C003,2026-04-28T12:36:36.408Z,valid,0.65,24.63,True
20260428-1428-home2work-18291562285,Morning,HomeFosh:G2,C070,2026-04-28T12:40:06.150Z,valid,0.8,25.71,False
20260428-1428-home2work-18291562285,Morning,EveningA:G1,C007,2026-04-28T12:40:12.666Z,wrong_direction,155.44,20.73,False
20260428-1428-home2work-18291562285,Morning,Morning:G3,C004,2026-04-28T12:40:36.494Z,valid,3.03,24.3,True
20260428-1428-home2work-18291562285,Morning,StationHomePreferred:G2,C051,2026-04-28T12:40:48.218Z,wrong_direction,157.95,21.75,False
20260428-1428-home2work-18291562285,Morning,HomeStationPreferred:G2,C043,2026-04-28T12:40:48.320Z,valid,19.67,21.75,False
20260428-1428-home2work-18291562285,Morning,HomeStationViaFosh:G2,C047,2026-04-28T12:41:16.689Z,valid,1.45,23.6,False
20260428-1428-home2work-18291562285,Morning,EveningA:START,C006,2026-04-28T12:43:53.069Z,wrong_direction,165.22,22.73,False
20260428-1428-home2work-18291562285,Morning,Morning:FINISH,C005,2026-04-28T12:44:10.697Z,valid,5.01,21.51,True
20260428-1428-home2work-18291562285,Morning,WorkChurchA:START,C054,2026-04-28T12:44:30.725Z,valid,3.11,21.71,False
20260428-1428-home2work-18291562285,Morning,WorkChurchB:START,C035,2026-04-28T12:44:30.814Z,valid,62.24,21.71,False
20260428-1428-home2work-18291562285,Morning,WorkChurchB:START,C035,2026-04-28T12:44:39.210Z,wrong_direction,175.64,15.76,False
20260429-0927-home2work-18302489237,Morning,ChurchHome:FINISH,C010,2026-04-29T07:28:06.023Z,wrong_direction,173.68,20.76,False
20260429-0927-home2work-18302489237,Morning,EveningA:FINISH,C010,2026-04-29T07:28:07.654Z,wrong_direction,173.35,21.24,False
20260429-0927-home2work-18302489237,Morning,Morning:START,C001,2026-04-29T07:28:08.457Z,valid,3.57,21.51,True
20260429-0927-home2work-18302489237,Morning,FoshHome:FINISH,C053,2026-04-29T07:28:18.362Z,wrong_direction,179.58,23.17,False
20260429-0927-home2work-18302489237,Morning,StationHomePreferred:FINISH,C053,2026-04-29T07:28:21.837Z,wrong_direction,177.01,21.49,False
20260429-0927-home2work-18302489237,Morning,HomeStationViaFosh:START,C041,2026-04-29T07:28:24.636Z,valid,0.66,22.53,False
20260429-0927-home2work-18302489237,Morning,HomeFosh:START,C041,2026-04-29T07:28:25.314Z,valid,0.94,23.36,False
20260429-0927-home2work-18302489237,Morning,HomeChurch:START,C041,2026-04-29T07:28:28.123Z,valid,1.47,24.83,False
20260429-0927-home2work-18302489237,Morning,HomeStationPreferred:START,C041,2026-04-29T07:28:29.008Z,valid,0.06,24.45,False
20260429-0927-home2work-18302489237,Morning,Morning:G1,C002,2026-04-29T07:31:17.602Z,valid,0.69,23.94,True
20260429-0927-home2work-18302489237,Morning,EveningA:G3,C009,2026-04-29T07:31:47.860Z,wrong_direction,177.45,23.04,False
20260429-0927-home2work-18302489237,Morning,HomeFosh:G1,C069,2026-04-29T07:33:06.873Z,valid,10.66,23.86,False
20260429-0927-home2work-18302489237,Morning,HomeStationPreferred:G1,C042,2026-04-29T07:33:29.963Z,valid,1.7,23.98,False
20260429-0927-home2work-18302489237,Morning,StationHomePreferred:G3,C052,2026-04-29T07:33:30.978Z,wrong_direction,179.8,23.82,False
20260429-0927-home2work-18302489237,Morning,HomeStationViaFosh:G1,C046,2026-04-29T07:33:37.608Z,valid,2.26,24.64,False
20260429-0927-home2work-18302489237,Morning,EveningA:G2,C008,2026-04-29T07:34:29.601Z,wrong_direction,169.79,23.99,False
20260429-0927-home2work-18302489237,Morning,Morning:G2,C003,2026-04-29T07:34:45.106Z,valid,1.02,26.01,True
20260429-0927-home2work-18302489237,Morning,HomeFosh:G2,C070,2026-04-29T07:38:14.258Z,valid,5.03,22.53,False
20260429-0927-home2work-18302489237,Morning,EveningA:G1,C007,2026-04-29T07:38:20.495Z,wrong_direction,179.42,26.34,False
20260429-0927-home2work-18302489237,Morning,Morning:G3,C004,2026-04-29T07:38:44.214Z,valid,0.06,33.0,True
20260429-0927-home2work-18302489237,Morning,StationHomePreferred:G2,C051,2026-04-29T07:38:55.571Z,wrong_direction,158.7,21.37,False
20260429-0927-home2work-18302489237,Morning,HomeStationPreferred:G2,C043,2026-04-29T07:38:55.690Z,valid,18.92,21.37,False
20260429-0927-home2work-18302489237,Morning,HomeStationViaFosh:G2,C047,2026-04-29T07:39:21.501Z,valid,0.91,24.32,False
20260429-0927-home2work-18302489237,Morning,EveningA:START,C006,2026-04-29T07:41:51.661Z,wrong_direction,162.98,23.69,False
20260429-0927-home2work-18302489237,Morning,Morning:FINISH,C005,2026-04-29T07:42:08.600Z,valid,0.65,22.5,True
20260429-0927-home2work-18302489237,Morning,WorkChurchA:START,C054,2026-04-29T07:42:28.124Z,valid,22.53,15.96,False
20260429-0927-home2work-18302489237,Morning,WorkChurchB:START,C035,2026-04-29T07:42:29.450Z,valid,55.67,26.36,False
20260429-0927-home2work-18302489237,Morning,WorkChurchB:START,C035,2026-04-29T07:42:34.593Z,wrong_direction,171.6,16.27,False
20260429-0927-home2work-18302489237,Morning,StationWorkAlt:FINISH,C035,2026-04-29T07:42:37.974Z,wrong_direction,177.3,20.84,False
20260429-2314-work2home-18311789353,EveningB,EveningB:START,C011,2026-04-29T21:14:32.467Z,valid,3.39,21.43,True
20260429-2314-work2home-18311789353,EveningB,MorningB:FINISH,C020,2026-04-29T21:14:32.467Z,wrong_direction,176.48,21.43,False
20260429-2314-work2home-18311789353,EveningB,MorningB:G3,C019,2026-04-29T21:18:15.694Z,wrong_direction,179.53,25.03,False
20260429-2314-work2home-18311789353,EveningB,EveningB:G1,C012,2026-04-29T21:18:15.694Z,valid,0.08,25.03,True
20260429-2314-work2home-18311789353,EveningB,FoshHome:G2,C075,2026-04-29T21:18:51.704Z,valid,1.28,21.97,False
20260429-2314-work2home-18311789353,EveningB,ChurchHome:G2,C068,2026-04-29T21:20:37.508Z,valid,1.25,21.99,False
20260429-2314-work2home-18311789353,EveningB,EveningB:G2,C013,2026-04-29T21:21:44.571Z,valid,0.55,23.96,True
20260429-2314-work2home-18311789353,EveningB,MorningB:G2,C018,2026-04-29T21:21:44.571Z,wrong_direction,179.45,23.96,False
20260429-2314-work2home-18311789353,EveningB,FoshHome:G3,C076,2026-04-29T21:24:00.335Z,valid,0.97,31.63,False
20260429-2314-work2home-18311789353,EveningB,HomeChurch:G1,C017,2026-04-29T21:24:47.113Z,wrong_direction,179.28,28.21,False
20260429-2314-work2home-18311789353,EveningB,MorningB:G1,C017,2026-04-29T21:24:47.284Z,wrong_direction,173.75,28.21,False
20260429-2314-work2home-18311789353,EveningB,EveningB:G3,C014,2026-04-29T21:24:47.285Z,valid,2.98,28.21,True
20260429-2314-work2home-18311789353,EveningB,ChurchHome:G3,C014,2026-04-29T21:24:49.356Z,valid,1.14,30.14,False
20260429-2314-work2home-18311789353,EveningB,EveningB:FINISH,C015,2026-04-29T21:27:54.373Z,valid,1.13,21.78,True
20260429-2314-work2home-18311789353,EveningB,MorningB:START,C016,2026-04-29T21:29:04.051Z,wrong_direction,173.69,23.48,False
20260430-1208-home2work-18317063653,Morning,ChurchHome:FINISH,C010,2026-04-30T10:09:06.454Z,wrong_direction,179.06,22.02,False
20260430-1208-home2work-18317063653,Morning,EveningA:FINISH,C010,2026-04-30T10:09:08.051Z,wrong_direction,173.69,20.79,False
20260430-1208-home2work-18317063653,Morning,Morning:START,C001,2026-04-30T10:09:08.885Z,valid,2.45,20.79,True
20260430-1208-home2work-18317063653,Morning,FoshHome:FINISH,C053,2026-04-30T10:09:18.818Z,wrong_direction,178.44,23.25,False
20260430-1208-home2work-18317063653,Morning,StationHomePreferred:FINISH,C053,2026-04-30T10:09:22.085Z,wrong_direction,178.42,23.93,False
20260430-1208-home2work-18317063653,Morning,HomeStationViaFosh:START,C041,2026-04-30T10:09:24.785Z,valid,4.38,22.17,False
20260430-1208-home2work-18317063653,Morning,HomeFosh:START,C041,2026-04-30T10:09:25.462Z,valid,2.5,23.25,False
20260430-1208-home2work-18317063653,Morning,HomeChurch:START,C041,2026-04-30T10:09:28.274Z,valid,1.47,24.83,False
20260430-1208-home2work-18317063653,Morning,HomeStationPreferred:START,C041,2026-04-30T10:09:29.154Z,valid,0.41,25.28,False
20260430-1208-home2work-18317063653,Morning,Morning:G1,C002,2026-04-30T10:12:21.985Z,valid,0.33,22.05,True
20260430-1208-home2work-18317063653,Morning,EveningA:G3,C009,2026-04-30T10:12:53.367Z,wrong_direction,175.38,22.17,False
20260430-1208-home2work-18317063653,Morning,HomeFosh:G1,C069,2026-04-30T10:14:12.953Z,valid,9.36,22.79,False
20260430-1208-home2work-18317063653,Morning,HomeStationPreferred:G1,C042,2026-04-30T10:14:36.312Z,valid,0.16,24.26,False
20260430-1208-home2work-18317063653,Morning,StationHomePreferred:G3,C052,2026-04-30T10:14:37.313Z,wrong_direction,179.83,24.02,False
20260430-1208-home2work-18317063653,Morning,HomeStationViaFosh:G1,C046,2026-04-30T10:14:43.997Z,valid,3.28,23.74,False
20260430-1208-home2work-18317063653,Morning,EveningA:G2,C008,2026-04-30T10:15:35.596Z,wrong_direction,178.0,23.88,False
20260430-1208-home2work-18317063653,Morning,Morning:G2,C003,2026-04-30T10:15:50.572Z,valid,2.14,24.85,True
20260430-1208-home2work-18317063653,Morning,HomeFosh:G2,C070,2026-04-30T10:19:25.700Z,valid,0.19,24.48,False
20260430-1208-home2work-18317063653,Morning,EveningA:G1,C007,2026-04-30T10:19:32.010Z,wrong_direction,178.78,23.01,False
20260430-1208-home2work-18317063653,Morning,Morning:G3,C004,2026-04-30T10:19:55.732Z,valid,5.81,40.68,True
20260430-1208-home2work-18317063653,Morning,StationHomePreferred:G2,C051,2026-04-30T10:20:06.862Z,wrong_direction,137.92,21.62,False
20260430-1208-home2work-18317063653,Morning,HomeStationPreferred:G2,C043,2026-04-30T10:20:07.004Z,valid,29.3,21.57,False
20260430-1208-home2work-18317063653,Morning,HomeStationViaFosh:G2,C047,2026-04-30T10:20:34.646Z,valid,1.05,21.2,False
20260430-1208-home2work-18317063653,Morning,EveningA:START,C006,2026-04-30T10:23:13.241Z,wrong_direction,167.53,23.52,False
20260430-1208-home2work-18317063653,Morning,Morning:FINISH,C005,2026-04-30T10:23:30.523Z,valid,3.6,19.25,True
20260430-1208-home2work-18317063653,Morning,WorkChurchA:START,C054,2026-04-30T10:23:50.677Z,valid,11.87,18.21,False
20260430-1208-home2work-18317063653,Morning,WorkChurchB:START,C035,2026-04-30T10:23:51.193Z,valid,43.93,21.49,False
20260430-1208-home2work-18317063653,Morning,WorkChurchB:START,C035,2026-04-30T10:24:00.560Z,wrong_direction,149.3,17.26,False
20260430-1208-home2work-18317063653,Morning,StationWorkAlt:FINISH,C035,2026-04-30T10:24:03.031Z,wrong_direction,175.48,32.23,False
20260430-1822-work2home-18321329129,EveningA,Morning:FINISH,C005,2026-04-30T16:22:37.846Z,wrong_direction,173.92,19.19,False
20260430-1822-work2home-18321329129,EveningA,EveningA:START,C006,2026-04-30T16:22:53.510Z,valid,15.57,24.26,True
20260430-1822-work2home-18321329129,EveningA,HomeStationViaFosh:G2,C047,2026-04-30T16:25:51.525Z,wrong_direction,174.13,24.57,False
20260430-1822-work2home-18321329129,EveningA,HomeStationPreferred:G2,C043,2026-04-30T16:26:16.763Z,wrong_direction,133.03,19.58,False
20260430-1822-work2home-18321329129,EveningA,StationHomePreferred:G2,C051,2026-04-30T16:26:16.964Z,valid,49.35,19.58,False
20260430-1822-work2home-18321329129,EveningA,Morning:G3,C004,2026-04-30T16:26:30.772Z,wrong_direction,171.79,28.05,False
20260430-1822-work2home-18321329129,EveningA,EveningA:G1,C007,2026-04-30T16:26:54.485Z,valid,1.8,26.44,True
20260430-1822-work2home-18321329129,EveningA,HomeFosh:G2,C070,2026-04-30T16:27:00.413Z,wrong_direction,178.95,25.07,False
20260430-1822-work2home-18321329129,EveningA,Morning:G2,C003,2026-04-30T16:30:28.668Z,wrong_direction,177.77,23.76,False
20260430-1822-work2home-18321329129,EveningA,EveningA:G2,C008,2026-04-30T16:30:44.577Z,valid,5.69,21.45,True
20260430-1822-work2home-18321329129,EveningA,HomeStationViaFosh:G1,C046,2026-04-30T16:31:36.337Z,wrong_direction,179.25,25.41,False
20260430-1822-work2home-18321329129,EveningA,StationHomePreferred:G3,C052,2026-04-30T16:31:42.660Z,valid,0.93,24.71,False
20260430-1822-work2home-18321329129,EveningA,HomeStationPreferred:G1,C042,2026-04-30T16:31:43.628Z,wrong_direction,179.14,25.16,False
20260430-1822-work2home-18321329129,EveningA,HomeFosh:G1,C069,2026-04-30T16:32:05.919Z,wrong_direction,177.84,23.93,False
20260430-1822-work2home-18321329129,EveningA,EveningA:G3,C009,2026-04-30T16:33:23.590Z,valid,5.24,24.08,True
20260430-1822-work2home-18321329129,EveningA,Morning:G1,C002,2026-04-30T16:33:52.229Z,wrong_direction,178.85,24.11,False
20260430-1822-work2home-18321329129,EveningA,HomeStationPreferred:START,C041,2026-04-30T16:36:53.832Z,wrong_direction,177.78,19.36,False
20260430-1822-work2home-18321329129,EveningA,HomeChurch:START,C041,2026-04-30T16:36:54.945Z,wrong_direction,176.1,19.76,False
20260430-1822-work2home-18321329129,EveningA,HomeFosh:START,C041,2026-04-30T16:36:58.492Z,wrong_direction,178.62,18.41,False
20260430-1822-work2home-18321329129,EveningA,HomeStationViaFosh:START,C041,2026-04-30T16:36:59.313Z,wrong_direction,177.82,19.59,False
20260430-1822-work2home-18321329129,EveningA,StationHomePreferred:FINISH,C053,2026-04-30T16:37:02.286Z,valid,4.61,22.93,False
20260430-1822-work2home-18321329129,EveningA,FoshHome:FINISH,C053,2026-04-30T16:37:04.815Z,valid,0.74,46.19,False
20260430-1822-work2home-18321329129,EveningA,Morning:START,C001,2026-04-30T16:37:14.856Z,wrong_direction,179.58,12.06,False
20260430-1822-work2home-18321329129,EveningA,EveningA:FINISH,C010,2026-04-30T16:37:15.323Z,valid,3.17,48.13,True
20260430-1822-work2home-18321329129,EveningA,ChurchHome:FINISH,C010,2026-04-30T16:37:16.147Z,valid,7.56,11.92,False
20260502-0117-work2home-18339190467,EveningB,WorkChurchA:START,C054,2026-05-01T23:17:47.529Z,valid,5.3,18.95,False
20260502-0117-work2home-18339190467,EveningB,WorkChurchB:START,C035,2026-05-01T23:17:48.094Z,valid,55.74,17.03,False
20260502-0117-work2home-18339190467,EveningB,MorningB:FINISH,C020,2026-05-01T23:18:15.604Z,wrong_direction,177.86,16.98,False
20260502-0117-work2home-18339190467,EveningB,EveningB:START,C011,2026-05-01T23:18:15.607Z,valid,2.26,16.98,True
20260502-0117-work2home-18339190467,EveningB,MorningB:G3,C019,2026-05-01T23:21:44.548Z,wrong_direction,179.34,23.46,False
20260502-0117-work2home-18339190467,EveningB,EveningB:G1,C012,2026-05-01T23:21:44.550Z,valid,0.27,23.46,True
20260502-0117-work2home-18339190467,EveningB,FoshHome:G2,C075,2026-05-01T23:22:19.984Z,valid,1.49,23.87,False
20260502-0117-work2home-18339190467,EveningB,ChurchHome:G2,C068,2026-05-01T23:24:01.270Z,valid,1.8,21.48,False
20260502-0117-work2home-18339190467,EveningB,EveningB:G2,C013,2026-05-01T23:25:07.251Z,valid,1.73,24.46,True
20260502-0117-work2home-18339190467,EveningB,MorningB:G2,C018,2026-05-01T23:25:07.251Z,wrong_direction,178.27,24.46,False
20260502-0117-work2home-18339190467,EveningB,FoshHome:G3,C076,2026-05-01T23:27:31.695Z,valid,3.74,32.47,False
20260502-0117-work2home-18339190467,EveningB,HomeChurch:G1,C017,2026-05-01T23:28:20.288Z,wrong_direction,169.14,33.26,False
20260502-0117-work2home-18339190467,EveningB,MorningB:G1,C017,2026-05-01T23:28:20.423Z,wrong_direction,174.67,33.26,False
20260502-0117-work2home-18339190467,EveningB,EveningB:G3,C014,2026-05-01T23:28:20.431Z,valid,8.6,33.26,True
20260502-0117-work2home-18339190467,EveningB,ChurchHome:G3,C014,2026-05-01T23:28:22.169Z,valid,0.63,34.84,False
20260502-0117-work2home-18339190467,EveningB,EveningB:FINISH,C015,2026-05-01T23:31:21.229Z,valid,0.04,21.14,True
20260502-0117-work2home-18339190467,EveningB,HomeStationPreferred:START,C041,2026-05-01T23:32:03.429Z,wrong_direction,179.01,23.44,False
20260502-0117-work2home-18339190467,EveningB,HomeChurch:START,C041,2026-05-01T23:32:04.379Z,wrong_direction,178.02,22.64,False
20260502-0117-work2home-18339190467,EveningB,HomeFosh:START,C041,2026-05-01T23:32:07.422Z,wrong_direction,179.39,22.9,False
20260502-0117-work2home-18339190467,EveningB,HomeStationViaFosh:START,C041,2026-05-01T23:32:08.112Z,wrong_direction,179.31,20.14,False
20260502-0117-work2home-18339190467,EveningB,StationHomePreferred:FINISH,C053,2026-05-01T23:32:11.400Z,valid,1.61,20.26,False
20260502-0117-work2home-18339190467,EveningB,FoshHome:FINISH,C053,2026-05-01T23:32:15.077Z,valid,1.76,21.1,False
20260502-0117-work2home-18339190467,EveningB,Morning:START,C001,2026-05-01T23:32:25.494Z,wrong_direction,179.87,20.65,False
20260502-0117-work2home-18339190467,EveningB,EveningA:FINISH,C010,2026-05-01T23:32:26.368Z,valid,5.39,18.14,False
20260502-0117-work2home-18339190467,EveningB,ChurchHome:FINISH,C010,2026-05-01T23:32:28.254Z,valid,10.19,17.49,False
20260503-0848-home2work-18354682772,Morning,ChurchHome:FINISH,C010,2026-05-03T06:48:33.684Z,wrong_direction,174.81,19.81,False
20260503-0848-home2work-18354682772,Morning,EveningA:FINISH,C010,2026-05-03T06:48:35.378Z,wrong_direction,174.16,20.98,False
20260503-0848-home2work-18354682772,Morning,Morning:START,C001,2026-05-03T06:48:36.182Z,valid,2.66,21.88,True
20260503-0848-home2work-18354682772,Morning,FoshHome:FINISH,C053,2026-05-03T06:48:45.880Z,wrong_direction,179.8,22.07,False
20260503-0848-home2work-18354682772,Morning,StationHomePreferred:FINISH,C053,2026-05-03T06:48:49.206Z,wrong_direction,179.65,23.62,False
20260503-0848-home2work-18354682772,Morning,HomeStationViaFosh:START,C041,2026-05-03T06:48:51.867Z,valid,4.41,23.27,False
20260503-0848-home2work-18354682772,Morning,HomeFosh:START,C041,2026-05-03T06:48:52.504Z,valid,1.84,24.72,False
20260503-0848-home2work-18354682772,Morning,HomeChurch:START,C041,2026-05-03T06:48:55.236Z,valid,1.47,24.83,False
20260503-0848-home2work-18354682772,Morning,HomeStationPreferred:START,C041,2026-05-03T06:48:56.123Z,valid,1.42,24.57,False
20260503-0848-home2work-18354682772,Morning,Morning:G1,C002,2026-05-03T06:51:41.687Z,valid,0.54,24.41,True
20260503-0848-home2work-18354682772,Morning,EveningA:G3,C009,2026-05-03T06:52:10.625Z,wrong_direction,176.73,23.85,False
20260503-0848-home2work-18354682772,Morning,HomeFosh:G1,C069,2026-05-03T06:53:26.828Z,valid,15.32,23.89,False
20260503-0848-home2work-18354682772,Morning,HomeStationPreferred:G1,C042,2026-05-03T06:53:49.996Z,valid,1.27,24.32,False
20260503-0848-home2work-18354682772,Morning,StationHomePreferred:G3,C052,2026-05-03T06:53:50.996Z,wrong_direction,179.43,24.26,False
20260503-0848-home2work-18354682772,Morning,HomeStationViaFosh:G1,C046,2026-05-03T06:53:57.483Z,valid,1.76,24.22,False
20260503-0848-home2work-18354682772,Morning,EveningA:G2,C008,2026-05-03T06:54:49.670Z,wrong_direction,177.25,25.34,False
20260503-0848-home2work-18354682772,Morning,Morning:G2,C003,2026-05-03T06:55:04.794Z,valid,7.04,24.18,True
20260503-0848-home2work-18354682772,Morning,HomeFosh:G2,C070,2026-05-03T06:58:34.809Z,valid,4.59,22.34,False
20260503-0848-home2work-18354682772,Morning,EveningA:G1,C007,2026-05-03T06:58:40.473Z,wrong_direction,173.67,25.37,False
20260503-0848-home2work-18354682772,Morning,Morning:G3,C004,2026-05-03T06:59:04.151Z,valid,17.75,17.9,True
20260503-0848-home2work-18354682772,Morning,StationHomePreferred:G2,C051,2026-05-03T06:59:14.980Z,wrong_direction,132.32,14.12,False
20260503-0848-home2work-18354682772,Morning,HomeStationPreferred:G2,C043,2026-05-03T06:59:15.093Z,valid,9.32,22.69,False
20260503-0848-home2work-18354682772,Morning,HomeStationViaFosh:G2,C047,2026-05-03T06:59:40.693Z,valid,2.85,24.44,False
20260503-0848-home2work-18354682772,Morning,EveningA:START,C006,2026-05-03T07:02:09.438Z,wrong_direction,162.1,23.53,False
20260503-0848-home2work-18354682772,Morning,Morning:FINISH,C005,2026-05-03T07:02:25.879Z,valid,8.57,19.17,True
20260504-0759-home2work-18367921744,Morning,ChurchHome:FINISH,C010,2026-05-04T06:00:34.486Z,wrong_direction,177.78,21.56,False
20260504-0759-home2work-18367921744,Morning,EveningA:FINISH,C010,2026-05-04T06:00:36.038Z,wrong_direction,176.83,24.06,False
20260504-0759-home2work-18367921744,Morning,Morning:START,C001,2026-05-04T06:00:36.740Z,valid,0.69,24.06,True
20260504-0759-home2work-18367921744,Morning,FoshHome:FINISH,C053,2026-05-04T06:00:46.003Z,wrong_direction,179.19,23.74,False
20260504-0759-home2work-18367921744,Morning,StationHomePreferred:FINISH,C053,2026-05-04T06:00:49.143Z,wrong_direction,178.75,24.38,False
20260504-0759-home2work-18367921744,Morning,HomeStationViaFosh:START,C041,2026-05-04T06:00:51.729Z,valid,2.67,23.98,False
20260504-0759-home2work-18367921744,Morning,HomeFosh:START,C041,2026-05-04T06:00:52.361Z,valid,1.05,25.1,False
20260504-0759-home2work-18367921744,Morning,HomeChurch:START,C041,2026-05-04T06:00:55.074Z,valid,4.35,24.46,False
20260504-0759-home2work-18367921744,Morning,HomeStationPreferred:START,C041,2026-05-04T06:00:55.974Z,valid,3.6,24.46,False
20260504-0759-home2work-18367921744,Morning,Morning:G1,C002,2026-05-04T06:03:46.072Z,valid,1.15,24.11,True
20260504-0759-home2work-18367921744,Morning,EveningA:G3,C009,2026-05-04T06:04:15.111Z,wrong_direction,176.08,23.56,False
20260504-0759-home2work-18367921744,Morning,HomeFosh:G1,C069,2026-05-04T06:05:31.561Z,valid,9.81,23.15,False
20260504-0759-home2work-18367921744,Morning,HomeStationPreferred:G1,C042,2026-05-04T06:05:55.563Z,valid,0.95,23.22,False
20260504-0759-home2work-18367921744,Morning,StationHomePreferred:G3,C052,2026-05-04T06:05:56.592Z,wrong_direction,179.07,23.77,False
20260504-0759-home2work-18367921744,Morning,HomeStationViaFosh:G1,C046,2026-05-04T06:06:03.200Z,valid,0.46,24.32,False
20260504-0759-home2work-18367921744,Morning,EveningA:G2,C008,2026-05-04T06:06:54.787Z,wrong_direction,172.12,26.03,False
20260504-0759-home2work-18367921744,Morning,Morning:G2,C003,2026-05-04T06:07:09.464Z,valid,12.4,22.85,True
20260504-0759-home2work-18367921744,Morning,HomeFosh:G2,C070,2026-05-04T06:10:35.002Z,valid,10.02,17.78,False
20260504-0759-home2work-18367921744,Morning,EveningA:G1,C007,2026-05-04T06:10:41.917Z,wrong_direction,173.8,28.34,False
20260504-0759-home2work-18367921744,Morning,Morning:G3,C004,2026-05-04T06:11:05.699Z,valid,5.84,24.29,True
20260504-0759-home2work-18367921744,Morning,StationHomePreferred:G2,C051,2026-05-04T06:11:16.813Z,wrong_direction,130.47,24.27,False
20260504-0759-home2work-18367921744,Morning,HomeStationPreferred:G2,C043,2026-05-04T06:11:16.953Z,valid,47.15,24.27,False
20260504-0759-home2work-18367921744,Morning,HomeStationViaFosh:G2,C047,2026-05-04T06:11:43.181Z,valid,2.28,24.04,False
20260504-0759-home2work-18367921744,Morning,EveningA:START,C006,2026-05-04T06:14:10.908Z,wrong_direction,161.61,23.99,False
20260504-0759-home2work-18367921744,Morning,Morning:FINISH,C005,2026-05-04T06:14:28.369Z,valid,5.25,19.57,True
20260504-0759-home2work-18367921744,Morning,WorkChurchB:START,C035,2026-05-04T06:14:46.662Z,valid,55.77,11.76,False
20260504-0759-home2work-18367921744,Morning,WorkChurchA:START,C054,2026-05-04T06:14:46.711Z,valid,3.36,11.76,False
20260504-0759-home2work-18367921744,Morning,WorkChurchB:START,C035,2026-05-04T06:14:51.493Z,wrong_direction,116.07,16.28,False
20260504-0759-home2work-18367921744,Morning,StationWorkAlt:FINISH,C035,2026-05-04T06:14:55.515Z,wrong_direction,161.67,21.74,False
20260505-0848-home2work-18381507161,Morning,ChurchHome:FINISH,C010,2026-05-05T06:49:33.338Z,wrong_direction,178.51,20.75,False
20260505-0848-home2work-18381507161,Morning,EveningA:FINISH,C010,2026-05-05T06:49:34.959Z,wrong_direction,171.81,21.79,False
20260505-0848-home2work-18381507161,Morning,Morning:START,C001,2026-05-05T06:49:35.715Z,valid,4.01,23.07,True
20260505-0848-home2work-18381507161,Morning,FoshHome:FINISH,C053,2026-05-05T06:49:45.059Z,wrong_direction,179.12,24.38,False
20260505-0848-home2work-18381507161,Morning,StationHomePreferred:FINISH,C053,2026-05-05T06:49:48.194Z,wrong_direction,178.09,23.48,False
20260505-0848-home2work-18381507161,Morning,HomeStationViaFosh:START,C041,2026-05-05T06:49:50.826Z,valid,1.98,23.71,False
20260505-0848-home2work-18381507161,Morning,HomeFosh:START,C041,2026-05-05T06:49:51.470Z,valid,1.77,24.06,False
20260505-0848-home2work-18381507161,Morning,HomeChurch:START,C041,2026-05-05T06:49:54.146Z,valid,1.85,25.02,False
20260505-0848-home2work-18381507161,Morning,HomeStationPreferred:START,C041,2026-05-05T06:49:55.021Z,valid,1.03,24.38,False
20260505-0848-home2work-18381507161,Morning,Morning:G1,C002,2026-05-05T06:52:43.239Z,valid,0.38,24.09,True
20260505-0848-home2work-18381507161,Morning,EveningA:G3,C009,2026-05-05T06:53:12.512Z,wrong_direction,176.98,23.21,False
20260505-0848-home2work-18381507161,Morning,HomeFosh:G1,C069,2026-05-05T06:54:28.807Z,valid,10.0,24.44,False
20260505-0848-home2work-18381507161,Morning,HomeStationPreferred:G1,C042,2026-05-05T06:54:51.659Z,valid,2.76,24.59,False
20260505-0848-home2work-18381507161,Morning,StationHomePreferred:G3,C052,2026-05-05T06:54:52.637Z,wrong_direction,177.99,24.77,False
20260505-0848-home2work-18381507161,Morning,HomeStationViaFosh:G1,C046,2026-05-05T06:54:58.988Z,valid,1.74,24.86,False
20260505-0848-home2work-18381507161,Morning,EveningA:G2,C008,2026-05-05T06:55:49.681Z,wrong_direction,176.38,27.65,False
20260505-0848-home2work-18381507161,Morning,Morning:G2,C003,2026-05-05T06:56:04.712Z,valid,0.38,27.65,True
20260505-0848-home2work-18381507161,Morning,HomeFosh:G2,C070,2026-05-05T06:59:30.683Z,valid,3.55,32.86,False
20260505-0848-home2work-18381507161,Morning,EveningA:G1,C007,2026-05-05T06:59:36.663Z,wrong_direction,177.9,25.81,False
20260505-0848-home2work-18381507161,Morning,Morning:G3,C004,2026-05-05T07:00:00.247Z,valid,4.16,30.61,True
20260505-0848-home2work-18381507161,Morning,StationHomePreferred:G2,C051,2026-05-05T07:00:11.383Z,wrong_direction,134.39,23.62,False
20260505-0848-home2work-18381507161,Morning,HomeStationPreferred:G2,C043,2026-05-05T07:00:11.513Z,valid,43.23,23.62,False
20260505-0848-home2work-18381507161,Morning,HomeStationViaFosh:G2,C047,2026-05-05T07:00:37.523Z,valid,1.75,24.49,False
20260505-0848-home2work-18381507161,Morning,EveningA:START,C006,2026-05-05T07:03:15.443Z,wrong_direction,166.09,24.63,False
20260505-0848-home2work-18381507161,Morning,Morning:FINISH,C005,2026-05-05T07:03:31.797Z,valid,19.51,22.18,True
20260505-0848-home2work-18381507161,Morning,WorkChurchA:START,C054,2026-05-05T07:03:49.904Z,valid,17.92,18.86,False
20260505-0848-home2work-18381507161,Morning,WorkChurchB:START,C035,2026-05-05T07:03:50.327Z,valid,67.57,20.75,False
20260505-0848-home2work-18381507161,Morning,WorkChurchB:START,C035,2026-05-05T07:03:56.704Z,wrong_direction,176.74,13.64,False
20260505-0848-home2work-18381507161,Morning,StationWorkAlt:FINISH,C035,2026-05-05T07:04:00.505Z,wrong_direction,175.5,16.4,False
20260506-0900-home2work-18395393521,Morning,ChurchHome:FINISH,C010,2026-05-06T07:00:38.330Z,wrong_direction,174.57,20.52,False
20260506-0900-home2work-18395393521,Morning,EveningA:FINISH,C010,2026-05-06T07:00:39.913Z,wrong_direction,176.74,21.49,False
20260506-0900-home2work-18395393521,Morning,Morning:START,C001,2026-05-06T07:00:40.686Z,valid,1.88,21.62,True
20260506-0900-home2work-18395393521,Morning,FoshHome:FINISH,C053,2026-05-06T07:00:50.328Z,wrong_direction,176.96,24.9,False
20260506-0900-home2work-18395393521,Morning,StationHomePreferred:FINISH,C053,2026-05-06T07:00:53.513Z,wrong_direction,179.35,24.08,False
20260506-0900-home2work-18395393521,Morning,HomeStationViaFosh:START,C041,2026-05-06T07:00:56.085Z,valid,1.04,24.72,False
20260506-0900-home2work-18395393521,Morning,HomeFosh:START,C041,2026-05-06T07:00:56.716Z,valid,1.84,24.72,False
20260506-0900-home2work-18395393521,Morning,HomeChurch:START,C041,2026-05-06T07:00:59.443Z,valid,2.54,24.77,False
20260506-0900-home2work-18395393521,Morning,HomeStationPreferred:START,C041,2026-05-06T07:01:00.338Z,valid,1.03,24.38,False
20260506-0900-home2work-18395393521,Morning,Morning:G1,C002,2026-05-06T07:04:44.998Z,valid,0.69,23.94,True
20260506-0900-home2work-18395393521,Morning,EveningA:G3,C009,2026-05-06T07:05:13.911Z,wrong_direction,176.5,24.48,False
20260506-0900-home2work-18395393521,Morning,HomeFosh:G1,C069,2026-05-06T07:06:32.607Z,valid,19.37,24.14,False
20260506-0900-home2work-18395393521,Morning,HomeStationPreferred:G1,C042,2026-05-06T07:06:56.044Z,valid,0.52,24.71,False
20260506-0900-home2work-18395393521,Morning,StationHomePreferred:G3,C052,2026-05-06T07:06:57.023Z,wrong_direction,179.07,24.71,False
20260506-0900-home2work-18395393521,Morning,HomeStationViaFosh:G1,C046,2026-05-06T07:07:03.563Z,valid,2.12,24.42,False
20260506-0900-home2work-18395393521,Morning,EveningA:G2,C008,2026-05-06T07:07:56.947Z,wrong_direction,178.29,25.44,False
20260506-0900-home2work-18395393521,Morning,Morning:G2,C003,2026-05-06T07:08:12.321Z,valid,7.22,19.9,True
20260506-0900-home2work-18395393521,Morning,HomeFosh:G2,C070,2026-05-06T07:11:49.212Z,valid,8.58,20.69,False
20260506-0900-home2work-18395393521,Morning,EveningA:G1,C007,2026-05-06T07:11:55.874Z,wrong_direction,174.2,25.04,False
20260506-0900-home2work-18395393521,Morning,Morning:G3,C004,2026-05-06T07:12:19.442Z,valid,0.81,27.97,True
20260506-0900-home2work-18395393521,Morning,StationHomePreferred:G2,C051,2026-05-06T07:12:31.217Z,wrong_direction,151.46,22.91,False
20260506-0900-home2work-18395393521,Morning,HomeStationPreferred:G2,C043,2026-05-06T07:12:31.322Z,valid,26.16,22.91,False
20260506-0900-home2work-18395393521,Morning,HomeStationViaFosh:G2,C047,2026-05-06T07:12:57.508Z,valid,1.17,24.09,False
20260506-0900-home2work-18395393521,Morning,EveningA:START,C006,2026-05-06T07:15:27.171Z,wrong_direction,164.11,23.63,False
20260506-0900-home2work-18395393521,Morning,Morning:FINISH,C005,2026-05-06T07:15:43.318Z,valid,3.42,23.14,True
20260506-0900-home2work-18395393521,Morning,WorkChurchA:START,C054,2026-05-06T07:16:01.850Z,valid,2.02,17.53,False
20260506-0900-home2work-18395393521,Morning,WorkChurchB:START,C035,2026-05-06T07:16:01.966Z,valid,57.11,17.53,False
20260506-0900-home2work-18395393521,Morning,WorkChurchB:START,C035,2026-05-06T07:16:10.100Z,wrong_direction,169.19,27.34,False
20260506-0900-home2work-18395393521,Morning,StationWorkAlt:FINISH,C035,2026-05-06T07:16:12.816Z,wrong_direction,170.99,19.57,False
20260507-0857-home2work-18408618911,Morning,ChurchHome:FINISH,C010,2026-05-07T06:57:56.957Z,wrong_direction,171.33,20.66,False
20260507-0857-home2work-18408618911,Morning,EveningA:FINISH,C010,2026-05-07T06:57:58.532Z,wrong_direction,173.16,22.34,False
20260507-0857-home2work-18408618911,Morning,Morning:START,C001,2026-05-07T06:57:59.273Z,valid,0.67,23.42,True
20260507-0857-home2work-18408618911,Morning,FoshHome:FINISH,C053,2026-05-07T06:58:08.698Z,wrong_direction,179.28,23.62,False
20260507-0857-home2work-18408618911,Morning,StationHomePreferred:FINISH,C053,2026-05-07T06:58:11.809Z,wrong_direction,179.94,23.81,False
20260507-0857-home2work-18408618911,Morning,HomeStationViaFosh:START,C041,2026-05-07T06:58:14.411Z,valid,4.2,23.91,False
20260507-0857-home2work-18408618911,Morning,HomeFosh:START,C041,2026-05-07T06:58:15.062Z,valid,1.55,24.26,False
20260507-0857-home2work-18408618911,Morning,HomeChurch:START,C041,2026-05-07T06:58:17.757Z,valid,2.22,25.22,False
20260507-0857-home2work-18408618911,Morning,HomeStationPreferred:START,C041,2026-05-07T06:58:18.662Z,valid,3.98,24.02,False
20260507-0857-home2work-18408618911,Morning,Morning:G1,C002,2026-05-07T07:01:02.118Z,valid,0.69,23.94,True
20260507-0857-home2work-18408618911,Morning,EveningA:G3,C009,2026-05-07T07:01:31.228Z,wrong_direction,176.93,24.31,False
20260507-0857-home2work-18408618911,Morning,HomeFosh:G1,C069,2026-05-07T07:02:47.859Z,valid,5.48,24.59,False
20260507-0857-home2work-18408618911,Morning,HomeStationPreferred:G1,C042,2026-05-07T07:03:10.570Z,valid,1.6,24.77,False
20260507-0857-home2work-18408618911,Morning,StationHomePreferred:G3,C052,2026-05-07T07:03:11.549Z,wrong_direction,179.07,24.71,False
20260507-0857-home2work-18408618911,Morning,HomeStationViaFosh:G1,C046,2026-05-07T07:03:17.966Z,valid,0.08,24.51,False
20260507-0857-home2work-18408618911,Morning,EveningA:G2,C008,2026-05-07T07:04:08.872Z,wrong_direction,177.51,24.49,False
20260507-0857-home2work-18408618911,Morning,Morning:G2,C003,2026-05-07T07:04:23.796Z,valid,7.29,24.82,True
20260507-0857-home2work-18408618911,Morning,HomeFosh:G2,C070,2026-05-07T07:07:52.021Z,valid,12.85,37.38,False
20260507-0857-home2work-18408618911,Morning,EveningA:G1,C007,2026-05-07T07:07:58.412Z,wrong_direction,174.71,22.15,False
20260507-0857-home2work-18408618911,Morning,Morning:G3,C004,2026-05-07T07:08:22.733Z,valid,1.33,18.32,True
20260507-0857-home2work-18408618911,Morning,StationHomePreferred:G2,C051,2026-05-07T07:08:33.774Z,wrong_direction,153.67,21.06,False
20260507-0857-home2work-18408618911,Morning,HomeStationPreferred:G2,C043,2026-05-07T07:08:33.903Z,valid,23.95,21.06,False
20260507-0857-home2work-18408618911,Morning,HomeStationViaFosh:G2,C047,2026-05-07T07:08:58.870Z,valid,1.81,25.35,False
20260507-0857-home2work-18408618911,Morning,EveningA:START,C006,2026-05-07T07:11:24.111Z,wrong_direction,164.43,24.26,False
20260507-0857-home2work-18408618911,Morning,Morning:FINISH,C005,2026-05-07T07:11:40.288Z,valid,8.24,21.34,True
20260507-0857-home2work-18408618911,Morning,WorkChurchA:START,C054,2026-05-07T07:12:00.574Z,valid,9.61,19.19,False
20260507-0857-home2work-18408618911,Morning,WorkChurchB:START,C035,2026-05-07T07:12:01.289Z,valid,49.41,21.17,False
20260507-0857-home2work-18408618911,Morning,WorkChurchB:START,C035,2026-05-07T07:12:06.556Z,wrong_direction,157.03,16.69,False
20260507-0857-home2work-18408618911,Morning,StationWorkAlt:FINISH,C035,2026-05-07T07:12:10.586Z,wrong_direction,177.09,29.3,False
20260507-2000-work2home-18415859573,EveningA,StationWorkAlt:FINISH,C035,2026-05-07T18:00:34.325Z,valid,60.12,20.4,False
20260507-2000-work2home-18415859573,EveningA,WorkChurchB:START,C035,2026-05-07T18:00:38.561Z,valid,7.89,13.07,False
20260507-2000-work2home-18415859573,EveningA,WorkChurchA:START,C054,2026-05-07T18:00:46.743Z,wrong_direction,167.45,29.47,False
20260507-2000-work2home-18415859573,EveningA,WorkChurchB:START,C035,2026-05-07T18:00:48.059Z,wrong_direction,102.95,17.92,False
20260507-2000-work2home-18415859573,EveningA,Morning:FINISH,C005,2026-05-07T18:01:05.032Z,wrong_direction,174.39,26.05,False
20260507-2000-work2home-18415859573,EveningA,EveningA:START,C006,2026-05-07T18:01:19.549Z,valid,18.97,22.52,True
20260507-2000-work2home-18415859573,EveningA,HomeStationViaFosh:G2,C047,2026-05-07T18:03:43.553Z,wrong_direction,179.34,24.55,False
20260507-2000-work2home-18415859573,EveningA,HomeStationPreferred:G2,C043,2026-05-07T18:04:08.262Z,wrong_direction,144.75,23.77,False
20260507-2000-work2home-18415859573,EveningA,StationHomePreferred:G2,C051,2026-05-07T18:04:08.385Z,valid,37.63,23.77,False
20260507-2000-work2home-18415859573,EveningA,Morning:G3,C004,2026-05-07T18:04:19.384Z,wrong_direction,169.68,21.09,False
20260507-2000-work2home-18415859573,EveningA,EveningA:G1,C007,2026-05-07T18:04:42.581Z,valid,4.21,25.72,True
20260507-2000-work2home-18415859573,EveningA,HomeFosh:G2,C070,2026-05-07T18:04:48.401Z,wrong_direction,179.36,26.86,False
20260507-2000-work2home-18415859573,EveningA,Morning:G2,C003,2026-05-07T18:08:12.395Z,wrong_direction,176.76,22.9,False
20260507-2000-work2home-18415859573,EveningA,EveningA:G2,C008,2026-05-07T18:08:27.652Z,valid,10.48,24.63,True
20260507-2000-work2home-18415859573,EveningA,HomeStationViaFosh:G1,C046,2026-05-07T18:09:17.807Z,wrong_direction,179.35,24.26,False
20260507-2000-work2home-18415859573,EveningA,StationHomePreferred:G3,C052,2026-05-07T18:09:24.338Z,valid,0.56,23.57,False
20260507-2000-work2home-18415859573,EveningA,HomeStationPreferred:G1,C042,2026-05-07T18:09:25.356Z,wrong_direction,179.05,24.22,False
20260507-2000-work2home-18415859573,EveningA,HomeFosh:G1,C069,2026-05-07T18:09:47.902Z,wrong_direction,178.07,24.87,False
20260507-2000-work2home-18415859573,EveningA,EveningA:G3,C009,2026-05-07T18:11:03.273Z,valid,4.58,24.37,True
20260507-2000-work2home-18415859573,EveningA,Morning:G1,C002,2026-05-07T18:11:31.902Z,wrong_direction,179.01,24.57,False
20260507-2000-work2home-18415859573,EveningA,HomeStationPreferred:START,C041,2026-05-07T18:14:14.546Z,wrong_direction,178.72,23.89,False
20260507-2000-work2home-18415859573,EveningA,HomeChurch:START,C041,2026-05-07T18:14:15.478Z,wrong_direction,176.8,23.22,False
20260507-2000-work2home-18415859573,EveningA,HomeFosh:START,C041,2026-05-07T18:14:18.408Z,wrong_direction,176.8,23.53,False
20260507-2000-work2home-18415859573,EveningA,HomeStationViaFosh:START,C041,2026-05-07T18:14:19.069Z,wrong_direction,178.6,22.8,False
20260507-2000-work2home-18415859573,EveningA,StationHomePreferred:FINISH,C053,2026-05-07T18:14:21.798Z,valid,0.6,22.26,False
20260507-2000-work2home-18415859573,EveningA,FoshHome:FINISH,C053,2026-05-07T18:14:25.106Z,valid,2.33,23.87,False
20260507-2000-work2home-18415859573,EveningA,Morning:START,C001,2026-05-07T18:14:34.754Z,wrong_direction,178.07,24.0,False
20260507-2000-work2home-18415859573,EveningA,EveningA:FINISH,C010,2026-05-07T18:14:35.496Z,valid,3.98,23.03,True
20260507-2000-work2home-18415859573,EveningA,ChurchHome:FINISH,C010,2026-05-07T18:14:37.057Z,valid,5.79,20.27,False
20260508-2339-work2home-18430512300,EveningB,WorkChurchA:START,C054,2026-05-08T21:39:25.560Z,valid,0.32,4.94,False
20260508-2339-work2home-18430512300,EveningB,WorkChurchB:START,C035,2026-05-08T21:39:25.914Z,valid,59.44,4.94,False
20260508-2339-work2home-18430512300,EveningB,MorningB:FINISH,C020,2026-05-08T21:39:56.570Z,wrong_direction,175.02,12.1,False
20260508-2339-work2home-18430512300,EveningB,EveningB:START,C011,2026-05-08T21:39:56.570Z,valid,4.86,12.1,True
20260508-2339-work2home-18430512300,EveningB,EveningB:G1,C012,2026-05-08T21:43:25.447Z,valid,0.11,24.09,True
20260508-2339-work2home-18430512300,EveningB,MorningB:G3,C019,2026-05-08T21:43:25.448Z,wrong_direction,179.73,24.09,False
20260508-2339-work2home-18430512300,EveningB,FoshHome:G2,C075,2026-05-08T21:44:00.259Z,valid,0.34,24.9,False
20260508-2339-work2home-18430512300,EveningB,ChurchHome:G2,C068,2026-05-08T21:45:38.216Z,valid,1.02,24.58,False
20260508-2339-work2home-18430512300,EveningB,EveningB:G2,C013,2026-05-08T21:46:42.795Z,valid,0.63,24.36,True
20260508-2339-work2home-18430512300,EveningB,MorningB:G2,C018,2026-05-08T21:46:42.795Z,wrong_direction,179.37,24.36,False
20260508-2339-work2home-18430512300,EveningB,FoshHome:G3,C076,2026-05-08T21:49:02.965Z,valid,0.47,30.1,False
20260508-2339-work2home-18430512300,EveningB,HomeChurch:G1,C017,2026-05-08T21:49:50.633Z,wrong_direction,173.68,30.83,False
20260508-2339-work2home-18430512300,EveningB,MorningB:G1,C017,2026-05-08T21:49:50.790Z,wrong_direction,168.15,30.83,False
20260508-2339-work2home-18430512300,EveningB,EveningB:G3,C014,2026-05-08T21:49:50.791Z,valid,8.58,30.83,True
20260508-2339-work2home-18430512300,EveningB,ChurchHome:G3,C014,2026-05-08T21:49:52.802Z,valid,1.14,30.14,False
20260508-2339-work2home-18430512300,EveningB,EveningB:FINISH,C015,2026-05-08T21:52:50.529Z,valid,0.63,23.7,True
20260508-2339-work2home-18430512300,EveningB,MorningB:START,C016,2026-05-08T21:53:59.697Z,wrong_direction,173.63,23.01,False
20260509-1218-home2work-18436286963,Morning,ChurchHome:FINISH,C010,2026-05-09T10:18:40.622Z,wrong_direction,178.83,22.21,False
20260509-1218-home2work-18436286963,Morning,EveningA:FINISH,C010,2026-05-09T10:18:42.179Z,wrong_direction,177.58,23.82,False
20260509-1218-home2work-18436286963,Morning,Morning:START,C001,2026-05-09T10:18:42.908Z,valid,1.44,23.82,True
20260509-1218-home2work-18436286963,Morning,FoshHome:FINISH,C053,2026-05-09T10:18:52.067Z,wrong_direction,179.1,24.72,False
20260509-1218-home2work-18436286963,Morning,StationHomePreferred:FINISH,C053,2026-05-09T10:18:55.140Z,wrong_direction,178.68,25.02,False
20260509-1218-home2work-18436286963,Morning,HomeStationViaFosh:START,C041,2026-05-09T10:18:57.663Z,valid,3.59,24.72,False
20260509-1218-home2work-18436286963,Morning,HomeFosh:START,C041,2026-05-09T10:18:58.288Z,valid,0.37,24.83,False
20260509-1218-home2work-18436286963,Morning,HomeChurch:START,C041,2026-05-09T10:19:00.962Z,valid,3.29,25.16,False
20260509-1218-home2work-18436286963,Morning,HomeStationPreferred:START,C041,2026-05-09T10:19:01.825Z,valid,1.84,25.41,False
20260509-1218-home2work-18436286963,Morning,Morning:G1,C002,2026-05-09T10:21:52.449Z,valid,1.44,24.24,True
20260509-1218-home2work-18436286963,Morning,EveningA:G3,C009,2026-05-09T10:22:21.396Z,wrong_direction,178.9,24.11,False
20260509-1218-home2work-18436286963,Morning,HomeFosh:G1,C069,2026-05-09T10:23:37.619Z,valid,11.61,24.11,False
20260509-1218-home2work-18436286963,Morning,HomeStationPreferred:G1,C042,2026-05-09T10:24:00.203Z,valid,1.31,24.42,False
20260509-1218-home2work-18436286963,Morning,StationHomePreferred:G3,C052,2026-05-09T10:24:01.201Z,wrong_direction,179.03,23.42,False
20260509-1218-home2work-18436286963,Morning,HomeStationViaFosh:G1,C046,2026-05-09T10:24:07.718Z,valid,0.66,24.91,False
20260509-1218-home2work-18436286963,Morning,EveningA:G2,C008,2026-05-09T10:24:59.215Z,wrong_direction,176.64,24.63,False
20260509-1218-home2work-18436286963,Morning,Morning:G2,C003,2026-05-09T10:25:14.178Z,valid,5.43,24.48,True
20260509-1218-home2work-18436286963,Morning,HomeFosh:G2,C070,2026-05-09T10:28:41.031Z,valid,0.5,27.44,False
20260509-1218-home2work-18436286963,Morning,EveningA:G1,C007,2026-05-09T10:28:46.912Z,wrong_direction,177.14,23.45,False
20260509-1218-home2work-18436286963,Morning,Morning:G3,C004,2026-05-09T10:29:10.738Z,valid,3.75,23.8,True
20260509-1218-home2work-18436286963,Morning,StationHomePreferred:G2,C051,2026-05-09T10:29:21.091Z,wrong_direction,144.77,20.3,False
20260509-1218-home2work-18436286963,Morning,HomeStationPreferred:G2,C043,2026-05-09T10:29:21.239Z,valid,32.85,20.3,False
20260509-1218-home2work-18436286963,Morning,HomeStationViaFosh:G2,C047,2026-05-09T10:29:47.315Z,valid,1.49,24.72,False
20260509-1218-home2work-18436286963,Morning,EveningA:START,C006,2026-05-09T10:32:20.846Z,wrong_direction,168.78,24.99,False
20260509-1218-home2work-18436286963,Morning,Morning:FINISH,C005,2026-05-09T10:32:36.682Z,valid,2.98,26.5,True
20260509-1658-work2home-18440392749,EveningA,Morning:FINISH,C005,2026-05-09T14:58:18.999Z,wrong_direction,172.35,21.15,False
20260509-1658-work2home-18440392749,EveningA,EveningA:START,C006,2026-05-09T14:58:35.095Z,valid,14.75,23.59,True
20260509-1658-work2home-18440392749,EveningA,HomeStationViaFosh:G2,C047,2026-05-09T15:01:05.737Z,wrong_direction,179.59,24.78,False
20260509-1658-work2home-18440392749,EveningA,HomeStationPreferred:G2,C043,2026-05-09T15:01:30.426Z,wrong_direction,152.66,22.88,False
20260509-1658-work2home-18440392749,EveningA,StationHomePreferred:G2,C051,2026-05-09T15:01:30.526Z,valid,29.72,22.88,False
20260509-1658-work2home-18440392749,EveningA,Morning:G3,C004,2026-05-09T15:01:42.767Z,wrong_direction,178.49,21.38,False
20260509-1658-work2home-18440392749,EveningA,EveningA:G1,C007,2026-05-09T15:02:04.788Z,valid,4.86,27.19,True
20260509-1658-work2home-18440392749,EveningA,HomeFosh:G2,C070,2026-05-09T15:02:11.216Z,wrong_direction,177.4,23.8,False
20260509-1658-work2home-18440392749,EveningA,Morning:G2,C003,2026-05-09T15:05:37.217Z,wrong_direction,179.15,24.87,False
20260509-1658-work2home-18440392749,EveningA,EveningA:G2,C008,2026-05-09T15:05:51.782Z,valid,16.18,23.7,True
20260509-1658-work2home-18440392749,EveningA,HomeStationViaFosh:G1,C046,2026-05-09T15:06:42.308Z,wrong_direction,179.71,24.71,False
20260509-1658-work2home-18440392749,EveningA,StationHomePreferred:G3,C052,2026-05-09T15:06:48.747Z,valid,1.65,24.18,False
20260509-1658-work2home-18440392749,EveningA,HomeStationPreferred:G1,C042,2026-05-09T15:06:49.754Z,wrong_direction,179.42,24.02,False
20260509-1658-work2home-18440392749,EveningA,HomeFosh:G1,C069,2026-05-09T15:07:12.549Z,wrong_direction,168.81,25.52,False
20260509-1658-work2home-18440392749,EveningA,EveningA:G3,C009,2026-05-09T15:08:27.537Z,valid,2.69,25.24,True
20260509-1658-work2home-18440392749,EveningA,Morning:G1,C002,2026-05-09T15:08:56.551Z,wrong_direction,175.11,23.19,False
20260509-1658-work2home-18440392749,EveningA,HomeStationPreferred:START,C041,2026-05-09T15:11:50.672Z,wrong_direction,176.67,16.85,False
20260509-1658-work2home-18440392749,EveningA,HomeChurch:START,C041,2026-05-09T15:11:51.973Z,wrong_direction,178.84,16.86,False
20260509-1658-work2home-18440392749,EveningA,HomeFosh:START,C041,2026-05-09T15:11:56.785Z,wrong_direction,175.49,13.48,False
20260509-1658-work2home-18440392749,EveningA,HomeStationViaFosh:START,C041,2026-05-09T15:11:57.871Z,wrong_direction,179.78,14.48,False
20260509-1658-work2home-18440392749,EveningA,StationHomePreferred:FINISH,C053,2026-05-09T15:12:02.012Z,valid,1.58,15.95,False
20260509-1658-work2home-18440392749,EveningA,FoshHome:FINISH,C053,2026-05-09T15:12:06.676Z,valid,0.19,19.24,False
20260509-1658-work2home-18440392749,EveningA,Morning:START,C001,2026-05-09T15:12:21.857Z,wrong_direction,178.56,12.23,False
20260509-1658-work2home-18440392749,EveningA,EveningA:FINISH,C010,2026-05-09T15:12:23.120Z,valid,5.67,13.83,True
20260509-1658-work2home-18440392749,EveningA,ChurchHome:FINISH,C010,2026-05-09T15:12:25.611Z,valid,9.35,13.77,False
20260510-2240-work2home-18457464253,EveningB,WorkChurchA:START,C054,2026-05-10T20:41:09.423Z,valid,10.82,23.53,False
20260510-2240-work2home-18457464253,EveningB,WorkChurchB:START,C035,2026-05-10T20:41:09.634Z,valid,48.31,23.53,False
20260510-2240-work2home-18457464253,EveningB,MorningB:FINISH,C020,2026-05-10T20:41:35.823Z,wrong_direction,179.14,26.95,False
20260510-2240-work2home-18457464253,EveningB,EveningB:START,C011,2026-05-10T20:41:35.824Z,valid,0.99,26.95,True
20260510-2240-work2home-18457464253,EveningB,MorningB:G3,C019,2026-05-10T20:45:17.274Z,wrong_direction,178.67,25.65,False
20260510-2240-work2home-18457464253,EveningB,EveningB:G1,C012,2026-05-10T20:45:17.274Z,valid,1.72,25.65,True
20260510-2240-work2home-18457464253,EveningB,FoshHome:G2,C075,2026-05-10T20:45:52.330Z,valid,8.37,26.76,False
20260510-2240-work2home-18457464253,EveningB,ChurchHome:G2,C068,2026-05-10T20:47:35.213Z,valid,0.16,23.54,False
20260510-2240-work2home-18457464253,EveningB,EveningB:G2,C013,2026-05-10T20:48:40.099Z,valid,0.46,24.8,True
20260510-2240-work2home-18457464253,EveningB,MorningB:G2,C018,2026-05-10T20:48:40.099Z,wrong_direction,179.54,24.8,False
20260510-2240-work2home-18457464253,EveningB,FoshHome:G3,C076,2026-05-10T20:50:56.130Z,valid,0.99,31.12,False
20260510-2240-work2home-18457464253,EveningB,HomeChurch:G1,C017,2026-05-10T20:51:44.690Z,wrong_direction,177.0,32.67,False
20260510-2240-work2home-18457464253,EveningB,EveningB:G3,C014,2026-05-10T20:51:44.851Z,valid,0.74,32.67,True
20260510-2240-work2home-18457464253,EveningB,MorningB:G1,C017,2026-05-10T20:51:44.868Z,wrong_direction,177.47,32.67,False
20260510-2240-work2home-18457464253,EveningB,ChurchHome:G3,C014,2026-05-10T20:51:47.141Z,valid,4.67,29.74,False
20260510-2240-work2home-18457464253,EveningB,EveningB:FINISH,C015,2026-05-10T20:54:50.585Z,valid,1.09,22.64,True
20260510-2240-work2home-18457464253,EveningB,MorningB:START,C016,2026-05-10T20:56:07.346Z,wrong_direction,176.19,19.47,False
20260511-2019-home2work-18467449876,Morning,ChurchHome:FINISH,C010,2026-05-11T18:20:17.845Z,wrong_direction,178.48,21.99,False
20260511-2019-home2work-18467449876,Morning,EveningA:FINISH,C010,2026-05-11T18:20:19.341Z,wrong_direction,176.06,23.67,False
20260511-2019-home2work-18467449876,Morning,Morning:START,C001,2026-05-11T18:20:20.062Z,valid,3.29,22.8,True
20260511-2019-home2work-18467449876,Morning,FoshHome:FINISH,C053,2026-05-11T18:20:29.828Z,wrong_direction,178.44,23.25,False
20260511-2019-home2work-18467449876,Morning,StationHomePreferred:FINISH,C053,2026-05-11T18:20:33.061Z,wrong_direction,178.03,24.12,False
20260511-2019-home2work-18467449876,Morning,HomeStationViaFosh:START,C041,2026-05-11T18:20:35.593Z,valid,1.84,24.35,False
20260511-2019-home2work-18467449876,Morning,HomeFosh:START,C041,2026-05-11T18:20:36.235Z,valid,1.25,23.81,False
20260511-2019-home2work-18467449876,Morning,HomeChurch:START,C041,2026-05-11T18:20:39.016Z,valid,3.61,24.06,False
20260511-2019-home2work-18467449876,Morning,HomeStationPreferred:START,C041,2026-05-11T18:20:39.928Z,valid,2.86,24.06,False
20260511-2019-home2work-18467449876,Morning,Morning:G1,C002,2026-05-11T18:23:23.986Z,valid,0.99,24.57,True
20260511-2019-home2work-18467449876,Morning,EveningA:G3,C009,2026-05-11T18:23:53.364Z,wrong_direction,178.25,23.15,False
20260511-2019-home2work-18467449876,Morning,HomeFosh:G1,C069,2026-05-11T18:25:10.827Z,valid,11.85,24.94,False
20260511-2019-home2work-18467449876,Morning,HomeStationPreferred:G1,C042,2026-05-11T18:25:33.584Z,valid,1.27,24.32,False
20260511-2019-home2work-18467449876,Morning,StationHomePreferred:G3,C052,2026-05-11T18:25:34.586Z,wrong_direction,179.05,24.06,False
20260511-2019-home2work-18467449876,Morning,HomeStationViaFosh:G1,C046,2026-05-11T18:25:41.047Z,valid,0.46,24.32,False
20260511-2019-home2work-18467449876,Morning,EveningA:G2,C008,2026-05-11T18:26:32.509Z,wrong_direction,176.64,24.63,False
20260511-2019-home2work-18467449876,Morning,Morning:G2,C003,2026-05-11T18:26:47.496Z,valid,0.21,25.24,True
20260511-2019-home2work-18467449876,Morning,HomeFosh:G2,C070,2026-05-11T18:30:22.166Z,valid,0.58,20.26,False
20260511-2019-home2work-18467449876,Morning,EveningA:G1,C007,2026-05-11T18:30:28.718Z,wrong_direction,163.38,24.98,False
20260511-2019-home2work-18467449876,Morning,Morning:G3,C004,2026-05-11T18:30:52.266Z,valid,5.6,32.89,True
20260511-2019-home2work-18467449876,Morning,StationHomePreferred:G2,C051,2026-05-11T18:31:02.247Z,wrong_direction,112.39,29.82,False
20260511-2019-home2work-18467449876,Morning,HomeStationPreferred:G2,C043,2026-05-11T18:31:02.501Z,valid,65.23,29.82,False
20260511-2019-home2work-18467449876,Morning,HomeStationViaFosh:G2,C047,2026-05-11T18:31:28.919Z,valid,1.17,24.09,False
20260511-2019-home2work-18467449876,Morning,EveningA:START,C006,2026-05-11T18:33:59.140Z,wrong_direction,163.23,23.46,False
20260511-2019-home2work-18467449876,Morning,Morning:FINISH,C005,2026-05-11T18:34:16.266Z,valid,13.44,15.59,True
20260512-0218-work2home-18470959015,EveningB,WorkChurchA:START,C054,2026-05-12T00:19:01.978Z,valid,16.27,14.82,False
20260512-0218-work2home-18470959015,EveningB,WorkChurchB:START,C035,2026-05-12T00:19:02.264Z,valid,54.44,17.77,False
20260512-0218-work2home-18470959015,EveningB,MorningB:FINISH,C020,2026-05-12T00:19:30.336Z,wrong_direction,178.79,30.58,False
20260512-0218-work2home-18470959015,EveningB,EveningB:START,C011,2026-05-12T00:19:30.337Z,valid,1.08,30.58,True
20260512-0218-work2home-18470959015,EveningB,MorningB:G3,C019,2026-05-12T00:23:02.246Z,wrong_direction,178.27,23.63,False
20260512-0218-work2home-18470959015,EveningB,EveningB:G1,C012,2026-05-12T00:23:02.247Z,valid,1.35,23.63,True
20260512-0218-work2home-18470959015,EveningB,FoshHome:G2,C075,2026-05-12T00:23:38.136Z,valid,0.29,23.68,False
20260512-0218-work2home-18470959015,EveningB,ChurchHome:G2,C068,2026-05-12T00:25:21.697Z,valid,0.59,22.97,False
20260512-0218-work2home-18470959015,EveningB,EveningB:G2,C013,2026-05-12T00:26:29.926Z,valid,0.55,24.41,True
20260512-0218-work2home-18470959015,EveningB,MorningB:G2,C018,2026-05-12T00:26:29.926Z,wrong_direction,179.45,24.41,False
20260512-0218-work2home-18470959015,EveningB,FoshHome:G3,C076,2026-05-12T00:28:48.646Z,valid,7.23,23.74,False
20260512-0218-work2home-18470959015,EveningB,HomeChurch:G1,C017,2026-05-12T00:29:38.756Z,wrong_direction,179.19,23.29,False
20260512-0218-work2home-18470959015,EveningB,MorningB:G1,C017,2026-05-12T00:29:38.954Z,wrong_direction,175.29,23.29,False
20260512-0218-work2home-18470959015,EveningB,EveningB:G3,C014,2026-05-12T00:29:38.960Z,valid,1.44,23.29,True
20260512-0218-work2home-18470959015,EveningB,ChurchHome:G3,C014,2026-05-12T00:29:41.231Z,valid,3.7,24.39,False
20260512-0218-work2home-18470959015,EveningB,EveningB:FINISH,C015,2026-05-12T00:32:52.315Z,valid,2.51,21.17,True
20260512-0218-work2home-18470959015,EveningB,MorningB:START,C016,2026-05-12T00:34:07.503Z,wrong_direction,179.32,19.03,False
20260512-1318-home2work-18475679409,Morning,ChurchHome:FINISH,C010,2026-05-12T11:19:08.434Z,wrong_direction,175.13,22.38,False
20260512-1318-home2work-18475679409,Morning,EveningA:FINISH,C010,2026-05-12T11:19:09.933Z,wrong_direction,174.12,23.36,False
20260512-1318-home2work-18475679409,Morning,Morning:START,C001,2026-05-12T11:19:10.731Z,valid,0.64,21.55,True
20260512-1318-home2work-18475679409,Morning,FoshHome:FINISH,C053,2026-05-12T11:19:20.363Z,wrong_direction,178.86,23.44,False
20260512-1318-home2work-18475679409,Morning,StationHomePreferred:FINISH,C053,2026-05-12T11:19:23.443Z,wrong_direction,178.37,24.57,False
20260512-1318-home2work-18475679409,Morning,HomeStationViaFosh:START,C041,2026-05-12T11:19:26.051Z,valid,4.86,25.29,False
20260512-1318-home2work-18475679409,Morning,HomeFosh:START,C041,2026-05-12T11:19:26.667Z,valid,5.66,25.29,False
20260512-1318-home2work-18475679409,Morning,HomeChurch:START,C041,2026-05-12T11:19:29.341Z,valid,1.91,25.67,False
20260512-1318-home2work-18475679409,Morning,HomeStationPreferred:START,C041,2026-05-12T11:19:30.193Z,valid,0.16,26.19,False
20260512-1318-home2work-18475679409,Morning,Morning:G1,C002,2026-05-12T11:22:57.000Z,valid,0.99,24.57,True
20260512-1318-home2work-18475679409,Morning,Morning:G1,C002,2026-05-12T11:22:57.000Z,refire_suppressed,0.4,24.88,True
20260512-1318-home2work-18475679409,Morning,EveningA:G3,C009,2026-05-12T11:23:25.893Z,wrong_direction,179.97,24.25,False
20260512-1318-home2work-18475679409,Morning,HomeFosh:G1,C069,2026-05-12T11:24:43.078Z,valid,1.25,22.39,False
20260512-1318-home2work-18475679409,Morning,HomeStationPreferred:G1,C042,2026-05-12T11:25:05.934Z,valid,0.52,24.71,False
20260512-1318-home2work-18475679409,Morning,StationHomePreferred:G3,C052,2026-05-12T11:25:06.906Z,wrong_direction,179.44,24.91,False
20260512-1318-home2work-18475679409,Morning,HomeStationViaFosh:G1,C046,2026-05-12T11:25:13.320Z,valid,0.66,24.91,False
20260512-1318-home2work-18475679409,Morning,EveningA:G2,C008,2026-05-12T11:26:04.246Z,wrong_direction,170.84,25.75,False
20260512-1318-home2work-18475679409,Morning,Morning:G2,C003,2026-05-12T11:26:19.351Z,valid,0.85,24.87,True
20260512-1318-home2work-18475679409,Morning,HomeFosh:G2,C070,2026-05-12T11:29:44.123Z,valid,11.72,26.95,False
20260512-1318-home2work-18475679409,Morning,EveningA:G1,C007,2026-05-12T11:29:51.028Z,wrong_direction,178.03,25.34,False
20260512-1318-home2work-18475679409,Morning,Morning:G3,C004,2026-05-12T11:30:14.173Z,valid,1.8,29.39,True
20260512-1318-home2work-18475679409,Morning,StationHomePreferred:G2,C051,2026-05-12T11:30:24.887Z,wrong_direction,135.66,24.17,False
20260512-1318-home2work-18475679409,Morning,HomeStationPreferred:G2,C043,2026-05-12T11:30:25.012Z,valid,11.57,22.36,False
20260512-1318-home2work-18475679409,Morning,HomeStationViaFosh:G2,C047,2026-05-12T11:30:50.403Z,valid,1.05,24.22,False
20260512-1318-home2work-18475679409,Morning,EveningA:START,C006,2026-05-12T11:33:20.453Z,wrong_direction,164.43,24.26,False
20260512-1318-home2work-18475679409,Morning,Morning:FINISH,C005,2026-05-12T11:33:36.670Z,valid,12.72,21.38,True
20260512-1318-home2work-18475679409,Morning,WorkChurchA:START,C054,2026-05-12T11:33:56.248Z,valid,0.15,27.97,False
20260512-1318-home2work-18475679409,Morning,WorkChurchB:START,C035,2026-05-12T11:33:56.391Z,valid,59.28,27.97,False
20260512-1318-home2work-18475679409,Morning,WorkChurchB:START,C035,2026-05-12T11:34:03.512Z,wrong_direction,168.66,29.51,False
20260512-1318-home2work-18475679409,Morning,StationWorkAlt:FINISH,C035,2026-05-12T11:34:05.954Z,wrong_direction,177.36,24.61,False
20260512-2235-work2home-18482718570,EveningB,StationWorkAlt:FINISH,C035,2026-05-12T20:35:42.098Z,valid,10.46,19.45,False
20260512-2235-work2home-18482718570,EveningB,WorkChurchB:START,C035,2026-05-12T20:35:45.865Z,valid,15.71,20.09,False
20260512-2235-work2home-18482718570,EveningB,EveningB:START,C011,2026-05-12T20:36:08.610Z,valid,0.87,22.0,True
20260512-2235-work2home-18482718570,EveningB,MorningB:FINISH,C020,2026-05-12T20:36:08.611Z,wrong_direction,179.25,22.0,False
20260512-2235-work2home-18482718570,EveningB,EveningB:G1,C012,2026-05-12T20:39:43.081Z,valid,2.55,25.22,True
20260512-2235-work2home-18482718570,EveningB,MorningB:G3,C019,2026-05-12T20:39:43.081Z,wrong_direction,177.07,25.22,False
20260512-2235-work2home-18482718570,EveningB,FoshHome:G2,C075,2026-05-12T20:40:19.410Z,valid,5.66,24.89,False
20260512-2235-work2home-18482718570,EveningB,ChurchHome:G2,C068,2026-05-12T20:42:00.594Z,valid,1.97,22.31,False
20260512-2235-work2home-18482718570,EveningB,EveningB:G2,C013,2026-05-12T20:43:08.207Z,valid,1.82,24.32,True
20260512-2235-work2home-18482718570,EveningB,MorningB:G2,C018,2026-05-12T20:43:08.207Z,wrong_direction,178.18,24.32,False
20260512-2235-work2home-18482718570,EveningB,FoshHome:G3,C076,2026-05-12T20:45:25.661Z,valid,0.47,30.61,False
20260512-2235-work2home-18482718570,EveningB,HomeChurch:G1,C017,2026-05-12T20:46:13.630Z,wrong_direction,166.06,31.42,False
20260512-2235-work2home-18482718570,EveningB,EveningB:G3,C014,2026-05-12T20:46:13.792Z,valid,16.19,31.42,True
20260512-2235-work2home-18482718570,EveningB,MorningB:G1,C017,2026-05-12T20:46:13.795Z,wrong_direction,160.54,31.42,False
20260512-2235-work2home-18482718570,EveningB,ChurchHome:G3,C014,2026-05-12T20:46:15.882Z,valid,0.78,26.88,False
20260512-2235-work2home-18482718570,EveningB,EveningB:FINISH,C015,2026-05-12T20:49:18.510Z,valid,0.29,23.48,True
20260512-2235-work2home-18482718570,EveningB,MorningB:START,C016,2026-05-12T20:50:36.424Z,wrong_direction,172.4,19.4,False
20260513-1018-home2work-18487681925,Morning,ChurchHome:FINISH,C010,2026-05-13T08:19:00.965Z,wrong_direction,166.44,19.53,False
20260513-1018-home2work-18487681925,Morning,EveningA:FINISH,C010,2026-05-13T08:19:02.573Z,wrong_direction,169.17,22.46,False
20260513-1018-home2work-18487681925,Morning,Morning:START,C001,2026-05-13T08:19:03.314Z,valid,5.6,22.99,True
20260513-1018-home2work-18487681925,Morning,FoshHome:FINISH,C053,2026-05-13T08:19:12.631Z,wrong_direction,178.35,24.77,False
20260513-1018-home2work-18487681925,Morning,StationHomePreferred:FINISH,C053,2026-05-13T08:19:15.734Z,wrong_direction,176.18,23.82,False
20260513-1018-home2work-18487681925,Morning,HomeStationViaFosh:START,C041,2026-05-13T08:19:18.320Z,valid,1.04,24.72,False
20260513-1018-home2work-18487681925,Morning,HomeFosh:START,C041,2026-05-13T08:19:18.954Z,valid,1.84,24.72,False
20260513-1018-home2work-18487681925,Morning,HomeChurch:START,C041,2026-05-13T08:19:21.620Z,valid,2.59,25.41,False
20260513-1018-home2work-18487681925,Morning,HomeStationPreferred:START,C041,2026-05-13T08:19:22.492Z,valid,0.41,25.28,False
20260513-1018-home2work-18487681925,Morning,Morning:G1,C002,2026-05-13T08:22:16.653Z,valid,0.08,24.25,True
20260513-1018-home2work-18487681925,Morning,EveningA:G3,C009,2026-05-13T08:22:45.599Z,wrong_direction,177.37,24.14,False
20260513-1018-home2work-18487681925,Morning,HomeFosh:G1,C069,2026-05-13T08:24:01.189Z,valid,7.28,25.97,False
20260513-1018-home2work-18487681925,Morning,HomeStationPreferred:G1,C042,2026-05-13T08:24:24.198Z,valid,0.89,24.51,False
20260513-1018-home2work-18487681925,Morning,StationHomePreferred:G3,C052,2026-05-13T08:24:25.185Z,wrong_direction,178.7,24.51,False
20260513-1018-home2work-18487681925,Morning,HomeStationViaFosh:G1,C046,2026-05-13T08:24:31.572Z,valid,1.38,24.66,False
20260513-1018-home2work-18487681925,Morning,EveningA:G2,C008,2026-05-13T08:25:22.245Z,wrong_direction,176.18,28.51,False
20260513-1018-home2work-18487681925,Morning,Morning:G2,C003,2026-05-13T08:25:37.456Z,valid,0.88,24.07,True
20260513-1018-home2work-18487681925,Morning,HomeFosh:G2,C070,2026-05-13T08:29:10.212Z,valid,8.62,22.97,False
20260513-1018-home2work-18487681925,Morning,EveningA:G1,C007,2026-05-13T08:29:16.811Z,wrong_direction,179.82,24.44,False
20260513-1018-home2work-18487681925,Morning,Morning:G3,C004,2026-05-13T08:29:40.550Z,valid,5.71,28.33,True
20260513-1018-home2work-18487681925,Morning,StationHomePreferred:G2,C051,2026-05-13T08:29:51.355Z,wrong_direction,145.54,24.99,False
20260513-1018-home2work-18487681925,Morning,HomeStationPreferred:G2,C043,2026-05-13T08:29:51.470Z,valid,32.08,24.99,False
20260513-1018-home2work-18487681925,Morning,HomeStationViaFosh:G2,C047,2026-05-13T08:30:16.978Z,valid,0.81,23.99,False
20260513-1018-home2work-18487681925,Morning,EveningA:START,C006,2026-05-13T08:32:42.905Z,wrong_direction,161.99,24.61,False
20260513-1018-home2work-18487681925,Morning,Morning:FINISH,C005,2026-05-13T08:32:58.615Z,valid,2.33,30.83,True
20260513-1018-home2work-18487681925,Morning,WorkChurchA:START,C054,2026-05-13T08:33:17.429Z,valid,5.65,19.08,False
20260513-1018-home2work-18487681925,Morning,WorkChurchB:START,C035,2026-05-13T08:33:17.604Z,valid,64.78,19.08,False
20260513-1018-home2work-18487681925,Morning,WorkChurchB:START,C035,2026-05-13T08:33:24.912Z,wrong_direction,177.81,8.63,False
20260513-1018-home2work-18487681925,Morning,StationWorkAlt:FINISH,C035,2026-05-13T08:33:27.720Z,wrong_direction,172.68,28.0,False
20260515-0929-home2work-18513325350,Morning,ChurchHome:FINISH,C010,2026-05-15T07:30:07.769Z,wrong_direction,172.25,22.98,False
20260515-0929-home2work-18513325350,Morning,EveningA:FINISH,C010,2026-05-15T07:30:09.369Z,wrong_direction,177.99,21.44,False
20260515-0929-home2work-18513325350,Morning,Morning:START,C001,2026-05-15T07:30:10.167Z,valid,0.17,21.29,True
20260515-0929-home2work-18513325350,Morning,FoshHome:FINISH,C053,2026-05-15T07:30:19.651Z,wrong_direction,179.12,24.38,False
20260515-0929-home2work-18513325350,Morning,StationHomePreferred:FINISH,C053,2026-05-15T07:30:22.793Z,wrong_direction,178.03,24.12,False
20260515-0929-home2work-18513325350,Morning,HomeStationViaFosh:START,C041,2026-05-15T07:30:25.400Z,valid,0.86,23.62,False
20260515-0929-home2work-18513325350,Morning,HomeFosh:START,C041,2026-05-15T07:30:26.054Z,valid,2.91,24.81,False
20260515-0929-home2work-18513325350,Morning,HomeChurch:START,C041,2026-05-15T07:30:28.733Z,valid,3.65,25.35,False
20260515-0929-home2work-18513325350,Morning,HomeStationPreferred:START,C041,2026-05-15T07:30:29.619Z,valid,1.15,24.53,False
20260515-0929-home2work-18513325350,Morning,Morning:G1,C002,2026-05-15T07:33:15.303Z,valid,0.08,24.25,True
20260515-0929-home2work-18513325350,Morning,EveningA:G3,C009,2026-05-15T07:33:44.811Z,wrong_direction,175.13,21.71,False
20260515-0929-home2work-18513325350,Morning,HomeFosh:G1,C069,2026-05-15T07:35:02.718Z,valid,11.51,22.82,False
20260515-0929-home2work-18513325350,Morning,HomeStationPreferred:G1,C042,2026-05-15T07:35:25.496Z,valid,0.54,24.06,False
20260515-0929-home2work-18513325350,Morning,StationHomePreferred:G3,C052,2026-05-15T07:35:26.501Z,wrong_direction,177.94,24.12,False
20260515-0929-home2work-18513325350,Morning,HomeStationViaFosh:G1,C046,2026-05-15T07:35:32.982Z,valid,0.84,24.12,False
20260515-0929-home2work-18513325350,Morning,EveningA:G2,C008,2026-05-15T07:36:26.454Z,wrong_direction,170.07,24.22,False
20260515-0929-home2work-18513325350,Morning,Morning:G2,C003,2026-05-15T07:36:41.425Z,valid,1.98,21.47,True
20260515-0929-home2work-18513325350,Morning,HomeFosh:G2,C070,2026-05-15T07:40:17.081Z,valid,31.59,28.1,False
20260515-0929-home2work-18513325350,Morning,EveningA:G1,C007,2026-05-15T07:40:23.971Z,wrong_direction,157.85,18.04,False
20260515-0929-home2work-18513325350,Morning,Morning:G3,C004,2026-05-15T07:40:48.734Z,valid,6.11,25.0,True
20260515-0929-home2work-18513325350,Morning,StationHomePreferred:G2,C051,2026-05-15T07:40:58.949Z,wrong_direction,127.27,22.68,False
20260515-0929-home2work-18513325350,Morning,HomeStationPreferred:G2,C043,2026-05-15T07:40:59.126Z,valid,33.99,14.97,False
20260515-0929-home2work-18513325350,Morning,HomeStationViaFosh:G2,C047,2026-05-15T07:41:25.579Z,valid,0.57,23.76,False
20260515-0929-home2work-18513325350,Morning,EveningA:START,C006,2026-05-15T07:43:51.352Z,wrong_direction,165.82,23.99,False
20260515-0929-home2work-18513325350,Morning,Morning:FINISH,C005,2026-05-15T07:44:07.252Z,valid,4.23,20.81,True
20260515-0929-home2work-18513325350,Morning,WorkChurchB:START,C035,2026-05-15T07:44:25.938Z,valid,69.2,21.88,False
20260515-0929-home2work-18513325350,Morning,WorkChurchA:START,C054,2026-05-15T07:44:26.288Z,valid,5.54,19.91,False
20260515-0929-home2work-18513325350,Morning,WorkChurchB:START,C035,2026-05-15T07:44:33.548Z,wrong_direction,161.82,24.44,False
20260515-0929-home2work-18513325350,Morning,StationWorkAlt:FINISH,C035,2026-05-15T07:44:36.311Z,wrong_direction,173.15,22.97,False
20260516-2301-work2home-18534713513,EveningB,StationWorkAlt:FINISH,C035,2026-05-16T21:01:30.266Z,valid,12.53,27.11,False
20260516-2301-work2home-18534713513,EveningB,WorkChurchB:START,C035,2026-05-16T21:01:33.423Z,valid,0.07,20.15,False
20260516-2301-work2home-18534713513,EveningB,EveningB:START,C011,2026-05-16T21:01:57.571Z,valid,0.33,19.69,True
20260516-2301-work2home-18534713513,EveningB,MorningB:FINISH,C020,2026-05-16T21:01:57.571Z,wrong_direction,179.55,19.69,False
20260516-2301-work2home-18534713513,EveningB,MorningB:G3,C019,2026-05-16T21:07:00.424Z,wrong_direction,178.6,24.72,False
20260516-2301-work2home-18534713513,EveningB,EveningB:G1,C012,2026-05-16T21:07:00.424Z,valid,1.01,24.72,True
20260516-2301-work2home-18534713513,EveningB,FoshHome:G2,C075,2026-05-16T21:07:36.112Z,valid,3.63,24.22,False
20260516-2301-work2home-18534713513,EveningB,ChurchHome:G2,C068,2026-05-16T21:09:15.892Z,valid,0.79,23.8,False
20260516-2301-work2home-18534713513,EveningB,EveningB:G2,C013,2026-05-16T21:10:21.585Z,valid,1.97,23.67,True
20260516-2301-work2home-18534713513,EveningB,MorningB:G2,C018,2026-05-16T21:10:21.585Z,wrong_direction,178.03,23.67,False
20260516-2301-work2home-18534713513,EveningB,FoshHome:G3,C076,2026-05-16T21:12:35.461Z,valid,1.04,30.11,False
20260516-2301-work2home-18534713513,EveningB,HomeChurch:G1,C017,2026-05-16T21:13:29.322Z,wrong_direction,176.88,19.77,False
20260516-2301-work2home-18534713513,EveningB,MorningB:G1,C017,2026-05-16T21:13:29.522Z,wrong_direction,171.35,19.77,False
20260516-2301-work2home-18534713513,EveningB,EveningB:G3,C014,2026-05-16T21:13:29.550Z,valid,5.38,19.77,True
20260516-2301-work2home-18534713513,EveningB,ChurchHome:G3,C014,2026-05-16T21:13:32.057Z,valid,1.23,23.75,False
20260516-2301-work2home-18534713513,EveningB,EveningB:FINISH,C015,2026-05-16T21:16:33.253Z,valid,0.99,19.86,True
20260516-2301-work2home-18534713513,EveningB,MorningB:START,C016,2026-05-16T21:17:49.623Z,wrong_direction,174.79,20.48,False
20260518-0945-home2work-18551622838,Morning,ChurchHome:FINISH,C010,2026-05-18T07:46:25.597Z,wrong_direction,179.28,23.28,False
20260518-0945-home2work-18551622838,Morning,EveningA:FINISH,C010,2026-05-18T07:46:27.096Z,wrong_direction,175.72,24.12,False
20260518-0945-home2work-18551622838,Morning,Morning:START,C001,2026-05-18T07:46:27.813Z,valid,0.42,24.12,True
20260518-0945-home2work-18551622838,Morning,FoshHome:FINISH,C053,2026-05-18T07:46:37.028Z,wrong_direction,177.25,25.35,False
20260518-0945-home2work-18551622838,Morning,StationHomePreferred:FINISH,C053,2026-05-18T07:46:40.124Z,wrong_direction,177.99,24.77,False
20260518-0945-home2work-18551622838,Morning,HomeStationViaFosh:START,C041,2026-05-18T07:46:42.741Z,valid,2.84,23.34,False
20260518-0945-home2work-18551622838,Morning,HomeFosh:START,C041,2026-05-18T07:46:43.403Z,valid,4.76,23.45,False
20260518-0945-home2work-18551622838,Morning,HomeChurch:START,C041,2026-05-18T07:46:46.332Z,valid,5.11,23.57,False
20260518-0945-home2work-18551622838,Morning,HomeStationPreferred:START,C041,2026-05-18T07:46:47.272Z,valid,3.21,22.97,False
20260518-0945-home2work-18551622838,Morning,Morning:G1,C002,2026-05-18T07:50:01.086Z,valid,2.67,24.14,True
20260518-0945-home2work-18551622838,Morning,EveningA:G3,C009,2026-05-18T07:50:30.411Z,wrong_direction,177.64,23.51,False
20260518-0945-home2work-18551622838,Morning,HomeFosh:G1,C069,2026-05-18T07:51:47.085Z,valid,6.96,24.68,False
20260518-0945-home2work-18551622838,Morning,HomeStationPreferred:G1,C042,2026-05-18T07:52:09.860Z,valid,2.01,24.82,False
20260518-0945-home2work-18551622838,Morning,StationHomePreferred:G3,C052,2026-05-18T07:52:10.847Z,wrong_direction,179.8,24.46,False
20260518-0945-home2work-18551622838,Morning,HomeStationViaFosh:G1,C046,2026-05-18T07:52:17.357Z,valid,1.95,24.19,False
20260518-0945-home2work-18551622838,Morning,EveningA:G2,C008,2026-05-18T07:53:09.422Z,wrong_direction,177.51,24.49,False
20260518-0945-home2work-18551622838,Morning,Morning:G2,C003,2026-05-18T07:53:24.499Z,valid,7.01,25.04,True
20260518-0945-home2work-18551622838,Morning,HomeFosh:G2,C070,2026-05-18T07:56:55.897Z,valid,7.91,24.51,False
20260518-0945-home2work-18551622838,Morning,EveningA:G1,C007,2026-05-18T07:57:02.220Z,wrong_direction,171.74,25.27,False
20260518-0945-home2work-18551622838,Morning,Morning:G3,C004,2026-05-18T07:57:26.091Z,valid,1.42,32.69,True
20260518-0945-home2work-18551622838,Morning,StationHomePreferred:G2,C051,2026-05-18T07:57:36.410Z,wrong_direction,139.09,20.91,False
20260518-0945-home2work-18551622838,Morning,HomeStationPreferred:G2,C043,2026-05-18T07:57:36.574Z,valid,38.53,20.91,False
20260518-0945-home2work-18551622838,Morning,HomeStationViaFosh:G2,C047,2026-05-18T07:58:01.998Z,valid,1.17,24.09,False
20260518-0945-home2work-18551622838,Morning,EveningA:START,C006,2026-05-18T08:00:34.803Z,wrong_direction,164.38,23.41,False
20260518-0945-home2work-18551622838,Morning,Morning:FINISH,C005,2026-05-18T08:00:51.212Z,valid,0.66,20.84,True
20260518-0945-home2work-18551622838,Morning,WorkChurchA:START,C054,2026-05-18T08:01:10.189Z,valid,7.15,23.67,False
20260518-0945-home2work-18551622838,Morning,WorkChurchB:START,C035,2026-05-18T08:01:10.303Z,valid,51.97,23.67,False
20260518-0945-home2work-18551622838,Morning,WorkChurchB:START,C035,2026-05-18T08:01:15.869Z,wrong_direction,164.74,11.87,False
20260518-0945-home2work-18551622838,Morning,StationWorkAlt:FINISH,C035,2026-05-18T08:01:19.104Z,wrong_direction,175.04,22.21,False
20260518-2018-work2home-18558567720,EveningA,StationWorkAlt:FINISH,C035,2026-05-18T18:18:24.142Z,valid,54.74,20.89,False
20260518-2018-work2home-18558567720,EveningA,WorkChurchB:START,C035,2026-05-18T18:18:28.057Z,valid,3.58,17.31,False
20260518-2018-work2home-18558567720,EveningA,WorkChurchA:START,C054,2026-05-18T18:18:36.903Z,wrong_direction,167.81,31.07,False
20260518-2018-work2home-18558567720,EveningA,WorkChurchB:START,C035,2026-05-18T18:18:38.969Z,wrong_direction,114.08,18.79,False
20260518-2018-work2home-18558567720,EveningA,Morning:FINISH,C005,2026-05-18T18:18:56.688Z,wrong_direction,178.06,25.63,False
20260518-2018-work2home-18558567720,EveningA,EveningA:START,C006,2026-05-18T18:19:12.026Z,valid,11.53,22.86,True
20260518-2018-work2home-18558567720,EveningA,HomeStationViaFosh:G2,C047,2026-05-18T18:21:50.720Z,wrong_direction,179.43,23.76,False
20260518-2018-work2home-18558567720,EveningA,HomeStationPreferred:G2,C043,2026-05-18T18:22:16.822Z,wrong_direction,151.83,17.52,False
20260518-2018-work2home-18558567720,EveningA,StationHomePreferred:G2,C051,2026-05-18T18:22:16.982Z,valid,30.55,17.52,False
20260518-2018-work2home-18558567720,EveningA,Morning:G3,C004,2026-05-18T18:22:28.558Z,wrong_direction,174.3,21.62,False
20260518-2018-work2home-18558567720,EveningA,EveningA:G1,C007,2026-05-18T18:22:53.157Z,valid,1.53,25.51,True
20260518-2018-work2home-18558567720,EveningA,HomeFosh:G2,C070,2026-05-18T18:22:59.069Z,wrong_direction,174.2,30.69,False
20260518-2018-work2home-18558567720,EveningA,Morning:G2,C003,2026-05-18T18:26:34.485Z,wrong_direction,166.32,23.49,False
20260518-2018-work2home-18558567720,EveningA,EveningA:G2,C008,2026-05-18T18:26:51.903Z,valid,2.39,16.41,True
20260518-2018-work2home-18558567720,EveningA,HomeStationViaFosh:G1,C046,2026-05-18T18:27:45.197Z,wrong_direction,177.08,23.54,False
20260518-2018-work2home-18558567720,EveningA,StationHomePreferred:G3,C052,2026-05-18T18:27:51.891Z,valid,0.93,23.77,False
20260518-2018-work2home-18558567720,EveningA,HomeStationPreferred:G1,C042,2026-05-18T18:27:52.899Z,wrong_direction,179.46,24.06,False
20260518-2018-work2home-18558567720,EveningA,HomeFosh:G1,C069,2026-05-18T18:28:16.043Z,wrong_direction,178.64,23.34,False
20260518-2018-work2home-18558567720,EveningA,EveningA:G3,C009,2026-05-18T18:29:33.842Z,valid,1.83,24.9,True
20260518-2018-work2home-18558567720,EveningA,Morning:G1,C002,2026-05-18T18:30:03.386Z,wrong_direction,179.15,23.93,False
20260518-2018-work2home-18558567720,EveningA,HomeStationPreferred:START,C041,2026-05-18T18:33:02.071Z,wrong_direction,179.62,22.53,False
20260518-2018-work2home-18558567720,EveningA,HomeChurch:START,C041,2026-05-18T18:33:03.047Z,wrong_direction,177.67,22.19,False
20260518-2018-work2home-18558567720,EveningA,HomeFosh:START,C041,2026-05-18T18:33:06.094Z,wrong_direction,178.1,22.34,False
20260518-2018-work2home-18558567720,EveningA,HomeStationViaFosh:START,C041,2026-05-18T18:33:06.789Z,wrong_direction,178.9,22.34,False
20260518-2018-work2home-18558567720,EveningA,StationHomePreferred:FINISH,C053,2026-05-18T18:33:09.637Z,valid,0.95,21.81,False
20260518-2018-work2home-18558567720,EveningA,FoshHome:FINISH,C053,2026-05-18T18:33:13.158Z,valid,3.17,20.33,False
20260518-2018-work2home-18558567720,EveningA,Morning:START,C001,2026-05-18T18:33:23.607Z,wrong_direction,179.36,21.55,False
20260518-2018-work2home-18558567720,EveningA,EveningA:FINISH,C010,2026-05-18T18:33:24.405Z,valid,3.69,21.29,True
20260518-2018-work2home-18558567720,EveningA,ChurchHome:FINISH,C010,2026-05-18T18:33:26.050Z,valid,6.53,19.88,False
20260519-0948-home2work-18564554474,Morning,ChurchHome:FINISH,C010,2026-05-19T07:49:32.798Z,wrong_direction,172.35,20.81,False
20260519-0948-home2work-18564554474,Morning,EveningA:FINISH,C010,2026-05-19T07:49:34.434Z,wrong_direction,176.35,21.94,False
20260519-0948-home2work-18564554474,Morning,Morning:START,C001,2026-05-19T07:49:35.233Z,valid,2.33,21.43,True
20260519-0948-home2work-18564554474,Morning,FoshHome:FINISH,C053,2026-05-19T07:49:44.815Z,wrong_direction,178.98,24.08,False
20260519-0948-home2work-18564554474,Morning,StationHomePreferred:FINISH,C053,2026-05-19T07:49:47.983Z,wrong_direction,177.3,23.87,False
20260519-0948-home2work-18564554474,Morning,HomeStationViaFosh:START,C041,2026-05-19T07:49:50.596Z,valid,2.67,23.98,False
20260519-0948-home2work-18564554474,Morning,HomeFosh:START,C041,2026-05-19T07:49:51.238Z,valid,2.64,24.35,False
20260519-0948-home2work-18564554474,Morning,HomeChurch:START,C041,2026-05-19T07:49:53.980Z,valid,2.5,24.12,False
20260519-0948-home2work-18564554474,Morning,HomeStationPreferred:START,C041,2026-05-19T07:49:54.863Z,valid,0.72,24.83,False
20260519-0948-home2work-18564554474,Morning,Morning:G1,C002,2026-05-19T07:53:10.240Z,valid,0.51,24.56,True
20260519-0948-home2work-18564554474,Morning,EveningA:G3,C009,2026-05-19T07:53:39.241Z,wrong_direction,177.18,23.68,False
20260519-0948-home2work-18564554474,Morning,HomeFosh:G1,C069,2026-05-19T07:54:55.630Z,valid,12.01,24.47,False
20260519-0948-home2work-18564554474,Morning,HomeStationPreferred:G1,C042,2026-05-19T07:55:18.732Z,valid,1.6,24.77,False
20260519-0948-home2work-18564554474,Morning,StationHomePreferred:G3,C052,2026-05-19T07:55:19.706Z,wrong_direction,176.91,24.83,False
20260519-0948-home2work-18564554474,Morning,HomeStationViaFosh:G1,C046,2026-05-19T07:55:26.203Z,valid,1.02,24.46,False
20260519-0948-home2work-18564554474,Morning,EveningA:G2,C008,2026-05-19T07:56:16.913Z,wrong_direction,168.47,25.45,False
20260519-0948-home2work-18564554474,Morning,Morning:G2,C003,2026-05-19T07:56:31.836Z,valid,0.0,25.01,True
20260519-0948-home2work-18564554474,Morning,HomeFosh:G2,C070,2026-05-19T08:00:07.104Z,valid,6.24,26.75,False
20260519-0948-home2work-18564554474,Morning,EveningA:G1,C007,2026-05-19T08:00:13.410Z,wrong_direction,172.28,24.46,False
20260519-0948-home2work-18564554474,Morning,Morning:G3,C004,2026-05-19T08:00:37.623Z,valid,0.45,21.34,True
20260519-0948-home2work-18564554474,Morning,StationHomePreferred:G2,C051,2026-05-19T08:00:48.299Z,wrong_direction,109.66,21.21,False
20260519-0948-home2work-18564554474,Morning,HomeStationPreferred:G2,C043,2026-05-19T08:00:48.659Z,valid,67.96,21.21,False
20260519-0948-home2work-18564554474,Morning,HomeStationViaFosh:G2,C047,2026-05-19T08:01:15.998Z,valid,0.57,23.76,False
20260519-0948-home2work-18564554474,Morning,EveningA:START,C006,2026-05-19T08:03:49.581Z,wrong_direction,160.96,23.6,False
20260519-0948-home2work-18564554474,Morning,Morning:FINISH,C005,2026-05-19T08:04:06.751Z,valid,14.05,18.15,True
20260519-1924-work2home-18571285870,EveningB,WorkChurchA:START,C054,2026-05-19T17:24:55.187Z,valid,13.69,17.51,False
20260519-1924-work2home-18571285870,EveningB,WorkChurchB:START,C035,2026-05-19T17:24:55.759Z,valid,45.44,17.51,False
20260519-1924-work2home-18571285870,EveningB,MorningB:FINISH,C020,2026-05-19T17:25:22.779Z,wrong_direction,170.57,23.62,False
20260519-1924-work2home-18571285870,EveningB,EveningB:START,C011,2026-05-19T17:25:22.779Z,valid,9.3,23.62,True
20260519-1924-work2home-18571285870,EveningB,MorningB:G3,C019,2026-05-19T17:29:05.424Z,wrong_direction,179.91,24.71,False
20260519-1924-work2home-18571285870,EveningB,EveningB:G1,C012,2026-05-19T17:29:05.424Z,valid,0.48,24.71,True
20260519-1924-work2home-18571285870,EveningB,FoshHome:G2,C075,2026-05-19T17:29:41.050Z,valid,3.2,24.65,False
20260519-1924-work2home-18571285870,EveningB,ChurchHome:G2,C068,2026-05-19T17:31:24.914Z,valid,1.35,23.71,False
20260519-1924-work2home-18571285870,EveningB,EveningB:G2,C013,2026-05-19T17:32:33.319Z,valid,0.65,24.01,True
20260519-1924-work2home-18571285870,EveningB,MorningB:G2,C018,2026-05-19T17:32:33.319Z,wrong_direction,179.35,24.01,False
20260519-1924-work2home-18571285870,EveningB,FoshHome:G3,C076,2026-05-19T17:34:53.052Z,valid,1.26,28.84,False
20260519-1924-work2home-18571285870,EveningB,HomeChurch:G1,C017,2026-05-19T17:35:39.921Z,wrong_direction,175.61,33.66,False
20260519-1924-work2home-18571285870,EveningB,EveningB:G3,C014,2026-05-19T17:35:40.076Z,valid,1.91,29.94,True
20260519-1924-work2home-18571285870,EveningB,MorningB:G1,C017,2026-05-19T17:35:40.079Z,wrong_direction,178.64,29.94,False
20260519-1924-work2home-18571285870,EveningB,ChurchHome:G3,C014,2026-05-19T17:35:42.018Z,valid,7.07,28.89,False
20260519-1924-work2home-18571285870,EveningB,EveningB:FINISH,C015,2026-05-19T17:38:45.399Z,valid,2.73,23.1,True
20260519-1924-work2home-18571285870,EveningB,HomeStationPreferred:START,C041,2026-05-19T17:39:21.408Z,wrong_direction,179.71,21.62,False
20260519-1924-work2home-18571285870,EveningB,HomeChurch:START,C041,2026-05-19T17:39:22.417Z,wrong_direction,178.09,22.0,False
20260519-1924-work2home-18571285870,EveningB,HomeFosh:START,C041,2026-05-19T17:39:25.493Z,wrong_direction,179.2,21.62,False
20260519-1924-work2home-18571285870,EveningB,HomeStationViaFosh:START,C041,2026-05-19T17:39:26.213Z,wrong_direction,177.08,21.61,False
20260519-1924-work2home-18571285870,EveningB,StationHomePreferred:FINISH,C053,2026-05-19T17:39:29.094Z,valid,0.17,22.07,False
20260519-1924-work2home-18571285870,EveningB,FoshHome:FINISH,C053,2026-05-19T17:39:32.621Z,valid,1.14,23.44,False
20260519-1924-work2home-18571285870,EveningB,Morning:START,C001,2026-05-19T17:39:42.598Z,wrong_direction,179.47,22.84,False
20260519-1924-work2home-18571285870,EveningB,EveningA:FINISH,C010,2026-05-19T17:39:43.353Z,valid,5.65,22.26,False
20260519-1924-work2home-18571285870,EveningB,ChurchHome:FINISH,C010,2026-05-19T17:39:44.923Z,valid,5.51,21.17,False
20260520-1534-home2work-18581983289,Morning,ChurchHome:FINISH,C010,2026-05-20T13:35:30.292Z,wrong_direction,175.45,23.07,False
20260520-1534-home2work-18581983289,Morning,EveningA:FINISH,C010,2026-05-20T13:35:31.815Z,wrong_direction,179.1,21.58,False
20260520-1534-home2work-18581983289,Morning,Morning:START,C001,2026-05-20T13:35:32.618Z,valid,3.11,21.4,True
20260520-1534-home2work-18581983289,Morning,FoshHome:FINISH,C053,2026-05-20T13:35:42.117Z,wrong_direction,177.3,23.34,False
20260520-1534-home2work-18581983289,Morning,StationHomePreferred:FINISH,C053,2026-05-20T13:35:45.278Z,wrong_direction,179.07,24.53,False
20260520-1534-home2work-18581983289,Morning,HomeStationViaFosh:START,C041,2026-05-20T13:35:47.817Z,valid,1.04,24.72,False
20260520-1534-home2work-18581983289,Morning,HomeFosh:START,C041,2026-05-20T13:35:48.436Z,valid,0.39,25.22,False
20260520-1534-home2work-18581983289,Morning,HomeChurch:START,C041,2026-05-20T13:35:51.120Z,valid,1.54,25.47,False
20260520-1534-home2work-18581983289,Morning,HomeStationPreferred:START,C041,2026-05-20T13:35:51.981Z,valid,0.79,25.47,False
20260520-1534-home2work-18581983289,Morning,Morning:G1,C002,2026-05-20T13:38:35.398Z,valid,0.97,24.4,True
20260520-1534-home2work-18581983289,Morning,EveningA:G3,C009,2026-05-20T13:39:04.432Z,wrong_direction,176.53,23.38,False
20260520-1534-home2work-18581983289,Morning,HomeFosh:G1,C069,2026-05-20T13:40:20.688Z,valid,11.85,24.94,False
20260520-1534-home2work-18581983289,Morning,HomeStationPreferred:G1,C042,2026-05-20T13:40:43.197Z,valid,1.31,24.42,False
20260520-1534-home2work-18581983289,Morning,StationHomePreferred:G3,C052,2026-05-20T13:40:44.188Z,wrong_direction,177.61,24.57,False
20260520-1534-home2work-18581983289,Morning,HomeStationViaFosh:G1,C046,2026-05-20T13:40:50.787Z,valid,0.14,23.22,False
20260520-1534-home2work-18581983289,Morning,EveningA:G2,C008,2026-05-20T13:41:45.536Z,wrong_direction,167.69,12.82,False
20260520-1534-home2work-18581983289,Morning,Morning:G2,C003,2026-05-20T13:42:08.553Z,valid,1.21,21.84,True
20260520-1534-home2work-18581983289,Morning,HomeFosh:G2,C070,2026-05-20T13:45:47.585Z,valid,1.48,24.9,False
20260520-1534-home2work-18581983289,Morning,EveningA:G1,C007,2026-05-20T13:45:53.834Z,wrong_direction,168.65,23.05,False
20260520-1534-home2work-18581983289,Morning,Morning:G3,C004,2026-05-20T13:46:16.958Z,valid,4.9,24.28,True
20260520-1534-home2work-18581983289,Morning,StationHomePreferred:G2,C051,2026-05-20T13:46:28.240Z,wrong_direction,162.16,21.46,False
20260520-1534-home2work-18581983289,Morning,HomeStationPreferred:G2,C043,2026-05-20T13:46:28.341Z,valid,15.46,21.46,False
20260520-1534-home2work-18581983289,Morning,HomeStationViaFosh:G2,C047,2026-05-20T13:46:54.056Z,valid,1.43,23.86,False
20260520-1534-home2work-18581983289,Morning,EveningA:START,C006,2026-05-20T13:49:25.543Z,wrong_direction,160.9,24.69,False
20260520-1534-home2work-18581983289,Morning,Morning:FINISH,C005,2026-05-20T13:49:41.299Z,valid,5.29,23.27,True
20260520-2317-work2home-18587698478,EveningB,WorkChurchA:START,C054,2026-05-20T21:17:53.483Z,valid,3.33,18.25,False
20260520-2317-work2home-18587698478,EveningB,WorkChurchB:START,C035,2026-05-20T21:17:53.569Z,valid,55.79,18.25,False
20260520-2317-work2home-18587698478,EveningB,MorningB:FINISH,C020,2026-05-20T21:18:19.883Z,wrong_direction,162.82,15.53,False
20260520-2317-work2home-18587698478,EveningB,EveningB:START,C011,2026-05-20T21:18:19.884Z,valid,17.3,15.53,True
20260520-2317-work2home-18587698478,EveningB,MorningB:G3,C019,2026-05-20T21:21:48.544Z,wrong_direction,179.91,24.71,False
20260520-2317-work2home-18587698478,EveningB,EveningB:G1,C012,2026-05-20T21:21:48.544Z,valid,0.48,24.71,True
20260520-2317-work2home-18587698478,EveningB,FoshHome:G2,C075,2026-05-20T21:22:23.610Z,valid,5.33,25.71,False
20260520-2317-work2home-18587698478,EveningB,ChurchHome:G2,C068,2026-05-20T21:24:03.521Z,valid,0.1,24.84,False
20260520-2317-work2home-18587698478,EveningB,EveningB:G2,C013,2026-05-20T21:25:08.249Z,valid,0.04,24.38,True
20260520-2317-work2home-18587698478,EveningB,MorningB:G2,C018,2026-05-20T21:25:08.249Z,wrong_direction,179.96,24.38,False
20260520-2317-work2home-18587698478,EveningB,FoshHome:G3,C076,2026-05-20T21:27:21.426Z,valid,2.78,29.62,False
20260520-2317-work2home-18587698478,EveningB,HomeChurch:G1,C017,2026-05-20T21:28:09.457Z,wrong_direction,174.35,33.94,False
20260520-2317-work2home-18587698478,EveningB,MorningB:G1,C017,2026-05-20T21:28:09.582Z,wrong_direction,168.82,33.94,False
20260520-2317-work2home-18587698478,EveningB,EveningB:G3,C014,2026-05-20T21:28:09.594Z,valid,7.91,33.94,True
20260520-2317-work2home-18587698478,EveningB,ChurchHome:G3,C014,2026-05-20T21:28:11.657Z,valid,0.72,29.53,False
20260520-2317-work2home-18587698478,EveningB,EveningB:FINISH,C015,2026-05-20T21:31:12.189Z,valid,0.86,23.49,True
20260520-2317-work2home-18587698478,EveningB,MorningB:START,C016,2026-05-20T21:32:22.390Z,wrong_direction,176.53,22.1,False
20260521-1056-home2work-18592312786,Morning,ChurchHome:FINISH,C010,2026-05-21T08:57:35.426Z,wrong_direction,179.54,20.09,False
20260521-1056-home2work-18592312786,Morning,EveningA:FINISH,C010,2026-05-21T08:57:37.072Z,wrong_direction,175.56,22.19,False
20260521-1056-home2work-18592312786,Morning,Morning:START,C001,2026-05-21T08:57:37.847Z,valid,0.58,22.19,True
20260521-1056-home2work-18592312786,Morning,FoshHome:FINISH,C053,2026-05-21T08:57:47.494Z,wrong_direction,179.58,23.17,False
20260521-1056-home2work-18592312786,Morning,StationHomePreferred:FINISH,C053,2026-05-21T08:57:50.782Z,wrong_direction,178.09,23.48,False
20260521-1056-home2work-18592312786,Morning,HomeStationViaFosh:START,C041,2026-05-21T08:57:53.530Z,valid,3.27,23.16,False
20260521-1056-home2work-18592312786,Morning,HomeFosh:START,C041,2026-05-21T08:57:54.195Z,valid,2.78,23.71,False
20260521-1056-home2work-18592312786,Morning,HomeChurch:START,C041,2026-05-21T08:57:57.016Z,valid,2.88,24.32,False
20260521-1056-home2work-18592312786,Morning,HomeStationPreferred:START,C041,2026-05-21T08:57:57.919Z,valid,2.13,24.32,False
20260521-1056-home2work-18592312786,Morning,Morning:G1,C002,2026-05-21T09:00:49.386Z,valid,0.08,24.25,True
20260521-1056-home2work-18592312786,Morning,EveningA:G3,C009,2026-05-21T09:01:19.777Z,wrong_direction,177.45,23.04,False
20260521-1056-home2work-18592312786,Morning,HomeFosh:G1,C069,2026-05-21T09:02:39.252Z,valid,9.71,21.38,False
20260521-1056-home2work-18592312786,Morning,HomeStationPreferred:G1,C042,2026-05-21T09:03:03.473Z,valid,0.16,24.26,False
20260521-1056-home2work-18592312786,Morning,StationHomePreferred:G3,C052,2026-05-21T09:03:04.480Z,wrong_direction,179.8,23.82,False
20260521-1056-home2work-18592312786,Morning,HomeStationViaFosh:G1,C046,2026-05-21T09:03:11.262Z,valid,0.95,22.84,False
20260521-1056-home2work-18592312786,Morning,EveningA:G2,C008,2026-05-21T09:04:04.869Z,wrong_direction,177.91,24.97,False
20260521-1056-home2work-18592312786,Morning,Morning:G2,C003,2026-05-21T09:04:19.999Z,valid,0.65,24.63,True
20260521-1056-home2work-18592312786,Morning,HomeFosh:G2,C070,2026-05-21T09:07:54.606Z,valid,12.18,26.82,False
20260521-1056-home2work-18592312786,Morning,EveningA:G1,C007,2026-05-21T09:08:01.111Z,wrong_direction,177.27,24.56,False
20260521-1056-home2work-18592312786,Morning,Morning:G3,C004,2026-05-21T09:08:24.119Z,valid,30.51,21.27,True
20260521-1056-home2work-18592312786,Morning,StationHomePreferred:G2,C051,2026-05-21T09:08:37.168Z,wrong_direction,154.97,21.27,False
20260521-1056-home2work-18592312786,Morning,HomeStationPreferred:G2,C043,2026-05-21T09:08:37.599Z,valid,27.41,21.27,False
20260521-1056-home2work-18592312786,Morning,EveningA:START,C006,2026-05-21T09:11:36.550Z,wrong_direction,163.75,21.27,False
20260521-1056-home2work-18592312786,Morning,Morning:FINISH,C005,2026-05-21T09:11:52.155Z,valid,1.11,21.27,True
20260522-1221-home2work-18606402236,Morning,ChurchHome:FINISH,C010,2026-05-22T10:22:19.653Z,wrong_direction,175.32,21.29,False
20260522-1221-home2work-18606402236,Morning,EveningA:FINISH,C010,2026-05-22T10:22:21.268Z,wrong_direction,171.81,21.79,False
20260522-1221-home2work-18606402236,Morning,Morning:START,C001,2026-05-22T10:22:22.062Z,valid,1.7,22.9,True
20260522-1221-home2work-18606402236,Morning,FoshHome:FINISH,C053,2026-05-22T10:22:31.537Z,wrong_direction,178.98,24.08,False
20260522-1221-home2work-18606402236,Morning,StationHomePreferred:FINISH,C053,2026-05-22T10:22:34.698Z,wrong_direction,178.75,24.38,False
20260522-1221-home2work-18606402236,Morning,HomeStationViaFosh:START,C041,2026-05-22T10:22:37.303Z,valid,3.53,23.62,False
20260522-1221-home2work-18606402236,Morning,HomeFosh:START,C041,2026-05-22T10:22:37.959Z,valid,4.33,23.62,False
20260522-1221-home2work-18606402236,Morning,HomeChurch:START,C041,2026-05-22T10:22:40.778Z,valid,3.61,24.06,False
20260522-1221-home2work-18606402236,Morning,HomeStationPreferred:START,C041,2026-05-22T10:22:41.674Z,valid,1.42,24.57,False
20260522-1221-home2work-18606402236,Morning,Morning:G1,C002,2026-05-22T10:25:31.745Z,valid,0.51,24.56,True
20260522-1221-home2work-18606402236,Morning,EveningA:G3,C009,2026-05-22T10:26:00.880Z,wrong_direction,177.82,23.97,False
20260522-1221-home2work-18606402236,Morning,HomeFosh:G1,C069,2026-05-22T10:27:18.087Z,valid,6.71,22.45,False
20260522-1221-home2work-18606402236,Morning,HomeStationPreferred:G1,C042,2026-05-22T10:27:41.617Z,valid,2.06,24.18,False
20260522-1221-home2work-18606402236,Morning,StationHomePreferred:G3,C052,2026-05-22T10:27:42.620Z,wrong_direction,177.94,24.12,False
20260522-1221-home2work-18606402236,Morning,HomeStationViaFosh:G1,C046,2026-05-22T10:27:49.262Z,valid,1.02,23.82,False
20260522-1221-home2work-18606402236,Morning,EveningA:G2,C008,2026-05-22T10:28:41.720Z,wrong_direction,177.77,27.27,False
20260522-1221-home2work-18606402236,Morning,Morning:G2,C003,2026-05-22T10:28:56.422Z,valid,3.71,24.32,True
20260522-1221-home2work-18606402236,Morning,HomeFosh:G2,C070,2026-05-22T10:32:28.217Z,valid,16.19,26.27,False
20260522-1221-home2work-18606402236,Morning,EveningA:G1,C007,2026-05-22T10:32:34.966Z,wrong_direction,123.53,16.87,False
20260522-1221-home2work-18606402236,Morning,Morning:G3,C004,2026-05-22T10:32:59.774Z,valid,5.75,26.82,True
20260522-1221-home2work-18606402236,Morning,StationHomePreferred:G2,C051,2026-05-22T10:33:09.901Z,wrong_direction,148.06,23.7,False
20260522-1221-home2work-18606402236,Morning,HomeStationPreferred:G2,C043,2026-05-22T10:33:10.017Z,valid,17.37,25.44,False
20260522-1221-home2work-18606402236,Morning,HomeStationViaFosh:G2,C047,2026-05-22T10:33:35.351Z,valid,1.21,23.37,False
20260522-1221-home2work-18606402236,Morning,EveningA:START,C006,2026-05-22T10:36:08.083Z,wrong_direction,162.1,23.53,False
20260522-1221-home2work-18606402236,Morning,Morning:FINISH,C005,2026-05-22T10:36:24.475Z,valid,17.7,21.61,True
20260522-1221-home2work-18606402236,Morning,WorkChurchB:START,C035,2026-05-22T10:36:45.286Z,valid,66.84,18.06,False
20260522-1221-home2work-18606402236,Morning,WorkChurchA:START,C054,2026-05-22T10:36:45.595Z,valid,7.71,18.06,False
20260522-1221-home2work-18606402236,Morning,WorkChurchB:START,C035,2026-05-22T10:36:53.039Z,wrong_direction,177.95,20.87,False
20260522-1221-home2work-18606402236,Morning,StationWorkAlt:FINISH,C035,2026-05-22T10:36:56.290Z,wrong_direction,169.77,19.28,False
20260522-2314-work2home-18613249865,EveningB,EveningB:G1,C012,2026-05-22T21:18:04.160Z,valid,2.57,24.41,True
20260522-2314-work2home-18613249865,EveningB,MorningB:G3,C019,2026-05-22T21:18:04.160Z,wrong_direction,177.82,24.41,False
20260522-2314-work2home-18613249865,EveningB,FoshHome:G2,C075,2026-05-22T21:18:39.617Z,valid,1.66,25.19,False
20260522-2314-work2home-18613249865,EveningB,ChurchHome:G2,C068,2026-05-22T21:20:18.626Z,valid,0.98,22.82,False
20260522-2314-work2home-18613249865,EveningB,EveningB:G2,C013,2026-05-22T21:21:23.742Z,valid,0.04,24.38,True
20260522-2314-work2home-18613249865,EveningB,MorningB:G2,C018,2026-05-22T21:21:23.742Z,wrong_direction,179.96,24.38,False
20260522-2314-work2home-18613249865,EveningB,FoshHome:G3,C076,2026-05-22T21:23:38.313Z,valid,0.27,30.61,False
20260522-2314-work2home-18613249865,EveningB,HomeChurch:G1,C017,2026-05-22T21:24:25.515Z,wrong_direction,179.5,30.02,False
20260522-2314-work2home-18613249865,EveningB,MorningB:G1,C017,2026-05-22T21:24:25.661Z,wrong_direction,173.97,30.02,False
20260522-2314-work2home-18613249865,EveningB,EveningB:G3,C014,2026-05-22T21:24:25.671Z,valid,2.75,30.02,True
20260522-2314-work2home-18613249865,EveningB,ChurchHome:G3,C014,2026-05-22T21:24:27.618Z,valid,0.94,32.43,False
20260522-2314-work2home-18613249865,EveningB,EveningB:FINISH,C015,2026-05-22T21:27:24.383Z,valid,0.29,23.48,True
20260522-2314-work2home-18613249865,EveningB,MorningB:START,C016,2026-05-22T21:28:35.322Z,wrong_direction,176.82,20.75,False
20260523-1638-home2work-18622775047,Morning,ChurchHome:FINISH,C010,2026-05-23T14:39:07.386Z,wrong_direction,172.89,19.07,False
20260523-1638-home2work-18622775047,Morning,EveningA:FINISH,C010,2026-05-23T14:39:09.075Z,wrong_direction,177.98,22.08,False
20260523-1638-home2work-18622775047,Morning,Morning:START,C001,2026-05-23T14:39:09.847Z,valid,1.84,22.08,True
20260523-1638-home2work-18622775047,Morning,FoshHome:FINISH,C053,2026-05-23T14:39:19.385Z,wrong_direction,179.19,23.74,False
20260523-1638-home2work-18622775047,Morning,StationHomePreferred:FINISH,C053,2026-05-23T14:39:22.506Z,wrong_direction,176.9,24.71,False
20260523-1638-home2work-18622775047,Morning,HomeStationViaFosh:START,C041,2026-05-23T14:39:25.089Z,valid,0.86,23.62,False
20260523-1638-home2work-18622775047,Morning,HomeFosh:START,C041,2026-05-23T14:39:25.746Z,valid,1.66,23.62,False
20260523-1638-home2work-18622775047,Morning,HomeChurch:START,C041,2026-05-23T14:39:28.516Z,valid,3.29,25.16,False
20260523-1638-home2work-18622775047,Morning,HomeStationPreferred:START,C041,2026-05-23T14:39:29.386Z,valid,0.64,25.36,False
20260523-1638-home2work-18622775047,Morning,Morning:G1,C002,2026-05-23T14:42:18.937Z,valid,0.51,24.56,True
20260523-1638-home2work-18622775047,Morning,EveningA:G3,C009,2026-05-23T14:42:47.949Z,wrong_direction,179.06,24.57,False
20260523-1638-home2work-18622775047,Morning,HomeFosh:G1,C069,2026-05-23T14:44:04.595Z,valid,10.66,23.86,False
20260523-1638-home2work-18622775047,Morning,HomeStationPreferred:G1,C042,2026-05-23T14:44:27.717Z,valid,0.17,23.62,False
20260523-1638-home2work-18622775047,Morning,StationHomePreferred:G3,C052,2026-05-23T14:44:28.722Z,wrong_direction,178.32,24.32,False
20260523-1638-home2work-18622775047,Morning,HomeStationViaFosh:G1,C046,2026-05-23T14:44:35.332Z,valid,1.02,23.82,False
20260523-1638-home2work-18622775047,Morning,EveningA:G2,C008,2026-05-23T14:45:26.708Z,wrong_direction,166.17,26.05,False
20260523-1638-home2work-18622775047,Morning,Morning:G2,C003,2026-05-23T14:45:41.799Z,valid,3.08,25.86,True
20260523-1638-home2work-18622775047,Morning,HomeFosh:G2,C070,2026-05-23T14:49:12.388Z,valid,8.61,22.33,False
20260523-1638-home2work-18622775047,Morning,EveningA:G1,C007,2026-05-23T14:49:18.820Z,wrong_direction,175.74,22.89,False
20260523-1638-home2work-18622775047,Morning,Morning:G3,C004,2026-05-23T14:49:43.407Z,valid,0.09,22.85,True
20260523-1638-home2work-18622775047,Morning,StationHomePreferred:G2,C051,2026-05-23T14:49:54.058Z,wrong_direction,149.28,24.57,False
20260523-1638-home2work-18622775047,Morning,HomeStationPreferred:G2,C043,2026-05-23T14:49:54.181Z,valid,28.34,24.57,False
20260523-1638-home2work-18622775047,Morning,HomeStationViaFosh:G2,C047,2026-05-23T14:50:19.817Z,valid,0.56,23.69,False
20260523-1638-home2work-18622775047,Morning,EveningA:START,C006,2026-05-23T14:52:45.517Z,wrong_direction,162.1,23.53,False
20260523-1638-home2work-18622775047,Morning,Morning:FINISH,C005,2026-05-23T14:53:01.969Z,valid,3.4,20.11,True
20260523-2357-work2home-18630944261,EveningB,WorkChurchA:START,C054,2026-05-23T21:58:03.548Z,valid,3.83,19.29,False
20260523-2357-work2home-18630944261,EveningB,WorkChurchB:START,C035,2026-05-23T21:58:04.193Z,valid,67.57,23.34,False
20260523-2357-work2home-18630944261,EveningB,MorningB:FINISH,C020,2026-05-23T21:58:27.626Z,wrong_direction,179.15,26.65,False
20260523-2357-work2home-18630944261,EveningB,EveningB:START,C011,2026-05-23T21:58:27.627Z,valid,0.72,26.65,True
20260523-2357-work2home-18630944261,EveningB,EveningB:G1,C012,2026-05-23T22:02:18.308Z,valid,1.97,24.72,True
20260523-2357-work2home-18630944261,EveningB,MorningB:G3,C019,2026-05-23T22:02:18.309Z,wrong_direction,178.41,24.72,False
20260523-2357-work2home-18630944261,EveningB,FoshHome:G2,C075,2026-05-23T22:02:54.004Z,valid,3.63,24.22,False
20260523-2357-work2home-18630944261,EveningB,ChurchHome:G2,C068,2026-05-23T22:04:35.971Z,valid,0.97,22.04,False
20260523-2357-work2home-18630944261,EveningB,EveningB:G2,C013,2026-05-23T22:05:41.370Z,valid,0.46,24.8,True
20260523-2357-work2home-18630944261,EveningB,MorningB:G2,C018,2026-05-23T22:05:41.370Z,wrong_direction,179.54,24.8,False
20260523-2357-work2home-18630944261,EveningB,FoshHome:G3,C076,2026-05-23T22:07:58.451Z,valid,4.77,30.48,False
20260523-2357-work2home-18630944261,EveningB,HomeChurch:G1,C017,2026-05-23T22:08:47.273Z,wrong_direction,178.17,29.96,False
20260523-2357-work2home-18630944261,EveningB,EveningB:G3,C014,2026-05-23T22:08:47.446Z,valid,0.43,29.96,True
20260523-2357-work2home-18630944261,EveningB,MorningB:G1,C017,2026-05-23T22:08:47.460Z,wrong_direction,176.3,29.96,False
20260523-2357-work2home-18630944261,EveningB,ChurchHome:G3,C014,2026-05-23T22:08:49.466Z,valid,0.53,33.03,False
20260523-2357-work2home-18630944261,EveningB,EveningB:FINISH,C015,2026-05-23T22:11:50.192Z,valid,1.24,21.15,True
20260523-2357-work2home-18630944261,EveningB,MorningB:START,C016,2026-05-23T22:13:07.559Z,wrong_direction,174.76,17.87,False
20260526-0953-home2work-18657870193,Morning,ChurchHome:FINISH,C010,2026-05-26T07:54:06.794Z,wrong_direction,171.57,22.6,False
20260526-0953-home2work-18657870193,Morning,EveningA:FINISH,C010,2026-05-26T07:54:08.314Z,wrong_direction,171.85,23.53,False
20260526-0953-home2work-18657870193,Morning,Morning:START,C001,2026-05-26T07:54:09.052Z,valid,2.2,23.57,True
20260526-0953-home2work-18657870193,Morning,FoshHome:FINISH,C053,2026-05-26T07:54:18.527Z,wrong_direction,179.43,24.83,False
20260526-0953-home2work-18657870193,Morning,StationHomePreferred:FINISH,C053,2026-05-26T07:54:21.912Z,wrong_direction,178.62,22.0,False
20260526-0953-home2work-18657870193,Morning,HomeStationViaFosh:START,C041,2026-05-26T07:54:24.694Z,valid,1.84,22.61,False
20260526-0953-home2work-18657870193,Morning,HomeFosh:START,C041,2026-05-26T07:54:25.369Z,valid,0.94,23.36,False
20260526-0953-home2work-18657870193,Morning,HomeChurch:START,C041,2026-05-26T07:54:28.346Z,valid,0.37,22.8,False
20260526-0953-home2work-18657870193,Morning,HomeStationPreferred:START,C041,2026-05-26T07:54:29.307Z,valid,2.28,22.89,False
20260526-0953-home2work-18657870193,Morning,Morning:G1,C002,2026-05-26T07:57:19.312Z,valid,3.93,23.95,True
20260526-0953-home2work-18657870193,Morning,EveningA:G3,C009,2026-05-26T07:57:49.517Z,wrong_direction,177.64,23.51,False
20260526-0953-home2work-18657870193,Morning,HomeFosh:G1,C069,2026-05-26T07:59:10.575Z,valid,8.51,21.62,False
20260526-0953-home2work-18657870193,Morning,HomeStationPreferred:G1,C042,2026-05-26T07:59:34.696Z,valid,2.98,22.66,False
20260526-0953-home2work-18657870193,Morning,StationHomePreferred:G3,C052,2026-05-26T07:59:35.756Z,wrong_direction,176.66,22.9,False
20260526-0953-home2work-18657870193,Morning,HomeStationViaFosh:G1,C046,2026-05-26T07:59:42.532Z,valid,1.02,23.17,False
20260526-0953-home2work-18657870193,Morning,EveningA:G2,C008,2026-05-26T08:00:35.352Z,wrong_direction,178.41,21.83,False
20260526-0953-home2work-18657870193,Morning,Morning:G2,C003,2026-05-26T08:00:50.854Z,valid,8.15,24.15,True
20260526-0953-home2work-18657870193,Morning,HomeFosh:G2,C070,2026-05-26T08:04:22.898Z,valid,0.87,24.61,False
20260526-0953-home2work-18657870193,Morning,EveningA:G1,C007,2026-05-26T08:04:29.585Z,wrong_direction,177.31,22.52,False
20260526-0953-home2work-18657870193,Morning,Morning:G3,C004,2026-05-26T08:04:54.670Z,valid,4.4,24.61,True
20260526-0953-home2work-18657870193,Morning,StationHomePreferred:G2,C051,2026-05-26T08:05:05.022Z,wrong_direction,150.3,27.8,False
20260526-0953-home2work-18657870193,Morning,HomeStationPreferred:G2,C043,2026-05-26T08:05:05.120Z,valid,27.32,27.8,False
20260526-0953-home2work-18657870193,Morning,HomeStationViaFosh:G2,C047,2026-05-26T08:05:31.307Z,valid,1.43,23.86,False
20260526-0953-home2work-18657870193,Morning,EveningA:START,C006,2026-05-26T08:07:57.339Z,wrong_direction,164.66,23.18,False
20260526-0953-home2work-18657870193,Morning,Morning:FINISH,C005,2026-05-26T08:08:13.693Z,valid,4.21,18.58,True
20260527-1151-home2work-18672753207,Morning,ChurchHome:FINISH,C010,2026-05-27T09:51:31.433Z,wrong_direction,171.54,21.69,False
20260527-1151-home2work-18672753207,Morning,EveningA:FINISH,C010,2026-05-27T09:51:33.058Z,wrong_direction,177.17,22.33,False
20260527-1151-home2work-18672753207,Morning,Morning:START,C001,2026-05-27T09:51:33.835Z,valid,1.03,22.33,True
20260527-1151-home2work-18672753207,Morning,FoshHome:FINISH,C053,2026-05-27T09:51:43.256Z,wrong_direction,178.7,24.53,False
20260527-1151-home2work-18672753207,Morning,StationHomePreferred:FINISH,C053,2026-05-27T09:51:46.431Z,wrong_direction,177.61,24.96,False
20260527-1151-home2work-18672753207,Morning,HomeStationViaFosh:START,C041,2026-05-27T09:51:49.043Z,valid,2.4,23.53,False
20260527-1151-home2work-18672753207,Morning,HomeFosh:START,C041,2026-05-27T09:51:49.702Z,valid,3.2,23.53,False
20260527-1151-home2work-18672753207,Morning,HomeChurch:START,C041,2026-05-27T09:51:52.459Z,valid,0.0,24.72,False
20260527-1151-home2work-18672753207,Morning,HomeStationPreferred:START,C041,2026-05-27T09:51:53.348Z,valid,1.42,24.57,False
20260527-1151-home2work-18672753207,Morning,Morning:G1,C002,2026-05-27T09:54:45.654Z,valid,0.6,22.99,True
20260527-1151-home2work-18672753207,Morning,EveningA:G3,C009,2026-05-27T09:55:16.541Z,wrong_direction,176.56,22.28,False
20260527-1151-home2work-18672753207,Morning,HomeFosh:G1,C069,2026-05-27T09:56:36.184Z,valid,0.58,21.6,False
20260527-1151-home2work-18672753207,Morning,HomeStationPreferred:G1,C042,2026-05-27T09:57:00.095Z,valid,1.7,23.48,False
20260527-1151-home2work-18672753207,Morning,StationHomePreferred:G3,C052,2026-05-27T09:57:01.124Z,wrong_direction,176.75,23.55,False
20260527-1151-home2work-18672753207,Morning,HomeStationViaFosh:G1,C046,2026-05-27T09:57:08.033Z,valid,1.02,23.17,False
20260527-1151-home2work-18672753207,Morning,EveningA:G2,C008,2026-05-27T09:58:01.883Z,wrong_direction,174.17,26.16,False
20260527-1151-home2work-18672753207,Morning,Morning:G2,C003,2026-05-27T09:58:17.476Z,valid,7.08,24.03,True
20260527-1151-home2work-18672753207,Morning,HomeFosh:G2,C070,2026-05-27T10:01:54.178Z,valid,5.56,23.36,False
20260527-1151-home2work-18672753207,Morning,EveningA:G1,C007,2026-05-27T10:02:00.916Z,wrong_direction,177.74,21.12,False
20260527-1151-home2work-18672753207,Morning,Morning:G3,C004,2026-05-27T10:02:25.205Z,valid,1.21,18.51,True
20260527-1151-home2work-18672753207,Morning,StationHomePreferred:G2,C051,2026-05-27T10:02:36.037Z,wrong_direction,150.38,24.59,False
20260527-1151-home2work-18672753207,Morning,HomeStationPreferred:G2,C043,2026-05-27T10:02:36.145Z,valid,27.24,24.59,False
20260527-1151-home2work-18672753207,Morning,HomeStationViaFosh:G2,C047,2026-05-27T10:03:02.987Z,valid,3.03,23.07,False
20260527-1151-home2work-18672753207,Morning,EveningA:START,C006,2026-05-27T10:05:43.759Z,wrong_direction,162.35,23.3,False
20260527-1151-home2work-18672753207,Morning,Morning:FINISH,C005,2026-05-27T10:06:00.007Z,valid,3.96,20.57,True
20260527-1902-work2home-18677822165,EveningA,Morning:FINISH,C005,2026-05-27T17:02:54.018Z,wrong_direction,174.53,24.16,False
20260527-1902-work2home-18677822165,EveningA,EveningA:START,C006,2026-05-27T17:03:07.421Z,valid,22.03,25.81,True
20260527-1902-work2home-18677822165,EveningA,HomeStationViaFosh:G2,C047,2026-05-27T17:05:31.526Z,wrong_direction,179.95,24.15,False
20260527-1902-work2home-18677822165,EveningA,HomeStationPreferred:G2,C043,2026-05-27T17:05:56.925Z,wrong_direction,148.63,23.27,False
20260527-1902-work2home-18677822165,EveningA,StationHomePreferred:G2,C051,2026-05-27T17:05:57.062Z,valid,43.18,22.34,False
20260527-1902-work2home-18677822165,EveningA,Morning:G3,C004,2026-05-27T17:06:08.485Z,wrong_direction,173.97,20.24,False
20260527-1902-work2home-18677822165,EveningA,EveningA:G1,C007,2026-05-27T17:06:31.699Z,valid,5.19,24.25,True
20260527-1902-work2home-18677822165,EveningA,HomeFosh:G2,C070,2026-05-27T17:06:37.968Z,wrong_direction,170.27,24.86,False
20260527-1902-work2home-18677822165,EveningA,Morning:G2,C003,2026-05-27T17:10:09.090Z,wrong_direction,178.56,22.08,False
20260527-1902-work2home-18677822165,EveningA,EveningA:G2,C008,2026-05-27T17:10:24.321Z,valid,7.5,27.35,True
20260527-1902-work2home-18677822165,EveningA,HomeStationViaFosh:G1,C046,2026-05-27T17:11:16.559Z,wrong_direction,177.35,24.45,False
20260527-1902-work2home-18677822165,EveningA,StationHomePreferred:G3,C052,2026-05-27T17:11:23.170Z,valid,1.29,23.98,False
20260527-1902-work2home-18677822165,EveningA,HomeStationPreferred:G1,C042,2026-05-27T17:11:24.174Z,wrong_direction,176.9,24.79,False
20260527-1902-work2home-18677822165,EveningA,HomeFosh:G1,C069,2026-05-27T17:11:47.190Z,wrong_direction,165.05,17.96,False
20260527-1902-work2home-18677822165,EveningA,EveningA:G3,C009,2026-05-27T17:13:03.941Z,valid,1.72,23.8,True
20260527-1902-work2home-18677822165,EveningA,Morning:G1,C002,2026-05-27T17:13:32.883Z,wrong_direction,179.49,24.56,False
20260527-1902-work2home-18677822165,EveningA,HomeStationPreferred:START,C041,2026-05-27T17:16:21.217Z,wrong_direction,178.04,21.74,False
20260527-1902-work2home-18677822165,EveningA,HomeChurch:START,C041,2026-05-27T17:16:22.227Z,wrong_direction,177.29,21.74,False
20260527-1902-work2home-18677822165,EveningA,HomeFosh:START,C041,2026-05-27T17:16:25.447Z,wrong_direction,179.23,20.46,False
20260527-1902-work2home-18677822165,EveningA,HomeStationViaFosh:START,C041,2026-05-27T17:16:26.193Z,wrong_direction,179.22,21.88,False
20260527-1902-work2home-18677822165,EveningA,StationHomePreferred:FINISH,C053,2026-05-27T17:16:29.117Z,valid,4.22,22.73,False
20260527-1902-work2home-18677822165,EveningA,FoshHome:FINISH,C053,2026-05-27T17:16:32.769Z,valid,6.58,20.09,False
20260527-1902-work2home-18677822165,EveningA,Morning:START,C001,2026-05-27T17:16:43.702Z,wrong_direction,179.83,21.29,False
20260527-1902-work2home-18677822165,EveningA,EveningA:FINISH,C010,2026-05-27T17:16:44.509Z,valid,4.57,20.91,True
20260527-1902-work2home-18677822165,EveningA,ChurchHome:FINISH,C010,2026-05-27T17:16:46.139Z,valid,9.95,20.75,False
20260528-0926-home2work-18685558523,Morning,ChurchHome:FINISH,C010,2026-05-28T07:26:41.871Z,wrong_direction,170.3,20.52,False
20260528-0926-home2work-18685558523,Morning,EveningA:FINISH,C010,2026-05-28T07:26:43.486Z,wrong_direction,178.38,22.29,False
20260528-0926-home2work-18685558523,Morning,Morning:START,C001,2026-05-28T07:26:44.254Z,valid,3.29,22.8,True
20260528-0926-home2work-18685558523,Morning,FoshHome:FINISH,C053,2026-05-28T07:26:53.647Z,wrong_direction,178.73,22.8,False
20260528-0926-home2work-18685558523,Morning,StationHomePreferred:FINISH,C053,2026-05-28T07:26:57.007Z,wrong_direction,176.55,24.26,False
20260528-0926-home2work-18685558523,Morning,HomeStationViaFosh:START,C041,2026-05-28T07:26:59.596Z,valid,3.59,24.72,False
20260528-0926-home2work-18685558523,Morning,HomeFosh:START,C041,2026-05-28T07:27:00.227Z,valid,0.33,24.57,False
20260528-0926-home2work-18685558523,Morning,HomeChurch:START,C041,2026-05-28T07:27:02.915Z,valid,3.29,25.16,False
20260528-0926-home2work-18685558523,Morning,HomeStationPreferred:START,C041,2026-05-28T07:27:03.799Z,valid,0.72,24.83,False
20260528-0926-home2work-18685558523,Morning,Morning:G1,C002,2026-05-28T07:29:48.036Z,valid,0.22,23.78,True
20260528-0926-home2work-18685558523,Morning,EveningA:G3,C009,2026-05-28T07:30:17.146Z,wrong_direction,179.27,24.23,False
20260528-0926-home2work-18685558523,Morning,HomeFosh:G1,C069,2026-05-28T07:31:34.079Z,valid,3.98,23.11,False
20260528-0926-home2work-18685558523,Morning,HomeStationPreferred:G1,C042,2026-05-28T07:31:56.963Z,valid,4.95,24.35,False
20260528-0926-home2work-18685558523,Morning,StationHomePreferred:G3,C052,2026-05-28T07:31:57.941Z,wrong_direction,176.91,24.83,False
20260528-0926-home2work-18685558523,Morning,HomeStationViaFosh:G1,C046,2026-05-28T07:32:04.495Z,valid,3.28,22.98,False
20260528-0926-home2work-18685558523,Morning,EveningA:G2,C008,2026-05-28T07:32:55.776Z,wrong_direction,178.16,23.64,False
20260528-0926-home2work-18685558523,Morning,Morning:G2,C003,2026-05-28T07:33:11.182Z,valid,0.78,27.04,True
20260528-0926-home2work-18685558523,Morning,HomeFosh:G2,C070,2026-05-28T07:36:36.663Z,valid,2.05,23.64,False
20260528-0926-home2work-18685558523,Morning,EveningA:G1,C007,2026-05-28T07:36:43.139Z,wrong_direction,176.27,23.8,False
20260528-0926-home2work-18685558523,Morning,Morning:G3,C004,2026-05-28T07:37:07.998Z,valid,15.12,33.67,True
20260528-0926-home2work-18685558523,Morning,StationHomePreferred:G2,C051,2026-05-28T07:37:18.044Z,wrong_direction,153.01,26.83,False
20260528-0926-home2work-18685558523,Morning,HomeStationPreferred:G2,C043,2026-05-28T07:37:18.140Z,valid,24.61,26.83,False
20260528-0926-home2work-18685558523,Morning,HomeStationViaFosh:G2,C047,2026-05-28T07:37:43.739Z,valid,0.56,23.69,False
20260528-0926-home2work-18685558523,Morning,EveningA:START,C006,2026-05-28T07:40:20.087Z,wrong_direction,161.7,22.9,False
20260528-0926-home2work-18685558523,Morning,Morning:FINISH,C005,2026-05-28T07:40:37.119Z,valid,21.73,22.85,True
20260528-0926-home2work-18685558523,Morning,WorkChurchA:START,C054,2026-05-28T07:40:57.110Z,valid,7.68,21.24,False
20260528-0926-home2work-18685558523,Morning,WorkChurchB:START,C035,2026-05-28T07:40:57.267Z,valid,51.45,21.24,False
20260528-0926-home2work-18685558523,Morning,WorkChurchB:START,C035,2026-05-28T07:41:04.251Z,wrong_direction,169.61,20.69,False
20260528-0926-home2work-18685558523,Morning,StationWorkAlt:FINISH,C035,2026-05-28T07:41:06.826Z,wrong_direction,172.31,30.35,False
20260528-1953-work2home-18692426723,EveningA,Morning:FINISH,C005,2026-05-28T17:53:15.104Z,wrong_direction,159.27,19.08,False
20260528-1953-work2home-18692426723,EveningA,EveningA:START,C006,2026-05-28T17:53:31.569Z,valid,16.16,23.86,True
20260528-1953-work2home-18692426723,EveningA,HomeStationViaFosh:G2,C047,2026-05-28T17:55:58.615Z,wrong_direction,179.95,24.15,False
20260528-1953-work2home-18692426723,EveningA,HomeStationPreferred:G2,C043,2026-05-28T17:56:23.884Z,wrong_direction,164.13,20.97,False
20260528-1953-work2home-18692426723,EveningA,StationHomePreferred:G2,C051,2026-05-28T17:56:23.997Z,valid,18.25,20.97,False
20260528-1953-work2home-18692426723,EveningA,Morning:G3,C004,2026-05-28T17:56:35.584Z,wrong_direction,172.57,27.09,False
20260528-1953-work2home-18692426723,EveningA,EveningA:G1,C007,2026-05-28T17:56:58.822Z,valid,1.09,29.81,True
20260528-1953-work2home-18692426723,EveningA,HomeFosh:G2,C070,2026-05-28T17:57:05.444Z,wrong_direction,163.45,25.74,False
20260528-1953-work2home-18692426723,EveningA,Morning:G2,C003,2026-05-28T18:00:32.967Z,wrong_direction,179.59,25.63,False
20260528-1953-work2home-18692426723,EveningA,EveningA:G2,C008,2026-05-28T18:00:47.926Z,valid,4.21,25.86,True
20260528-1953-work2home-18692426723,EveningA,HomeStationViaFosh:G1,C046,2026-05-28T18:01:37.945Z,wrong_direction,177.53,24.62,False
20260528-1953-work2home-18692426723,EveningA,StationHomePreferred:G3,C052,2026-05-28T18:01:44.398Z,valid,0.87,25.06,False
20260528-1953-work2home-18692426723,EveningA,HomeStationPreferred:G1,C042,2026-05-28T18:01:45.372Z,wrong_direction,178.34,24.62,False
20260528-1953-work2home-18692426723,EveningA,HomeFosh:G1,C069,2026-05-28T18:02:07.687Z,wrong_direction,174.02,24.46,False
20260528-1953-work2home-18692426723,EveningA,EveningA:G3,C009,2026-05-28T18:03:25.196Z,valid,0.95,23.01,True
20260528-1953-work2home-18692426723,EveningA,Morning:G1,C002,2026-05-28T18:03:55.861Z,wrong_direction,178.52,23.17,False
20260528-1953-work2home-18692426723,EveningA,HomeStationPreferred:START,C041,2026-05-28T18:06:55.823Z,wrong_direction,176.52,24.08,False
20260528-1953-work2home-18692426723,EveningA,HomeChurch:START,C041,2026-05-28T18:06:56.735Z,wrong_direction,179.88,24.08,False
20260528-1953-work2home-18692426723,EveningA,HomeFosh:START,C041,2026-05-28T18:06:59.499Z,wrong_direction,177.76,24.53,False
20260528-1953-work2home-18692426723,EveningA,HomeStationViaFosh:START,C041,2026-05-28T18:07:00.137Z,wrong_direction,176.47,23.62,False
20260528-1953-work2home-18692426723,EveningA,StationHomePreferred:FINISH,C053,2026-05-28T18:07:02.722Z,valid,2.35,24.32,False
20260528-1953-work2home-18692426723,EveningA,FoshHome:FINISH,C053,2026-05-28T18:07:06.042Z,valid,0.34,25.93,False
20260528-1953-work2home-18692426723,EveningA,Morning:START,C001,2026-05-28T18:07:15.281Z,wrong_direction,179.19,23.93,False
20260528-1953-work2home-18692426723,EveningA,EveningA:FINISH,C010,2026-05-28T18:07:15.998Z,valid,4.67,23.93,True
20260528-1953-work2home-18692426723,EveningA,ChurchHome:FINISH,C010,2026-05-28T18:07:17.561Z,valid,3.97,22.0,False
20260529-1153-home2work-18700121468,Morning,ChurchHome:FINISH,C010,2026-05-29T09:53:51.506Z,wrong_direction,173.96,22.25,False
20260529-1153-home2work-18700121468,Morning,EveningA:FINISH,C010,2026-05-29T09:53:53.095Z,wrong_direction,177.99,21.44,False
20260529-1153-home2work-18700121468,Morning,Morning:START,C001,2026-05-29T09:53:53.888Z,valid,1.85,21.44,True
20260529-1153-home2work-18700121468,Morning,FoshHome:FINISH,C053,2026-05-29T09:54:03.897Z,wrong_direction,178.15,21.97,False
20260529-1153-home2work-18700121468,Morning,StationHomePreferred:FINISH,C053,2026-05-29T09:54:07.309Z,wrong_direction,178.55,22.64,False
20260529-1153-home2work-18700121468,Morning,HomeStationViaFosh:START,C041,2026-05-29T09:54:10.049Z,valid,0.86,23.62,False
20260529-1153-home2work-18700121468,Morning,HomeFosh:START,C041,2026-05-29T09:54:10.707Z,valid,1.66,23.62,False
20260529-1153-home2work-18700121468,Morning,HomeChurch:START,C041,2026-05-29T09:54:13.547Z,valid,0.18,23.62,False
20260529-1153-home2work-18700121468,Morning,HomeStationPreferred:START,C041,2026-05-29T09:54:14.493Z,valid,0.47,22.9,False
20260529-1153-home2work-18700121468,Morning,Morning:G1,C002,2026-05-29T09:57:06.125Z,valid,0.73,23.46,True
20260529-1153-home2work-18700121468,Morning,EveningA:G3,C009,2026-05-29T09:57:36.047Z,wrong_direction,176.93,24.31,False
20260529-1153-home2work-18700121468,Morning,HomeFosh:G1,C069,2026-05-29T09:58:53.798Z,valid,4.5,23.44,False
20260529-1153-home2work-18700121468,Morning,HomeStationPreferred:G1,C042,2026-05-29T09:59:17.457Z,valid,2.11,23.54,False
20260529-1153-home2work-18700121468,Morning,StationHomePreferred:G3,C052,2026-05-29T09:59:18.496Z,wrong_direction,179.04,23.13,False
20260529-1153-home2work-18700121468,Morning,HomeStationViaFosh:G1,C046,2026-05-29T09:59:25.013Z,valid,0.46,24.32,False
20260529-1153-home2work-18700121468,Morning,EveningA:G2,C008,2026-05-29T10:00:17.152Z,wrong_direction,173.26,27.18,False
20260529-1153-home2work-18700121468,Morning,Morning:G2,C003,2026-05-29T10:00:31.919Z,valid,19.49,29.14,True
20260529-1153-home2work-18700121468,Morning,HomeFosh:G2,C070,2026-05-29T10:04:01.934Z,valid,0.29,23.21,False
20260529-1153-home2work-18700121468,Morning,EveningA:G1,C007,2026-05-29T10:04:08.682Z,wrong_direction,175.57,22.99,False
20260529-1153-home2work-18700121468,Morning,Morning:G3,C004,2026-05-29T10:04:32.645Z,valid,14.65,24.97,True
20260529-1153-home2work-18700121468,Morning,StationHomePreferred:G2,C051,2026-05-29T10:04:41.836Z,wrong_direction,154.72,29.52,False
20260529-1153-home2work-18700121468,Morning,HomeStationPreferred:G2,C043,2026-05-29T10:04:41.944Z,valid,22.9,29.52,False
20260529-1153-home2work-18700121468,Morning,HomeStationViaFosh:G2,C047,2026-05-29T10:05:08.828Z,valid,0.67,24.85,False
20260529-1153-home2work-18700121468,Morning,EveningA:START,C006,2026-05-29T10:07:45.762Z,wrong_direction,168.07,23.93,False
20260529-1153-home2work-18700121468,Morning,Morning:FINISH,C005,2026-05-29T10:08:02.763Z,valid,0.36,20.61,True
20260529-1153-home2work-18700121468,Morning,WorkChurchB:START,C035,2026-05-29T10:08:19.700Z,valid,75.25,20.35,False
20260529-1153-home2work-18700121468,Morning,WorkChurchA:START,C054,2026-05-29T10:08:20.589Z,valid,10.8,18.93,False
20260529-1153-home2work-18700121468,Morning,WorkChurchB:START,C035,2026-05-29T10:08:29.023Z,wrong_direction,171.03,23.01,False
20260529-1153-home2work-18700121468,Morning,StationWorkAlt:FINISH,C035,2026-05-29T10:08:31.930Z,wrong_direction,167.87,26.41,False
20260601-2136-work2home-18752208700,EveningA,EveningA:START,C006,2026-06-01T19:36:57.400Z,valid,15.34,23.18,True
20260601-2136-work2home-18752208700,EveningA,HomeStationViaFosh:G2,C047,2026-06-01T19:39:27.199Z,wrong_direction,179.7,23.92,False
20260601-2136-work2home-18752208700,EveningA,HomeStationPreferred:G2,C043,2026-06-01T19:39:52.222Z,wrong_direction,146.75,42.95,False
20260601-2136-work2home-18752208700,EveningA,StationHomePreferred:G2,C051,2026-06-01T19:39:52.296Z,valid,35.63,42.95,False
20260601-2136-work2home-18752208700,EveningA,Morning:G3,C004,2026-06-01T19:40:03.416Z,wrong_direction,178.78,22.39,False
20260601-2136-work2home-18752208700,EveningA,EveningA:G1,C007,2026-06-01T19:40:28.052Z,valid,1.38,26.6,True
20260601-2136-work2home-18752208700,EveningA,HomeFosh:G2,C070,2026-06-01T19:40:34.381Z,wrong_direction,176.12,18.92,False
20260601-2136-work2home-18752208700,EveningA,Morning:G2,C003,2026-06-01T19:44:07.788Z,wrong_direction,174.65,23.81,False
20260601-2136-work2home-18752208700,EveningA,EveningA:G2,C008,2026-06-01T19:44:24.586Z,valid,12.76,23.71,True
20260601-2136-work2home-18752208700,EveningA,HomeStationViaFosh:G1,C046,2026-06-01T19:45:17.556Z,wrong_direction,178.05,24.19,False
20260601-2136-work2home-18752208700,EveningA,StationHomePreferred:G3,C052,2026-06-01T19:45:24.254Z,valid,0.56,23.57,False
20260601-2136-work2home-18752208700,EveningA,HomeStationPreferred:G1,C042,2026-06-01T19:45:25.283Z,wrong_direction,178.25,23.33,False
20260601-2136-work2home-18752208700,EveningA,HomeFosh:G1,C069,2026-06-01T19:45:49.067Z,wrong_direction,173.4,23.39,False
20260601-2136-work2home-18752208700,EveningA,EveningA:G3,C009,2026-06-01T19:47:06.959Z,valid,2.63,24.14,True
20260601-2136-work2home-18752208700,EveningA,Morning:G1,C002,2026-06-01T19:47:37.112Z,wrong_direction,179.27,23.46,False
20260601-2136-work2home-18752208700,EveningA,HomeStationPreferred:START,C041,2026-06-01T19:50:31.527Z,wrong_direction,179.84,42.86,False
20260601-2136-work2home-18752208700,EveningA,HomeChurch:START,C041,2026-06-01T19:50:32.152Z,wrong_direction,178.52,10.9,False
20260601-2136-work2home-18752208700,EveningA,HomeFosh:START,C041,2026-06-01T19:50:36.160Z,wrong_direction,177.97,21.7,False
20260601-2136-work2home-18752208700,EveningA,HomeStationViaFosh:START,C041,2026-06-01T19:50:36.874Z,wrong_direction,178.77,21.7,False
20260601-2136-work2home-18752208700,EveningA,StationHomePreferred:FINISH,C053,2026-06-01T19:50:39.856Z,valid,1.5,20.23,False
20260601-2136-work2home-18752208700,EveningA,FoshHome:FINISH,C053,2026-06-01T19:50:43.679Z,valid,0.9,20.6,False
20260601-2136-work2home-18752208700,EveningA,Morning:START,C001,2026-06-01T19:50:54.273Z,wrong_direction,177.67,21.43,False
20260601-2136-work2home-18752208700,EveningA,EveningA:FINISH,C010,2026-06-01T19:50:55.090Z,valid,4.71,19.62,True
20260601-2136-work2home-18752208700,EveningA,ChurchHome:FINISH,C010,2026-06-01T19:50:56.954Z,valid,6.5,17.34,False
20260602-1007-home2work-18752324602,Morning,ChurchHome:FINISH,C010,2026-06-02T08:07:51.124Z,wrong_direction,169.72,44.19,False
20260602-1007-home2work-18752324602,Morning,EveningA:FINISH,C010,2026-06-02T08:07:51.896Z,wrong_direction,175.34,44.19,False
20260602-1007-home2work-18752324602,Morning,Morning:START,C001,2026-06-02T08:07:52.542Z,valid,1.11,22.87,True
20260602-1007-home2work-18752324602,Morning,FoshHome:FINISH,C053,2026-06-02T08:08:02.174Z,wrong_direction,179.13,21.79,False
20260602-1007-home2work-18752324602,Morning,StationHomePreferred:FINISH,C053,2026-06-02T08:08:07.352Z,wrong_direction,179.94,14.29,False
20260602-1007-home2work-18752324602,Morning,HomeStationViaFosh:START,C041,2026-06-02T08:08:11.040Z,valid,0.21,20.33,False
20260602-1007-home2work-18752324602,Morning,HomeFosh:START,C041,2026-06-02T08:08:11.807Z,valid,1.01,20.33,False
20260602-1007-home2work-18752324602,Morning,HomeChurch:START,C041,2026-06-02T08:08:14.767Z,valid,2.11,23.93,False
20260602-1007-home2work-18752324602,Morning,HomeStationPreferred:START,C041,2026-06-02T08:08:15.675Z,valid,4.7,24.42,False
20260602-1007-home2work-18752324602,Morning,Morning:G1,C002,2026-06-02T08:11:23.045Z,valid,4.85,22.72,True
20260602-1007-home2work-18752324602,Morning,EveningA:G3,C009,2026-06-02T08:11:53.368Z,wrong_direction,176.77,22.75,False
20260602-1007-home2work-18752324602,Morning,HomeFosh:G1,C069,2026-06-02T08:13:18.379Z,valid,2.29,21.64,False
20260602-1007-home2work-18752324602,Morning,HomeStationPreferred:G1,C042,2026-06-02T08:13:42.591Z,valid,5.24,23.07,False
20260602-1007-home2work-18752324602,Morning,StationHomePreferred:G3,C052,2026-06-02T08:13:43.643Z,wrong_direction,177.08,23.09,False
20260602-1007-home2work-18752324602,Morning,HomeStationViaFosh:G1,C046,2026-06-02T08:13:50.455Z,valid,1.02,23.82,False
20260602-1007-home2work-18752324602,Morning,EveningA:G2,C008,2026-06-02T08:14:45.394Z,wrong_direction,177.15,18.34,False
20260602-1007-home2work-18752324602,Morning,Morning:G2,C003,2026-06-02T08:15:06.858Z,valid,18.29,21.54,True
20260602-1007-home2work-18752324602,Morning,HomeFosh:G2,C070,2026-06-02T08:19:32.498Z,valid,4.26,24.53,False
20260602-1007-home2work-18752324602,Morning,EveningA:G1,C007,2026-06-02T08:19:39.164Z,wrong_direction,179.74,24.61,False
20260602-1007-home2work-18752324602,Morning,Morning:G3,C004,2026-06-02T08:20:04.104Z,valid,4.05,53.13,True
20260602-1007-home2work-18752324602,Morning,StationHomePreferred:G2,C051,2026-06-02T08:20:15.586Z,wrong_direction,143.31,21.61,False
20260602-1007-home2work-18752324602,Morning,HomeStationPreferred:G2,C043,2026-06-02T08:20:15.702Z,valid,34.31,21.61,False
20260602-1007-home2work-18752324602,Morning,HomeStationViaFosh:G2,C047,2026-06-02T08:20:42.531Z,valid,0.46,22.67,False
20260602-1007-home2work-18752324602,Morning,EveningA:START,C006,2026-06-02T08:23:14.844Z,wrong_direction,164.9,11.05,False
20260602-1007-home2work-18752324602,Morning,Morning:FINISH,C005,2026-06-02T08:23:32.939Z,valid,12.91,16.67,True
20260602-1007-home2work-18752324602,Morning,WorkChurchA:START,C054,2026-06-02T08:23:53.173Z,valid,10.4,21.15,False
20260602-1007-home2work-18752324602,Morning,WorkChurchB:START,C035,2026-06-02T08:23:53.386Z,valid,48.72,21.15,False
20260602-1007-home2work-18752324602,Morning,WorkChurchB:START,C035,2026-06-02T08:24:00.594Z,wrong_direction,179.56,18.59,False
20260602-2048-work2home-18760293314,EveningA,StationWorkAlt:FINISH,C035,2026-06-02T18:48:21.883Z,valid,29.82,28.1,False
20260602-2048-work2home-18760293314,EveningA,WorkChurchB:START,C035,2026-06-02T18:48:25.361Z,valid,24.32,26.57,False
20260602-2048-work2home-18760293314,EveningA,WorkChurchA:START,C054,2026-06-02T18:48:32.959Z,wrong_direction,178.5,25.67,False
20260602-2048-work2home-18760293314,EveningA,Morning:FINISH,C005,2026-06-02T18:48:50.721Z,wrong_direction,178.65,16.91,False
20260602-2048-work2home-18760293314,EveningA,EveningA:START,C006,2026-06-02T18:49:08.566Z,valid,15.83,24.49,True
20260602-2048-work2home-18760293314,EveningA,HomeStationViaFosh:G2,C047,2026-06-02T18:51:45.788Z,wrong_direction,176.93,19.81,False
20260602-2048-work2home-18760293314,EveningA,HomeStationPreferred:G2,C043,2026-06-02T18:52:15.514Z,wrong_direction,174.21,15.06,False
20260602-2048-work2home-18760293314,EveningA,StationHomePreferred:G2,C051,2026-06-02T18:52:15.654Z,valid,8.17,15.06,False
20260602-2048-work2home-18760293314,EveningA,Morning:G3,C004,2026-06-02T18:52:29.598Z,wrong_direction,166.76,19.17,False
20260602-2048-work2home-18760293314,EveningA,EveningA:G1,C007,2026-06-02T18:52:53.373Z,valid,1.33,24.48,True
20260602-2048-work2home-18760293314,EveningA,HomeFosh:G2,C070,2026-06-02T18:52:59.576Z,wrong_direction,177.04,24.88,False
20260602-2048-work2home-18760293314,EveningA,Morning:G2,C003,2026-06-02T18:56:36.748Z,wrong_direction,177.13,22.21,False
20260602-2048-work2home-18760293314,EveningA,EveningA:G2,C008,2026-06-02T18:56:52.419Z,valid,40.09,22.16,True
20260602-2048-work2home-18760293314,EveningA,HomeStationViaFosh:G1,C046,2026-06-02T18:57:45.909Z,wrong_direction,178.77,23.93,False
20260602-2048-work2home-18760293314,EveningA,StationHomePreferred:G3,C052,2026-06-02T18:57:52.752Z,valid,0.58,22.93,False
20260602-2048-work2home-18760293314,EveningA,HomeStationPreferred:G1,C042,2026-06-02T18:57:53.806Z,wrong_direction,179.82,22.97,False
20260602-2048-work2home-18760293314,EveningA,HomeFosh:G1,C069,2026-06-02T18:58:17.595Z,wrong_direction,167.33,22.61,False
20260602-2048-work2home-18760293314,EveningA,EveningA:G3,C009,2026-06-02T18:59:37.733Z,valid,0.49,24.41,True
20260602-2048-work2home-18760293314,EveningA,Morning:G1,C002,2026-06-02T19:00:06.825Z,wrong_direction,179.16,23.47,False
20260602-2048-work2home-18760293314,EveningA,HomeStationPreferred:START,C041,2026-06-02T19:03:01.867Z,wrong_direction,179.6,20.14,False
20260602-2048-work2home-18760293314,EveningA,HomeChurch:START,C041,2026-06-02T19:03:02.913Z,wrong_direction,179.67,21.06,False
20260602-2048-work2home-18760293314,EveningA,HomeFosh:START,C041,2026-06-02T19:03:06.184Z,wrong_direction,178.16,20.6,False
20260602-2048-work2home-18760293314,EveningA,HomeStationViaFosh:START,C041,2026-06-02T19:03:06.936Z,wrong_direction,178.96,20.6,False
20260602-2048-work2home-18760293314,EveningA,StationHomePreferred:FINISH,C053,2026-06-02T19:03:09.985Z,valid,2.91,19.56,False
20260602-2048-work2home-18760293314,EveningA,FoshHome:FINISH,C053,2026-06-02T19:03:13.729Z,valid,1.24,20.26,False
20260602-2048-work2home-18760293314,EveningA,Morning:START,C001,2026-06-02T19:03:24.642Z,wrong_direction,177.67,21.43,False
20260602-2048-work2home-18760293314,EveningA,EveningA:FINISH,C010,2026-06-02T19:03:25.448Z,valid,6.19,21.43,True
20260602-2048-work2home-18760293314,EveningA,ChurchHome:FINISH,C010,2026-06-02T19:03:27.090Z,valid,9.76,19.43,False
20260603-0911-home2work-18766271302,Morning,ChurchHome:FINISH,C010,2026-06-03T07:12:04.809Z,wrong_direction,179.06,22.02,False
20260603-0911-home2work-18766271302,Morning,EveningA:FINISH,C010,2026-06-03T07:12:06.326Z,wrong_direction,174.53,23.55,False
20260603-0911-home2work-18766271302,Morning,Morning:START,C001,2026-06-03T07:12:07.069Z,valid,0.31,23.87,True
20260603-0911-home2work-18766271302,Morning,FoshHome:FINISH,C053,2026-06-03T07:12:16.395Z,wrong_direction,179.59,23.55,False
20260603-0911-home2work-18766271302,Morning,StationHomePreferred:FINISH,C053,2026-06-03T07:12:19.546Z,wrong_direction,178.1,23.53,False
20260603-0911-home2work-18766271302,Morning,HomeStationViaFosh:START,C041,2026-06-03T07:12:22.142Z,valid,1.44,24.53,False
20260603-0911-home2work-18766271302,Morning,HomeFosh:START,C041,2026-06-03T07:12:22.772Z,valid,2.24,24.53,False
20260603-0911-home2work-18766271302,Morning,HomeChurch:START,C041,2026-06-03T07:12:25.530Z,valid,1.08,24.64,False
20260603-0911-home2work-18766271302,Morning,HomeStationPreferred:START,C041,2026-06-03T07:12:26.425Z,valid,2.13,24.32,False
20260603-0911-home2work-18766271302,Morning,Morning:G1,C002,2026-06-03T07:15:19.999Z,valid,0.73,23.46,True
20260603-0911-home2work-18766271302,Morning,EveningA:G3,C009,2026-06-03T07:15:49.829Z,wrong_direction,179.51,24.41,False
20260603-0911-home2work-18766271302,Morning,HomeFosh:G1,C069,2026-06-03T07:17:05.940Z,valid,10.94,22.92,False
20260603-0911-home2work-18766271302,Morning,HomeStationPreferred:G1,C042,2026-06-03T07:17:29.023Z,valid,0.93,24.86,False
20260603-0911-home2work-18766271302,Morning,StationHomePreferred:G3,C052,2026-06-03T07:17:29.994Z,wrong_direction,179.48,24.86,False
20260603-0911-home2work-18766271302,Morning,HomeStationViaFosh:G1,C046,2026-06-03T07:17:36.525Z,valid,1.78,22.45,False
20260603-0911-home2work-18766271302,Morning,EveningA:G2,C008,2026-06-03T07:18:28.891Z,wrong_direction,174.92,22.27,False
20260603-0911-home2work-18766271302,Morning,Morning:G2,C003,2026-06-03T07:18:49.177Z,valid,15.91,24.65,True
20260603-0911-home2work-18766271302,Morning,HomeFosh:G2,C070,2026-06-03T07:22:33.018Z,valid,2.08,25.2,False
20260603-0911-home2work-18766271302,Morning,EveningA:G1,C007,2026-06-03T07:22:39.457Z,wrong_direction,167.35,25.03,False
20260603-0911-home2work-18766271302,Morning,Morning:G3,C004,2026-06-03T07:23:02.823Z,valid,0.6,24.91,True
20260603-0911-home2work-18766271302,Morning,StationHomePreferred:G2,C051,2026-06-03T07:23:13.338Z,wrong_direction,124.71,25.84,False
20260603-0911-home2work-18766271302,Morning,HomeStationPreferred:G2,C043,2026-06-03T07:23:13.504Z,valid,52.91,25.84,False
20260603-0911-home2work-18766271302,Morning,HomeStationViaFosh:G2,C047,2026-06-03T07:23:40.247Z,valid,1.69,23.84,False
20260603-0911-home2work-18766271302,Morning,EveningA:START,C006,2026-06-03T07:26:07.067Z,wrong_direction,165.53,23.36,False
20260603-0911-home2work-18766271302,Morning,Morning:FINISH,C005,2026-06-03T07:26:22.832Z,valid,14.48,22.52,True
20260603-0911-home2work-18766271302,Morning,WorkChurchB:START,C035,2026-06-03T07:26:40.964Z,valid,58.87,12.32,False
20260603-0911-home2work-18766271302,Morning,WorkChurchA:START,C054,2026-06-03T07:26:41.381Z,valid,17.92,14.15,False
20260603-0911-home2work-18766271302,Morning,WorkChurchB:START,C035,2026-06-03T07:26:48.658Z,wrong_direction,167.95,16.65,False
20260603-0911-home2work-18766271302,Morning,StationWorkAlt:FINISH,C035,2026-06-03T07:26:52.299Z,wrong_direction,174.17,31.84,False
20260603-1834-work2home-18780222983,EveningB,StationWorkAlt:FINISH,C035,2026-06-03T16:34:29.649Z,valid,20.18,85.86,False
20260603-1834-work2home-18780222983,EveningB,WorkChurchB:START,C035,2026-06-03T16:34:32.794Z,valid,3.89,16.21,False
20260603-1834-work2home-18780222983,EveningB,WorkChurchB:START,C035,2026-06-03T16:34:38.113Z,wrong_direction,121.51,14.76,False
20260603-1834-work2home-18780222983,EveningB,WorkChurchA:START,C054,2026-06-03T16:34:39.925Z,wrong_direction,170.1,15.3,False
20260603-1834-work2home-18780222983,EveningB,Morning:FINISH,C005,2026-06-03T16:35:00.369Z,wrong_direction,173.06,18.82,False
20260603-1834-work2home-18780222983,EveningB,EveningA:START,C006,2026-06-03T16:35:16.306Z,valid,15.57,24.26,False
20260603-1834-work2home-18780222983,EveningB,EveningB:G1,C012,2026-06-03T16:39:30.584Z,valid,2.08,25.37,True
20260603-1834-work2home-18780222983,EveningB,MorningB:G3,C019,2026-06-03T16:39:30.585Z,wrong_direction,177.54,25.37,False
20260603-1834-work2home-18780222983,EveningB,FoshHome:G2,C075,2026-06-03T16:40:06.103Z,valid,3.78,24.61,False
20260603-1834-work2home-18780222983,EveningB,ChurchHome:G2,C068,2026-06-03T16:41:47.678Z,valid,0.37,22.14,False
20260603-1834-work2home-18780222983,EveningB,EveningB:G2,C013,2026-06-03T16:42:57.835Z,valid,0.47,23.57,True
20260603-1834-work2home-18780222983,EveningB,MorningB:G2,C018,2026-06-03T16:42:57.835Z,wrong_direction,179.53,23.57,False
20260603-1834-work2home-18780222983,EveningB,FoshHome:G3,C076,2026-06-03T16:45:25.068Z,valid,0.31,29.09,False
20260603-1834-work2home-18780222983,EveningB,HomeChurch:G1,C017,2026-06-03T16:46:14.188Z,wrong_direction,178.2,26.52,False
20260603-1834-work2home-18780222983,EveningB,MorningB:G1,C017,2026-06-03T16:46:14.344Z,wrong_direction,172.67,26.52,False
20260603-1834-work2home-18780222983,EveningB,EveningB:G3,C014,2026-06-03T16:46:14.360Z,valid,4.06,26.52,True
20260603-1834-work2home-18780222983,EveningB,ChurchHome:G3,C014,2026-06-03T16:46:16.522Z,valid,5.64,29.45,False
20260603-1834-work2home-18780222983,EveningB,EveningB:FINISH,C015,2026-06-03T16:49:36.438Z,valid,1.28,19.01,True
20260603-1834-work2home-18780222983,EveningB,HomeStationPreferred:START,C041,2026-06-03T16:50:12.822Z,wrong_direction,174.67,20.76,False
20260603-1834-work2home-18780222983,EveningB,HomeChurch:START,C041,2026-06-03T16:50:13.848Z,wrong_direction,179.35,21.51,False
20260603-1834-work2home-18780222983,EveningB,HomeFosh:START,C041,2026-06-03T16:50:16.988Z,wrong_direction,176.25,21.84,False
20260603-1834-work2home-18780222983,EveningB,HomeStationViaFosh:START,C041,2026-06-03T16:50:17.706Z,wrong_direction,177.08,21.61,False
20260603-1834-work2home-18780222983,EveningB,StationHomePreferred:FINISH,C053,2026-06-03T16:50:20.660Z,valid,0.53,20.6,False
20260603-1834-work2home-18780222983,EveningB,FoshHome:FINISH,C053,2026-06-03T16:50:24.410Z,valid,6.52,26.17,False
20260603-1834-work2home-18780222983,EveningB,Morning:START,C001,2026-06-03T16:50:34.526Z,wrong_direction,178.56,21.81,False
20260603-1834-work2home-18780222983,EveningB,EveningA:FINISH,C010,2026-06-03T16:50:35.353Z,valid,5.1,20.07,False
20260603-1834-work2home-18780222983,EveningB,ChurchHome:FINISH,C010,2026-06-03T16:50:37.188Z,valid,5.94,17.47,False
20260604-1002-home2work-18780325387,Morning,ChurchHome:FINISH,C010,2026-06-04T08:03:13.660Z,wrong_direction,178.4,23.32,False
20260604-1002-home2work-18780325387,Morning,EveningA:FINISH,C010,2026-06-04T08:03:15.153Z,wrong_direction,174.86,23.09,False
20260604-1002-home2work-18780325387,Morning,Morning:START,C001,2026-06-04T08:03:15.898Z,valid,1.28,23.09,True
20260604-1002-home2work-18780325387,Morning,FoshHome:FINISH,C053,2026-06-04T08:03:25.105Z,wrong_direction,179.43,24.83,False
20260604-1002-home2work-18780325387,Morning,StationHomePreferred:FINISH,C053,2026-06-04T08:03:28.203Z,wrong_direction,178.75,24.38,False
20260604-1002-home2work-18780325387,Morning,HomeStationViaFosh:START,C041,2026-06-04T08:03:30.738Z,valid,1.44,24.53,False
20260604-1002-home2work-18780325387,Morning,HomeFosh:START,C041,2026-06-04T08:03:31.367Z,valid,1.84,24.72,False
20260604-1002-home2work-18780325387,Morning,HomeChurch:START,C041,2026-06-04T08:03:34.085Z,valid,2.54,24.77,False
20260604-1002-home2work-18780325387,Morning,HomeStationPreferred:START,C041,2026-06-04T08:03:34.971Z,valid,1.79,24.77,False
20260604-1002-home2work-18780325387,Morning,Morning:G1,C002,2026-06-04T08:06:20.075Z,valid,2.48,24.4,True
20260604-1002-home2work-18780325387,Morning,EveningA:G3,C009,2026-06-04T08:06:48.521Z,wrong_direction,175.85,24.19,False
20260604-1002-home2work-18780325387,Morning,HomeFosh:G1,C069,2026-06-04T08:08:04.351Z,valid,9.58,24.09,False
20260604-1002-home2work-18780325387,Morning,HomeStationPreferred:G1,C042,2026-06-04T08:08:27.605Z,valid,1.27,24.32,False
20260604-1002-home2work-18780325387,Morning,StationHomePreferred:G3,C052,2026-06-04T08:08:28.596Z,wrong_direction,178.7,24.51,False
20260604-1002-home2work-18780325387,Morning,HomeStationViaFosh:G1,C046,2026-06-04T08:08:35.024Z,valid,1.87,24.83,False
20260604-1002-home2work-18780325387,Morning,EveningA:G2,C008,2026-06-04T08:09:26.070Z,wrong_direction,179.14,25.32,False
20260604-1002-home2work-18780325387,Morning,Morning:G2,C003,2026-06-04T08:09:41.086Z,valid,12.09,25.2,True
20260604-1002-home2work-18780325387,Morning,HomeFosh:G2,C070,2026-06-04T08:13:19.092Z,valid,2.96,22.25,False
20260604-1002-home2work-18780325387,Morning,EveningA:G1,C007,2026-06-04T08:13:25.604Z,wrong_direction,172.34,23.52,False
20260604-1002-home2work-18780325387,Morning,Morning:G3,C004,2026-06-04T08:13:50.213Z,valid,1.19,24.59,True
20260604-1002-home2work-18780325387,Morning,StationHomePreferred:G2,C051,2026-06-04T08:14:01.031Z,wrong_direction,138.44,22.45,False
20260604-1002-home2work-18780325387,Morning,HomeStationPreferred:G2,C043,2026-06-04T08:14:01.171Z,valid,39.18,22.45,False
20260604-1002-home2work-18780325387,Morning,HomeStationViaFosh:G2,C047,2026-06-04T08:14:27.480Z,valid,0.81,23.99,False
20260604-1002-home2work-18780325387,Morning,EveningA:START,C006,2026-06-04T08:17:06.229Z,wrong_direction,163.23,23.46,False
20260604-1002-home2work-18780325387,Morning,Morning:FINISH,C005,2026-06-04T08:17:22.140Z,valid,9.56,14.12,True
20260604-1002-home2work-18780325387,Morning,WorkChurchA:START,C054,2026-06-04T08:17:43.127Z,valid,5.73,29.8,False
20260604-1002-home2work-18780325387,Morning,WorkChurchB:START,C035,2026-06-04T08:17:43.663Z,valid,53.4,29.8,False
20260604-1002-home2work-18780325387,Morning,WorkChurchB:START,C035,2026-06-04T08:17:49.477Z,wrong_direction,151.25,19.44,False
20260604-1002-home2work-18780325387,Morning,StationWorkAlt:FINISH,C035,2026-06-04T08:17:53.471Z,wrong_direction,169.93,15.82,False
20260605-1352-home2work-18795862624,Morning,ChurchHome:FINISH,C010,2026-06-05T11:53:09.737Z,wrong_direction,176.04,22.55,False
20260605-1352-home2work-18795862624,Morning,EveningA:FINISH,C010,2026-06-05T11:53:11.255Z,wrong_direction,175.13,22.0,False
20260605-1352-home2work-18795862624,Morning,Morning:START,C001,2026-06-05T11:53:12.032Z,valid,0.67,23.42,True
20260605-1352-home2work-18795862624,Morning,FoshHome:FINISH,C053,2026-06-05T11:53:21.449Z,wrong_direction,176.55,23.17,False
20260605-1352-home2work-18795862624,Morning,StationHomePreferred:FINISH,C053,2026-06-05T11:53:24.587Z,wrong_direction,179.54,24.0,False
20260605-1352-home2work-18795862624,Morning,HomeStationViaFosh:START,C041,2026-06-05T11:53:27.240Z,valid,0.55,23.17,False
20260605-1352-home2work-18795862624,Morning,HomeFosh:START,C041,2026-06-05T11:53:27.908Z,valid,1.35,23.17,False
20260605-1352-home2work-18795862624,Morning,HomeChurch:START,C041,2026-06-05T11:53:30.777Z,valid,2.11,23.93,False
20260605-1352-home2work-18795862624,Morning,HomeStationPreferred:START,C041,2026-06-05T11:53:31.692Z,valid,1.36,23.93,False
20260605-1352-home2work-18795862624,Morning,Morning:G1,C002,2026-06-05T11:56:21.530Z,valid,0.54,24.41,True
20260605-1352-home2work-18795862624,Morning,EveningA:G3,C009,2026-06-05T11:56:50.674Z,wrong_direction,178.17,24.9,False
20260605-1352-home2work-18795862624,Morning,HomeFosh:G1,C069,2026-06-05T11:58:06.947Z,valid,5.48,24.59,False
20260605-1352-home2work-18795862624,Morning,HomeStationPreferred:G1,C042,2026-06-05T11:58:29.907Z,valid,0.89,24.51,False
20260605-1352-home2work-18795862624,Morning,StationHomePreferred:G3,C052,2026-06-05T11:58:30.917Z,wrong_direction,177.58,23.95,False
20260605-1352-home2work-18795862624,Morning,HomeStationViaFosh:G1,C046,2026-06-05T11:58:37.488Z,valid,0.11,23.87,False
20260605-1352-home2work-18795862624,Morning,EveningA:G2,C008,2026-06-05T11:59:31.709Z,wrong_direction,178.29,25.44,False
20260605-1352-home2work-18795862624,Morning,Morning:G2,C003,2026-06-05T11:59:46.785Z,valid,3.44,23.14,True
20260605-1352-home2work-18795862624,Morning,HomeFosh:G2,C070,2026-06-05T12:03:24.554Z,valid,0.95,23.51,False
20260605-1352-home2work-18795862624,Morning,EveningA:G1,C007,2026-06-05T12:03:31.114Z,wrong_direction,178.03,27.49,False
20260605-1352-home2work-18795862624,Morning,Morning:G3,C004,2026-06-05T12:03:55.977Z,valid,2.49,24.74,True
20260605-1352-home2work-18795862624,Morning,StationHomePreferred:G2,C051,2026-06-05T12:04:06.931Z,wrong_direction,115.11,16.34,False
20260605-1352-home2work-18795862624,Morning,HomeStationPreferred:G2,C043,2026-06-05T12:04:07.161Z,valid,46.65,17.55,False
20260605-1352-home2work-18795862624,Morning,HomeStationViaFosh:G2,C047,2026-06-05T12:04:34.140Z,valid,0.82,23.46,False
20260605-1352-home2work-18795862624,Morning,EveningA:START,C006,2026-06-05T12:07:08.653Z,wrong_direction,165.54,24.22,False
20260605-1352-home2work-18795862624,Morning,Morning:FINISH,C005,2026-06-05T12:07:25.556Z,valid,9.05,20.97,True
20260605-1352-home2work-18795862624,Morning,WorkChurchA:START,C054,2026-06-05T12:07:45.335Z,valid,7.0,21.27,False
20260605-1352-home2work-18795862624,Morning,WorkChurchB:START,C035,2026-06-05T12:07:45.504Z,valid,52.12,21.27,False
20260605-1352-home2work-18795862624,Morning,WorkChurchB:START,C035,2026-06-05T12:07:52.974Z,wrong_direction,158.99,16.39,False
20260608-0944-home2work-18833461896,Morning,ChurchHome:FINISH,C010,2026-06-08T07:45:12.011Z,wrong_direction,164.67,23.45,False
20260608-0944-home2work-18833461896,Morning,EveningA:FINISH,C010,2026-06-08T07:45:13.435Z,wrong_direction,173.4,23.62,False
20260608-0944-home2work-18833461896,Morning,Morning:START,C001,2026-06-08T07:45:14.120Z,valid,0.69,24.06,True
20260608-0944-home2work-18833461896,Morning,FoshHome:FINISH,C053,2026-06-08T07:45:23.393Z,wrong_direction,179.82,24.64,False
20260608-0944-home2work-18833461896,Morning,StationHomePreferred:FINISH,C053,2026-06-08T07:45:26.458Z,wrong_direction,179.86,24.91,False
20260608-0944-home2work-18833461896,Morning,HomeStationViaFosh:START,C041,2026-06-08T07:45:28.969Z,valid,0.26,25.1,False
20260608-0944-home2work-18833461896,Morning,HomeFosh:START,C041,2026-06-08T07:45:29.592Z,valid,2.11,25.18,False
20260608-0944-home2work-18833461896,Morning,HomeChurch:START,C041,2026-06-08T07:45:32.280Z,valid,2.17,24.57,False
20260608-0944-home2work-18833461896,Morning,HomeStationPreferred:START,C041,2026-06-08T07:45:33.177Z,valid,1.1,25.02,False
20260608-0944-home2work-18833461896,Morning,Morning:G1,C002,2026-06-08T07:48:13.365Z,valid,0.99,24.57,True
20260608-0944-home2work-18833461896,Morning,EveningA:G3,C009,2026-06-08T07:48:42.288Z,wrong_direction,176.93,24.31,False
20260608-0944-home2work-18833461896,Morning,HomeFosh:G1,C069,2026-06-08T07:49:58.400Z,valid,8.15,23.5,False
20260608-0944-home2work-18833461896,Morning,HomeStationPreferred:G1,C042,2026-06-08T07:50:21.315Z,valid,0.95,24.22,False
20260608-0944-home2work-18833461896,Morning,StationHomePreferred:G3,C052,2026-06-08T07:50:22.317Z,wrong_direction,178.71,23.98,False
20260608-0944-home2work-18833461896,Morning,HomeStationViaFosh:G1,C046,2026-06-08T07:50:28.886Z,valid,1.7,23.09,False
20260608-0944-home2work-18833461896,Morning,EveningA:G2,C008,2026-06-08T07:51:20.860Z,wrong_direction,178.5,23.27,False
20260608-0944-home2work-18833461896,Morning,Morning:G2,C003,2026-06-08T07:51:36.219Z,valid,2.34,26.11,True
20260608-0944-home2work-18833461896,Morning,HomeFosh:G2,C070,2026-06-08T07:55:07.099Z,valid,1.65,21.14,False
20260608-0944-home2work-18833461896,Morning,EveningA:G1,C007,2026-06-08T07:55:13.581Z,wrong_direction,168.21,23.87,False
20260608-0944-home2work-18833461896,Morning,Morning:G3,C004,2026-06-08T07:55:37.837Z,valid,0.99,29.16,True
20260608-0944-home2work-18833461896,Morning,StationHomePreferred:G2,C051,2026-06-08T07:55:48.218Z,wrong_direction,155.5,21.59,False
20260608-0944-home2work-18833461896,Morning,HomeStationPreferred:G2,C043,2026-06-08T07:55:48.345Z,valid,22.12,21.59,False
20260608-0944-home2work-18833461896,Morning,HomeStationViaFosh:G2,C047,2026-06-08T07:56:14.371Z,valid,1.05,24.22,False
20260608-0944-home2work-18833461896,Morning,EveningA:START,C006,2026-06-08T07:59:22.984Z,wrong_direction,162.47,24.15,False
20260608-0944-home2work-18833461896,Morning,Morning:FINISH,C005,2026-06-08T07:59:38.765Z,valid,4.5,21.04,True
20260608-2154-work2home-18841808651,EveningB,WorkChurchA:START,C054,2026-06-08T19:54:46.552Z,valid,26.75,17.92,False
20260608-2154-work2home-18841808651,EveningB,MorningB:FINISH,C020,2026-06-08T19:55:21.330Z,wrong_direction,177.47,23.53,False
20260608-2154-work2home-18841808651,EveningB,EveningB:START,C011,2026-06-08T19:55:21.331Z,valid,2.4,23.53,True
20260608-2154-work2home-18841808651,EveningB,MorningB:G3,C019,2026-06-08T19:58:54.423Z,wrong_direction,179.33,24.4,False
20260608-2154-work2home-18841808651,EveningB,EveningB:G1,C012,2026-06-08T19:58:54.423Z,valid,1.06,24.4,True
20260608-2154-work2home-18841808651,EveningB,FoshHome:G2,C075,2026-06-08T19:59:29.974Z,valid,3.04,24.26,False
20260608-2154-work2home-18841808651,EveningB,ChurchHome:G2,C068,2026-06-08T20:01:13.510Z,valid,2.27,23.98,False
20260608-2154-work2home-18841808651,EveningB,EveningB:G2,C013,2026-06-08T20:02:21.082Z,valid,1.73,24.46,True
20260608-2154-work2home-18841808651,EveningB,MorningB:G2,C018,2026-06-08T20:02:21.082Z,wrong_direction,178.27,24.46,False
20260608-2154-work2home-18841808651,EveningB,FoshHome:G3,C076,2026-06-08T20:04:39.970Z,valid,8.8,27.17,False
20260608-2154-work2home-18841808651,EveningB,HomeChurch:G1,C017,2026-06-08T20:05:28.637Z,wrong_direction,178.0,28.64,False
20260608-2154-work2home-18841808651,EveningB,MorningB:G1,C017,2026-06-08T20:05:28.776Z,wrong_direction,176.47,28.64,False
20260608-2154-work2home-18841808651,EveningB,EveningB:G3,C014,2026-06-08T20:05:28.795Z,valid,0.26,28.64,True
20260608-2154-work2home-18841808651,EveningB,ChurchHome:G3,C014,2026-06-08T20:05:30.886Z,valid,0.75,28.21,False
20260608-2154-work2home-18841808651,EveningB,EveningB:FINISH,C015,2026-06-08T20:08:32.743Z,valid,0.51,15.8,True
20260608-2154-work2home-18841808651,EveningB,MorningB:START,C016,2026-06-08T20:09:50.742Z,wrong_direction,164.84,13.37,False
20260610-1027-home2work-18861593489,Morning,ChurchHome:FINISH,C010,2026-06-10T08:28:19.846Z,wrong_direction,168.49,22.42,False
20260610-1027-home2work-18861593489,Morning,EveningA:FINISH,C010,2026-06-10T08:28:21.353Z,wrong_direction,170.54,22.99,False
20260610-1027-home2work-18861593489,Morning,Morning:START,C001,2026-06-10T08:28:22.111Z,valid,0.87,23.29,True
20260610-1027-home2work-18861593489,Morning,FoshHome:FINISH,C053,2026-06-10T08:28:31.441Z,wrong_direction,178.98,24.08,False
20260610-1027-home2work-18861593489,Morning,StationHomePreferred:FINISH,C053,2026-06-10T08:28:34.602Z,wrong_direction,177.65,24.32,False
20260610-1027-home2work-18861593489,Morning,HomeStationViaFosh:START,C041,2026-06-10T08:28:37.212Z,valid,2.51,24.62,False
20260610-1027-home2work-18861593489,Morning,HomeFosh:START,C041,2026-06-10T08:28:37.841Z,valid,3.31,24.62,False
20260610-1027-home2work-18861593489,Morning,HomeChurch:START,C041,2026-06-10T08:28:40.541Z,valid,1.85,25.02,False
20260610-1027-home2work-18861593489,Morning,HomeStationPreferred:START,C041,2026-06-10T08:28:41.416Z,valid,0.03,25.1,False
20260610-1027-home2work-18861593489,Morning,Morning:G1,C002,2026-06-10T08:31:23.274Z,valid,0.99,24.57,True
20260610-1027-home2work-18861593489,Morning,EveningA:G3,C009,2026-06-10T08:31:52.294Z,wrong_direction,175.19,23.91,False
20260610-1027-home2work-18861593489,Morning,HomeFosh:G1,C069,2026-06-10T08:33:08.659Z,valid,11.92,23.18,False
20260610-1027-home2work-18861593489,Morning,HomeStationPreferred:G1,C042,2026-06-10T08:33:31.704Z,valid,0.16,24.26,False
20260610-1027-home2work-18861593489,Morning,StationHomePreferred:G3,C052,2026-06-10T08:33:32.700Z,wrong_direction,179.43,24.26,False
20260610-1027-home2work-18861593489,Morning,HomeStationViaFosh:G1,C046,2026-06-10T08:33:39.194Z,valid,0.84,24.12,False
20260610-1027-home2work-18861593489,Morning,EveningA:G2,C008,2026-06-10T08:34:31.009Z,wrong_direction,172.03,24.09,False
20260610-1027-home2work-18861593489,Morning,Morning:G2,C003,2026-06-10T08:34:46.492Z,valid,0.43,24.54,True
20260610-1027-home2work-18861593489,Morning,HomeFosh:G2,C070,2026-06-10T08:38:19.718Z,valid,5.56,23.36,False
20260610-1027-home2work-18861593489,Morning,EveningA:G1,C007,2026-06-10T08:38:25.925Z,wrong_direction,177.9,25.81,False
20260610-1027-home2work-18861593489,Morning,Morning:G3,C004,2026-06-10T08:38:50.051Z,valid,0.62,26.64,True
20260610-1027-home2work-18861593489,Morning,StationHomePreferred:G2,C051,2026-06-10T08:39:00.653Z,wrong_direction,141.61,24.02,False
20260610-1027-home2work-18861593489,Morning,HomeStationPreferred:G2,C043,2026-06-10T08:39:00.786Z,valid,36.01,24.02,False
20260610-1027-home2work-18861593489,Morning,HomeStationViaFosh:G2,C047,2026-06-10T08:39:28.065Z,valid,0.34,21.59,False
20260610-1027-home2work-18861593489,Morning,EveningA:START,C006,2026-06-10T08:41:57.286Z,wrong_direction,164.97,23.81,False
20260610-1027-home2work-18861593489,Morning,Morning:FINISH,C005,2026-06-10T08:42:12.743Z,valid,3.28,23.08,True
20260610-1027-home2work-18861593489,Morning,WorkChurchA:START,C054,2026-06-10T08:42:30.338Z,valid,5.0,21.95,False
20260610-1027-home2work-18861593489,Morning,WorkChurchB:START,C035,2026-06-10T08:42:30.454Z,valid,64.13,21.95,False
20260610-1027-home2work-18861593489,Morning,WorkChurchB:START,C035,2026-06-10T08:42:36.669Z,wrong_direction,169.67,20.09,False
20260610-1949-work2home-18868404668,EveningB,StationWorkAlt:FINISH,C035,2026-06-10T17:50:08.147Z,valid,27.17,16.52,False
20260610-1949-work2home-18868404668,EveningB,WorkChurchB:START,C035,2026-06-10T17:50:11.990Z,valid,17.72,16.28,False
20260610-1949-work2home-18868404668,EveningB,MorningB:FINISH,C020,2026-06-10T17:53:05.737Z,wrong_direction,179.64,14.25,False
20260610-1949-work2home-18868404668,EveningB,EveningB:START,C011,2026-06-10T17:53:05.738Z,valid,0.49,14.25,True
20260610-1949-work2home-18868404668,EveningB,MorningB:G3,C019,2026-06-10T17:57:18.325Z,wrong_direction,178.12,49.12,False
20260610-1949-work2home-18868404668,EveningB,EveningB:G1,C012,2026-06-10T17:57:18.325Z,valid,2.27,49.12,True
20260610-1949-work2home-18868404668,EveningB,FoshHome:G2,C075,2026-06-10T17:57:52.593Z,valid,4.22,24.98,False
20260610-1949-work2home-18868404668,EveningB,ChurchHome:G2,C068,2026-06-10T17:59:33.868Z,valid,1.62,48.08,False
20260610-1949-work2home-18868404668,EveningB,EveningB:G2,C013,2026-06-10T18:00:37.862Z,valid,0.84,25.62,True
20260610-1949-work2home-18868404668,EveningB,MorningB:G2,C018,2026-06-10T18:00:37.862Z,wrong_direction,179.16,25.62,False
20260610-1949-work2home-18868404668,EveningB,FoshHome:G3,C076,2026-06-10T18:02:54.920Z,valid,1.26,28.84,False
20260610-1949-work2home-18868404668,EveningB,HomeChurch:G1,C017,2026-06-10T18:03:41.236Z,wrong_direction,179.32,31.11,False
20260610-1949-work2home-18868404668,EveningB,MorningB:G1,C017,2026-06-10T18:03:41.362Z,wrong_direction,173.79,31.11,False
20260610-1949-work2home-18868404668,EveningB,EveningB:G3,C014,2026-06-10T18:03:41.380Z,valid,2.94,31.11,True
20260610-1949-work2home-18868404668,EveningB,ChurchHome:G3,C014,2026-06-10T18:03:43.767Z,valid,1.5,16.04,False
20260610-1949-work2home-18868404668,EveningB,EveningB:FINISH,C015,2026-06-10T18:06:39.441Z,valid,1.73,21.58,True
20260610-1949-work2home-18868404668,EveningB,MorningB:START,C016,2026-06-10T18:07:57.189Z,wrong_direction,179.23,18.56,False
20260611-0950-home2work-18874829241,Morning,ChurchHome:FINISH,C010,2026-06-11T07:50:35.864Z,wrong_direction,174.47,21.98,False
20260611-0950-home2work-18874829241,Morning,EveningA:FINISH,C010,2026-06-11T07:50:37.210Z,wrong_direction,178.17,45.01,False
20260611-0950-home2work-18874829241,Morning,Morning:START,C001,2026-06-11T07:50:37.591Z,valid,2.03,45.01,True
20260611-0950-home2work-18874829241,Morning,FoshHome:FINISH,C053,2026-06-11T07:50:47.311Z,wrong_direction,178.98,24.08,False
20260611-0950-home2work-18874829241,Morning,StationHomePreferred:FINISH,C053,2026-06-11T07:50:50.399Z,wrong_direction,179.75,25.1,False
20260611-0950-home2work-18874829241,Morning,HomeStationViaFosh:START,C041,2026-06-11T07:50:52.938Z,valid,4.86,24.19,False
20260611-0950-home2work-18874829241,Morning,HomeFosh:START,C041,2026-06-11T07:50:53.547Z,valid,1.12,25.6,False
20260611-0950-home2work-18874829241,Morning,HomeChurch:START,C041,2026-06-11T07:50:56.220Z,valid,2.95,25.6,False
20260611-0950-home2work-18874829241,Morning,HomeStationPreferred:START,C041,2026-06-11T07:50:57.079Z,valid,0.41,25.28,False
20260611-0950-home2work-18874829241,Morning,Morning:G1,C002,2026-06-11T07:53:39.088Z,valid,0.05,24.72,True
20260611-0950-home2work-18874829241,Morning,EveningA:G3,C009,2026-06-11T07:54:07.620Z,wrong_direction,176.07,24.66,False
20260611-0950-home2work-18874829241,Morning,HomeFosh:G1,C069,2026-06-11T07:55:21.713Z,valid,8.7,46.76,False
20260611-0950-home2work-18874829241,Morning,HomeStationPreferred:G1,C042,2026-06-11T07:55:44.899Z,valid,0.14,25.55,False
20260611-0950-home2work-18874829241,Morning,StationHomePreferred:G3,C052,2026-06-11T07:55:45.861Z,wrong_direction,179.8,25.1,False
20260611-0950-home2work-18874829241,Morning,HomeStationViaFosh:G1,C046,2026-06-11T07:55:52.208Z,valid,0.46,24.32,False
20260611-0950-home2work-18874829241,Morning,EveningA:G2,C008,2026-06-11T07:56:42.099Z,wrong_direction,168.78,26.53,False
20260611-0950-home2work-18874829241,Morning,Morning:G2,C003,2026-06-11T07:56:56.690Z,valid,3.55,25.4,True
20260611-0950-home2work-18874829241,Morning,HomeFosh:G2,C070,2026-06-11T08:00:20.674Z,valid,1.06,11.87,False
20260611-0950-home2work-18874829241,Morning,EveningA:G1,C007,2026-06-11T08:00:27.051Z,wrong_direction,174.48,23.16,False
20260611-0950-home2work-18874829241,Morning,Morning:G3,C004,2026-06-11T08:00:50.279Z,valid,0.9,51.22,True
20260611-0950-home2work-18874829241,Morning,StationHomePreferred:G2,C051,2026-06-11T08:01:00.965Z,wrong_direction,117.25,26.55,False
20260611-0950-home2work-18874829241,Morning,HomeStationPreferred:G2,C043,2026-06-11T08:01:01.077Z,valid,11.8,23.68,False
20260611-0950-home2work-18874829241,Morning,HomeStationViaFosh:G2,C047,2026-06-11T08:01:25.994Z,valid,0.57,23.76,False
20260611-0950-home2work-18874829241,Morning,EveningA:START,C006,2026-06-11T08:03:51.887Z,wrong_direction,162.23,24.38,False
20260611-0950-home2work-18874829241,Morning,Morning:FINISH,C005,2026-06-11T08:04:07.453Z,valid,6.26,26.19,True
20260611-0950-home2work-18874829241,Morning,WorkChurchA:START,C054,2026-06-11T08:04:23.958Z,valid,10.65,20.23,False
20260611-0950-home2work-18874829241,Morning,WorkChurchB:START,C035,2026-06-11T08:04:24.008Z,valid,57.4,22.85,False
20260611-0950-home2work-18874829241,Morning,WorkChurchB:START,C035,2026-06-11T08:04:30.404Z,wrong_direction,177.4,32.13,False
20260611-0950-home2work-18874829241,Morning,StationWorkAlt:FINISH,C035,2026-06-11T08:04:32.817Z,wrong_direction,172.25,22.37,False
20260611-1923-work2home-18881030862,EveningB,StationWorkAlt:FINISH,C035,2026-06-11T17:23:31.893Z,valid,42.47,15.45,False
20260611-1923-work2home-18881030862,EveningB,WorkChurchB:START,C035,2026-06-11T17:23:36.425Z,valid,14.1,13.03,False
20260611-1923-work2home-18881030862,EveningB,MorningB:FINISH,C020,2026-06-11T17:24:07.993Z,wrong_direction,176.81,13.52,False
20260611-1923-work2home-18881030862,EveningB,EveningB:START,C011,2026-06-11T17:24:07.993Z,valid,3.32,13.52,True
20260611-1923-work2home-18881030862,EveningB,MorningB:G3,C019,2026-06-11T17:28:16.667Z,wrong_direction,179.45,24.87,False
20260611-1923-work2home-18881030862,EveningB,EveningB:G1,C012,2026-06-11T17:28:16.668Z,valid,0.94,24.87,True
20260611-1923-work2home-18881030862,EveningB,FoshHome:G2,C075,2026-06-11T17:28:52.065Z,valid,5.78,25.29,False
20260611-1923-work2home-18881030862,EveningB,ChurchHome:G2,C068,2026-06-11T17:30:31.694Z,valid,1.27,23.75,False
20260611-1923-work2home-18881030862,EveningB,EveningB:G2,C013,2026-06-11T17:31:36.864Z,valid,1.36,25.13,True
20260611-1923-work2home-18881030862,EveningB,MorningB:G2,C018,2026-06-11T17:31:36.864Z,wrong_direction,178.64,25.13,False
20260611-1923-work2home-18881030862,EveningB,FoshHome:G3,C076,2026-06-11T17:33:53.009Z,valid,1.26,29.09,False
20260611-1923-work2home-18881030862,EveningB,HomeChurch:G1,C017,2026-06-11T17:34:39.309Z,wrong_direction,177.72,30.94,False
20260611-1923-work2home-18881030862,EveningB,MorningB:G1,C017,2026-06-11T17:34:39.459Z,wrong_direction,176.75,30.94,False
20260611-1923-work2home-18881030862,EveningB,EveningB:G3,C014,2026-06-11T17:34:39.463Z,valid,0.02,30.94,True
20260611-1923-work2home-18881030862,EveningB,ChurchHome:G3,C014,2026-06-11T17:34:41.403Z,valid,0.02,29.41,False
20260611-1923-work2home-18881030862,EveningB,EveningB:FINISH,C015,2026-06-11T17:37:46.544Z,valid,4.23,21.64,True
20260611-1923-work2home-18881030862,EveningB,MorningB:START,C016,2026-06-11T17:39:02.022Z,wrong_direction,173.78,16.13,False
20260612-2223-work2home-18895067518,EveningB,WorkChurchB:START,C035,2026-06-12T20:23:09.639Z,valid,52.23,15.26,False
20260612-2223-work2home-18895067518,EveningB,WorkChurchA:START,C054,2026-06-12T20:23:09.835Z,valid,6.9,15.26,False
20260612-2223-work2home-18895067518,EveningB,MorningB:FINISH,C020,2026-06-12T20:23:37.592Z,wrong_direction,173.85,13.49,False
20260612-2223-work2home-18895067518,EveningB,EveningB:START,C011,2026-06-12T20:23:37.592Z,valid,6.02,13.49,True
20260612-2223-work2home-18895067518,EveningB,MorningB:G3,C019,2026-06-12T20:27:55.698Z,wrong_direction,179.07,24.87,False
20260612-2223-work2home-18895067518,EveningB,EveningB:G1,C012,2026-06-12T20:27:55.698Z,valid,0.54,24.87,True
20260612-2223-work2home-18895067518,EveningB,FoshHome:G2,C075,2026-06-12T20:28:30.799Z,valid,3.78,24.61,False
20260612-2223-work2home-18895067518,EveningB,ChurchHome:G2,C068,2026-06-12T20:30:10.315Z,valid,0.59,22.97,False
20260612-2223-work2home-18895067518,EveningB,EveningB:G2,C013,2026-06-12T20:31:18.528Z,valid,1.4,25.65,True
20260612-2223-work2home-18895067518,EveningB,MorningB:G2,C018,2026-06-12T20:31:18.528Z,wrong_direction,178.6,25.65,False
20260612-2223-work2home-18895067518,EveningB,FoshHome:G3,C076,2026-06-12T20:33:36.062Z,valid,1.13,28.34,False
20260612-2223-work2home-18895067518,EveningB,HomeChurch:G1,C017,2026-06-12T20:34:23.950Z,wrong_direction,176.38,30.52,False
20260612-2223-work2home-18895067518,EveningB,MorningB:G1,C017,2026-06-12T20:34:24.115Z,wrong_direction,175.48,28.47,False
20260612-2223-work2home-18895067518,EveningB,EveningB:G3,C014,2026-06-12T20:34:24.118Z,valid,7.79,28.47,True
20260612-2223-work2home-18895067518,EveningB,ChurchHome:G3,C014,2026-06-12T20:34:26.213Z,valid,0.9,29.54,False
20260612-2223-work2home-18895067518,EveningB,EveningB:FINISH,C015,2026-06-12T20:37:36.021Z,valid,2.35,19.88,True
20260612-2223-work2home-18895067518,EveningB,MorningB:START,C016,2026-06-12T20:38:55.844Z,wrong_direction,175.17,14.9,False
20260615-1226-home2work-18927230226,Morning,ChurchHome:FINISH,C010,2026-06-15T10:27:10.842Z,wrong_direction,163.33,23.93,False
20260615-1226-home2work-18927230226,Morning,EveningA:FINISH,C010,2026-06-15T10:27:12.265Z,wrong_direction,168.96,24.02,False
20260615-1226-home2work-18927230226,Morning,Morning:START,C001,2026-06-15T10:27:12.972Z,valid,7.18,24.02,True
20260615-1226-home2work-18927230226,Morning,FoshHome:FINISH,C053,2026-06-15T10:27:22.012Z,wrong_direction,179.05,25.02,False
20260615-1226-home2work-18927230226,Morning,StationHomePreferred:FINISH,C053,2026-06-15T10:27:25.067Z,wrong_direction,179.45,24.64,False
20260615-1226-home2work-18927230226,Morning,HomeStationViaFosh:START,C041,2026-06-15T10:27:27.650Z,valid,3.96,23.45,False
20260615-1226-home2work-18927230226,Morning,HomeFosh:START,C041,2026-06-15T10:27:28.316Z,valid,2.07,23.44,False
20260615-1226-home2work-18927230226,Morning,HomeChurch:START,C041,2026-06-15T10:27:31.196Z,valid,1.37,23.53,False
20260615-1226-home2work-18927230226,Morning,HomeStationPreferred:START,C041,2026-06-15T10:27:32.124Z,valid,0.41,25.28,False
20260615-1226-home2work-18927230226,Morning,Morning:G1,C002,2026-06-15T10:31:05.035Z,valid,0.51,24.56,True
20260615-1226-home2work-18927230226,Morning,EveningA:G3,C009,2026-06-15T10:31:33.721Z,wrong_direction,176.08,23.56,False
20260615-1226-home2work-18927230226,Morning,HomeFosh:G1,C069,2026-06-15T10:32:48.702Z,valid,4.47,25.33,False
20260615-1226-home2work-18927230226,Morning,HomeStationPreferred:G1,C042,2026-06-15T10:33:11.319Z,valid,0.52,24.71,False
20260615-1226-home2work-18927230226,Morning,StationHomePreferred:G3,C052,2026-06-15T10:33:12.297Z,wrong_direction,179.44,24.91,False
20260615-1226-home2work-18927230226,Morning,HomeStationViaFosh:G1,C046,2026-06-15T10:33:18.655Z,valid,1.17,24.57,False
20260615-1226-home2work-18927230226,Morning,EveningA:G2,C008,2026-06-15T10:34:08.404Z,wrong_direction,170.58,25.52,False
20260615-1226-home2work-18927230226,Morning,Morning:G2,C003,2026-06-15T10:34:23.049Z,valid,1.45,25.58,True
20260615-1226-home2work-18927230226,Morning,HomeFosh:G2,C070,2026-06-15T10:37:46.883Z,valid,0.95,23.51,False
20260615-1226-home2work-18927230226,Morning,EveningA:G1,C007,2026-06-15T10:37:53.019Z,wrong_direction,178.03,19.79,False
20260615-1226-home2work-18927230226,Morning,Morning:G3,C004,2026-06-15T10:38:15.994Z,valid,1.33,31.94,True
20260615-1226-home2work-18927230226,Morning,StationHomePreferred:G2,C051,2026-06-15T10:38:26.212Z,wrong_direction,141.87,28.08,False
20260615-1226-home2work-18927230226,Morning,HomeStationPreferred:G2,C043,2026-06-15T10:38:26.339Z,valid,35.75,28.08,False
20260615-1226-home2work-18927230226,Morning,HomeStationViaFosh:G2,C047,2026-06-15T10:38:51.434Z,valid,1.74,24.92,False
20260615-1226-home2work-18927230226,Morning,EveningA:START,C006,2026-06-15T10:41:15.042Z,wrong_direction,156.91,23.51,False
20260615-1226-home2work-18927230226,Morning,Morning:FINISH,C005,2026-06-15T10:41:32.158Z,valid,2.79,21.59,True
20260615-2359-work2home-18935332720,EveningB,WorkChurchA:START,C054,2026-06-15T22:00:14.894Z,valid,1.93,15.09,False
20260615-2359-work2home-18935332720,EveningB,WorkChurchB:START,C035,2026-06-15T22:00:14.943Z,valid,57.2,15.09,False
20260615-2359-work2home-18935332720,EveningB,MorningB:FINISH,C020,2026-06-15T22:00:43.167Z,wrong_direction,164.74,13.34,False
20260615-2359-work2home-18935332720,EveningB,EveningB:START,C011,2026-06-15T22:00:43.167Z,valid,15.13,13.34,True
20260615-2359-work2home-18935332720,EveningB,MorningB:G3,C019,2026-06-15T22:04:12.626Z,wrong_direction,178.91,25.81,False
20260615-2359-work2home-18935332720,EveningB,EveningB:G1,C012,2026-06-15T22:04:12.627Z,valid,0.7,25.81,True
20260615-2359-work2home-18935332720,EveningB,FoshHome:G2,C075,2026-06-15T22:04:47.336Z,valid,3.04,24.26,False
20260615-2359-work2home-18935332720,EveningB,ChurchHome:G2,C068,2026-06-15T22:06:26.350Z,valid,0.23,23.9,False
20260615-2359-work2home-18935332720,EveningB,EveningB:G2,C013,2026-06-15T22:07:32.178Z,valid,0.84,25.62,True
20260615-2359-work2home-18935332720,EveningB,MorningB:G2,C018,2026-06-15T22:07:32.178Z,wrong_direction,179.16,25.62,False
20260615-2359-work2home-18935332720,EveningB,FoshHome:G3,C076,2026-06-15T22:09:49.114Z,valid,6.46,26.71,False
20260615-2359-work2home-18935332720,EveningB,HomeChurch:G1,C017,2026-06-15T22:10:34.223Z,wrong_direction,176.26,35.94,False
20260615-2359-work2home-18935332720,EveningB,MorningB:G1,C017,2026-06-15T22:10:34.331Z,wrong_direction,170.73,35.94,False
20260615-2359-work2home-18935332720,EveningB,EveningB:G3,C014,2026-06-15T22:10:34.348Z,valid,6.0,35.94,True
20260615-2359-work2home-18935332720,EveningB,ChurchHome:G3,C014,2026-06-15T22:10:36.074Z,valid,2.09,31.11,False
20260615-2359-work2home-18935332720,EveningB,EveningB:FINISH,C015,2026-06-15T22:13:41.316Z,valid,0.74,22.85,True
20260615-2359-work2home-18935332720,EveningB,MorningB:START,C016,2026-06-15T22:14:57.983Z,wrong_direction,173.26,17.22,False
20260616-1211-home2work-18940926405,Morning,ChurchHome:FINISH,C010,2026-06-16T10:12:17.365Z,wrong_direction,175.82,23.63,False
20260616-1211-home2work-18940926405,Morning,EveningA:FINISH,C010,2026-06-16T10:12:18.855Z,wrong_direction,172.85,22.8,False
20260616-1211-home2work-18940926405,Morning,Morning:START,C001,2026-06-16T10:12:19.583Z,valid,0.69,24.06,True
20260616-1211-home2work-18940926405,Morning,FoshHome:FINISH,C053,2026-06-16T10:12:28.892Z,wrong_direction,178.03,24.81,False
20260616-1211-home2work-18940926405,Morning,StationHomePreferred:FINISH,C053,2026-06-16T10:12:31.970Z,wrong_direction,177.25,25.16,False
20260616-1211-home2work-18940926405,Morning,HomeStationViaFosh:START,C041,2026-06-16T10:12:34.537Z,valid,0.13,25.28,False
20260616-1211-home2work-18940926405,Morning,HomeFosh:START,C041,2026-06-16T10:12:35.150Z,valid,2.51,24.99,False
20260616-1211-home2work-18940926405,Morning,HomeChurch:START,C041,2026-06-16T10:12:37.849Z,valid,0.8,24.35,False
20260616-1211-home2work-18940926405,Morning,HomeStationPreferred:START,C041,2026-06-16T10:12:38.729Z,valid,3.6,25.1,False
20260616-1211-home2work-18940926405,Morning,Morning:G1,C002,2026-06-16T10:15:16.546Z,valid,1.09,24.87,True
20260616-1211-home2work-18940926405,Morning,EveningA:G3,C009,2026-06-16T10:15:45.635Z,wrong_direction,178.45,24.27,False
20260616-1211-home2work-18940926405,Morning,HomeFosh:G1,C069,2026-06-16T10:17:00.400Z,valid,9.93,22.68,False
20260616-1211-home2work-18940926405,Morning,HomeStationPreferred:G1,C042,2026-06-16T10:17:22.685Z,valid,0.86,25.16,False
20260616-1211-home2work-18940926405,Morning,StationHomePreferred:G3,C052,2026-06-16T10:17:23.651Z,wrong_direction,178.36,24.96,False
20260616-1211-home2work-18940926405,Morning,HomeStationViaFosh:G1,C046,2026-06-16T10:17:29.919Z,valid,1.87,24.83,False
20260616-1211-home2work-18940926405,Morning,EveningA:G2,C008,2026-06-16T10:18:20.656Z,wrong_direction,174.98,26.01,False
20260616-1211-home2work-18940926405,Morning,Morning:G2,C003,2026-06-16T10:18:35.026Z,valid,0.65,24.63,True
20260616-1211-home2work-18940926405,Morning,HomeFosh:G2,C070,2026-06-16T10:22:00.486Z,valid,2.77,24.44,False
20260616-1211-home2work-18940926405,Morning,EveningA:G1,C007,2026-06-16T10:22:06.976Z,wrong_direction,176.54,21.27,False
20260616-1211-home2work-18940926405,Morning,Morning:G3,C004,2026-06-16T10:22:29.832Z,valid,2.15,33.18,True
20260616-1211-home2work-18940926405,Morning,StationHomePreferred:G2,C051,2026-06-16T10:22:39.552Z,wrong_direction,145.02,26.06,False
20260616-1211-home2work-18940926405,Morning,HomeStationPreferred:G2,C043,2026-06-16T10:22:39.672Z,valid,32.6,26.06,False
20260616-1211-home2work-18940926405,Morning,HomeStationViaFosh:G2,C047,2026-06-16T10:23:04.614Z,valid,1.74,24.92,False
20260616-1211-home2work-18940926405,Morning,EveningA:START,C006,2026-06-16T10:25:25.430Z,wrong_direction,169.89,26.47,False
20260616-1211-home2work-18940926405,Morning,Morning:FINISH,C005,2026-06-16T10:25:40.693Z,valid,5.14,23.8,True
20260616-1211-home2work-18940926405,Morning,WorkChurchA:START,C054,2026-06-16T10:25:58.000Z,valid,6.4,19.7,False
20260616-1211-home2work-18940926405,Morning,WorkChurchB:START,C035,2026-06-16T10:25:58.041Z,valid,52.73,19.7,False
20260616-1211-home2work-18940926405,Morning,WorkChurchB:START,C035,2026-06-16T10:26:05.181Z,wrong_direction,161.18,11.05,False
20260616-1211-home2work-18940926405,Morning,StationWorkAlt:FINISH,C035,2026-06-16T10:26:07.713Z,wrong_direction,177.49,22.8,False
20260616-2230-work2home-18949259562,EveningB,WorkChurchA:START,C054,2026-06-16T20:30:31.251Z,valid,14.94,34.22,False
20260616-2230-work2home-18949259562,EveningB,WorkChurchB:START,C035,2026-06-16T20:30:31.571Z,valid,44.18,34.22,False
20260616-2230-work2home-18949259562,EveningB,EveningB:START,C011,2026-06-16T20:30:57.780Z,valid,10.78,13.24,True
20260616-2230-work2home-18949259562,EveningB,MorningB:FINISH,C020,2026-06-16T20:30:57.780Z,wrong_direction,169.34,13.24,False
20260616-2230-work2home-18949259562,EveningB,EveningB:G1,C012,2026-06-16T20:34:23.460Z,valid,0.73,25.8,True
20260616-2230-work2home-18949259562,EveningB,MorningB:G3,C019,2026-06-16T20:34:23.460Z,wrong_direction,179.66,25.8,False
20260616-2230-work2home-18949259562,EveningB,FoshHome:G2,C075,2026-06-16T20:34:57.972Z,valid,3.11,25.87,False
20260616-2230-work2home-18949259562,EveningB,ChurchHome:G2,C068,2026-06-16T20:36:34.254Z,valid,0.32,24.01,False
20260616-2230-work2home-18949259562,EveningB,EveningB:G2,C013,2026-06-16T20:37:37.722Z,valid,1.51,25.25,True
20260616-2230-work2home-18949259562,EveningB,MorningB:G2,C018,2026-06-16T20:37:37.722Z,wrong_direction,178.49,25.25,False
20260616-2230-work2home-18949259562,EveningB,FoshHome:G3,C076,2026-06-16T20:39:49.753Z,valid,0.47,30.86,False
20260616-2230-work2home-18949259562,EveningB,HomeChurch:G1,C017,2026-06-16T20:40:37.163Z,wrong_direction,178.54,22.7,False
20260616-2230-work2home-18949259562,EveningB,MorningB:G1,C017,2026-06-16T20:40:37.362Z,wrong_direction,175.93,22.7,False
20260616-2230-work2home-18949259562,EveningB,EveningB:G3,C014,2026-06-16T20:40:37.371Z,valid,0.8,22.7,True
20260616-2230-work2home-18949259562,EveningB,ChurchHome:G3,C014,2026-06-16T20:40:39.193Z,valid,1.16,33.88,False
20260616-2230-work2home-18949259562,EveningB,EveningB:FINISH,C015,2026-06-16T20:43:38.491Z,valid,5.47,21.69,True
20260616-2230-work2home-18949259562,EveningB,MorningB:START,C016,2026-06-16T20:44:52.627Z,wrong_direction,179.91,18.69,False
20260617-1219-home2work-18955636577,Morning,ChurchHome:FINISH,C010,2026-06-17T10:20:02.858Z,wrong_direction,167.78,19.41,False
20260617-1219-home2work-18955636577,Morning,EveningA:FINISH,C010,2026-06-17T10:20:04.489Z,wrong_direction,175.56,22.19,False
20260617-1219-home2work-18955636577,Morning,Morning:START,C001,2026-06-17T10:20:05.251Z,valid,0.67,23.42,True
20260617-1219-home2work-18955636577,Morning,FoshHome:FINISH,C053,2026-06-17T10:20:15.159Z,wrong_direction,179.26,23.09,False
20260617-1219-home2work-18955636577,Morning,StationHomePreferred:FINISH,C053,2026-06-17T10:20:18.374Z,wrong_direction,176.92,24.06,False
20260617-1219-home2work-18955636577,Morning,HomeStationViaFosh:START,C041,2026-06-17T10:20:21.059Z,valid,4.2,23.91,False
20260617-1219-home2work-18955636577,Morning,HomeFosh:START,C041,2026-06-17T10:20:21.708Z,valid,5.0,23.91,False
20260617-1219-home2work-18955636577,Morning,HomeChurch:START,C041,2026-06-17T10:20:24.387Z,valid,1.61,26.12,False
20260617-1219-home2work-18955636577,Morning,HomeStationPreferred:START,C041,2026-06-17T10:20:25.232Z,valid,2.2,25.6,False
20260617-1219-home2work-18955636577,Morning,Morning:G1,C002,2026-06-17T10:23:05.978Z,valid,0.84,25.04,True
20260617-1219-home2work-18955636577,Morning,EveningA:G3,C009,2026-06-17T10:23:34.117Z,wrong_direction,177.31,25.24,False
20260617-1219-home2work-18955636577,Morning,HomeFosh:G1,C069,2026-06-17T10:24:47.825Z,valid,8.7,23.38,False
20260617-1219-home2work-18955636577,Morning,HomeStationPreferred:G1,C042,2026-06-17T10:25:10.136Z,valid,1.6,24.77,False
20260617-1219-home2work-18955636577,Morning,StationHomePreferred:G3,C052,2026-06-17T10:25:11.112Z,wrong_direction,179.44,24.91,False
20260617-1219-home2work-18955636577,Morning,HomeStationViaFosh:G1,C046,2026-06-17T10:25:17.463Z,valid,6.53,25.01,False
20260617-1219-home2work-18955636577,Morning,EveningA:G2,C008,2026-06-17T10:26:08.265Z,wrong_direction,169.24,24.4,False
20260617-1219-home2work-18955636577,Morning,Morning:G2,C003,2026-06-17T10:26:23.140Z,valid,1.29,24.69,True
20260617-1219-home2work-18955636577,Morning,HomeFosh:G2,C070,2026-06-17T10:29:47.828Z,valid,2.22,26.46,False
20260617-1219-home2work-18955636577,Morning,EveningA:G1,C007,2026-06-17T10:29:53.981Z,wrong_direction,178.17,24.88,False
20260617-1219-home2work-18955636577,Morning,Morning:G3,C004,2026-06-17T10:30:17.433Z,valid,5.94,22.01,True
20260617-1219-home2work-18955636577,Morning,StationHomePreferred:G2,C051,2026-06-17T10:30:27.562Z,wrong_direction,142.23,26.99,False
20260617-1219-home2work-18955636577,Morning,HomeStationPreferred:G2,C043,2026-06-17T10:30:27.688Z,valid,35.39,26.99,False
20260617-1219-home2work-18955636577,Morning,HomeStationViaFosh:G2,C047,2026-06-17T10:30:52.495Z,valid,0.43,24.61,False
20260617-1219-home2work-18955636577,Morning,EveningA:START,C006,2026-06-17T10:33:17.519Z,wrong_direction,167.24,23.74,False
20260617-1219-home2work-18955636577,Morning,Morning:FINISH,C005,2026-06-17T10:33:33.578Z,valid,11.63,18.34,True
20260617-1219-home2work-18955636577,Morning,WorkChurchA:START,C054,2026-06-17T10:33:50.781Z,valid,3.7,23.46,False
20260617-1219-home2work-18955636577,Morning,WorkChurchB:START,C035,2026-06-17T10:33:50.861Z,valid,62.83,23.46,False
20260617-1219-home2work-18955636577,Morning,WorkChurchB:START,C035,2026-06-17T10:33:56.371Z,wrong_direction,149.82,21.23,False
20260617-1219-home2work-18955636577,Morning,StationWorkAlt:FINISH,C035,2026-06-17T10:33:59.648Z,wrong_direction,177.77,21.51,False
20260617-2220-work2home-18963316789,EveningB,EveningB:START,C011,2026-06-17T20:20:07.799Z,valid,4.28,27.21,True
20260617-2220-work2home-18963316789,EveningB,MorningB:FINISH,C020,2026-06-17T20:20:07.801Z,wrong_direction,175.59,27.21,False
20260617-2220-work2home-18963316789,EveningB,MorningB:G3,C019,2026-06-17T20:23:39.919Z,wrong_direction,179.45,24.87,False
20260617-2220-work2home-18963316789,EveningB,EveningB:G1,C012,2026-06-17T20:23:39.919Z,valid,0.94,24.87,True
20260617-2220-work2home-18963316789,EveningB,FoshHome:G2,C075,2026-06-17T20:24:14.373Z,valid,2.62,24.7,False
20260617-2220-work2home-18963316789,EveningB,ChurchHome:G2,C068,2026-06-17T20:25:51.831Z,valid,0.32,24.01,False
20260617-2220-work2home-18963316789,EveningB,EveningB:G2,C013,2026-06-17T20:26:56.492Z,valid,0.84,25.62,True
20260617-2220-work2home-18963316789,EveningB,MorningB:G2,C018,2026-06-17T20:26:56.492Z,wrong_direction,179.16,25.62,False
20260617-2220-work2home-18963316789,EveningB,FoshHome:G3,C076,2026-06-17T20:29:46.733Z,valid,4.02,30.45,False
20260617-2220-work2home-18963316789,EveningB,HomeChurch:G1,C017,2026-06-17T20:30:32.127Z,wrong_direction,179.63,30.27,False
20260617-2220-work2home-18963316789,EveningB,MorningB:G1,C017,2026-06-17T20:30:32.270Z,wrong_direction,174.11,30.27,False
20260617-2220-work2home-18963316789,EveningB,EveningB:G3,C014,2026-06-17T20:30:32.281Z,valid,2.62,30.27,True
20260617-2220-work2home-18963316789,EveningB,ChurchHome:G3,C014,2026-06-17T20:30:34.244Z,valid,0.13,33.63,False
20260617-2220-work2home-18963316789,EveningB,EveningB:FINISH,C015,2026-06-17T20:33:27.503Z,valid,1.2,23.28,True
20260617-2220-work2home-18963316789,EveningB,MorningB:START,C016,2026-06-17T20:34:36.740Z,wrong_direction,177.98,20.95,False
20260618-1320-home2work-18970179762,Morning,ChurchHome:FINISH,C010,2026-06-18T11:20:50.966Z,wrong_direction,172.68,23.6,False
20260618-1320-home2work-18970179762,Morning,EveningA:FINISH,C010,2026-06-18T11:20:52.375Z,wrong_direction,177.2,23.62,False
20260618-1320-home2work-18970179762,Morning,Morning:START,C001,2026-06-18T11:20:53.068Z,valid,2.16,24.86,True
20260618-1320-home2work-18970179762,Morning,FoshHome:FINISH,C053,2026-06-18T11:21:02.168Z,wrong_direction,178.79,23.93,False
20260618-1320-home2work-18970179762,Morning,StationHomePreferred:FINISH,C053,2026-06-18T11:21:05.264Z,wrong_direction,179.84,24.45,False
20260618-1320-home2work-18970179762,Morning,HomeStationViaFosh:START,C041,2026-06-18T11:21:07.751Z,valid,3.47,26.46,False
20260618-1320-home2work-18970179762,Morning,HomeFosh:START,C041,2026-06-18T11:21:08.364Z,valid,0.71,24.77,False
20260618-1320-home2work-18970179762,Morning,HomeChurch:START,C041,2026-06-18T11:21:11.068Z,valid,1.85,25.02,False
20260618-1320-home2work-18970179762,Morning,HomeStationPreferred:START,C041,2026-06-18T11:21:11.948Z,valid,1.1,25.02,False
20260618-1320-home2work-18970179762,Morning,Morning:G1,C002,2026-06-18T11:23:52.684Z,valid,0.63,25.02,True
20260618-1320-home2work-18970179762,Morning,EveningA:G3,C009,2026-06-18T11:24:20.624Z,wrong_direction,176.69,24.95,False
20260618-1320-home2work-18970179762,Morning,HomeFosh:G1,C069,2026-06-18T11:25:34.041Z,valid,8.76,25.61,False
20260618-1320-home2work-18970179762,Morning,HomeStationPreferred:G1,C042,2026-06-18T11:25:56.912Z,valid,2.06,24.18,False
20260618-1320-home2work-18970179762,Morning,StationHomePreferred:G3,C052,2026-06-18T11:25:57.908Z,wrong_direction,178.0,24.38,False
20260618-1320-home2work-18970179762,Morning,HomeStationViaFosh:G1,C046,2026-06-18T11:26:04.348Z,valid,1.37,25.3,False
20260618-1320-home2work-18970179762,Morning,EveningA:G2,C008,2026-06-18T11:26:53.903Z,wrong_direction,174.6,26.63,False
20260618-1320-home2work-18970179762,Morning,Morning:G2,C003,2026-06-18T11:27:08.722Z,valid,2.0,23.88,True
20260618-1320-home2work-18970179762,Morning,HomeFosh:G2,C070,2026-06-18T11:30:33.316Z,valid,12.76,23.92,False
20260618-1320-home2work-18970179762,Morning,EveningA:G1,C007,2026-06-18T11:30:40.006Z,wrong_direction,179.01,28.33,False
20260618-1320-home2work-18970179762,Morning,Morning:G3,C004,2026-06-18T11:31:03.476Z,valid,1.36,32.83,True
20260618-1320-home2work-18970179762,Morning,StationHomePreferred:G2,C051,2026-06-18T11:31:13.232Z,wrong_direction,144.46,25.0,False
20260618-1320-home2work-18970179762,Morning,HomeStationPreferred:G2,C043,2026-06-18T11:31:13.364Z,valid,33.16,25.0,False
20260618-1320-home2work-18970179762,Morning,HomeStationViaFosh:G2,C047,2026-06-18T11:31:39.165Z,valid,1.75,24.49,False
20260618-1320-home2work-18970179762,Morning,EveningA:START,C006,2026-06-18T11:34:03.001Z,wrong_direction,162.47,24.15,False
20260618-1320-home2work-18970179762,Morning,Morning:FINISH,C005,2026-06-18T11:34:18.955Z,valid,0.04,20.38,True
20260618-1320-home2work-18970179762,Morning,WorkChurchA:START,C054,2026-06-18T11:34:37.549Z,valid,4.78,20.66,False
20260618-1320-home2work-18970179762,Morning,WorkChurchB:START,C035,2026-06-18T11:34:37.622Z,valid,63.91,20.66,False
20260618-1320-home2work-18970179762,Morning,WorkChurchB:START,C035,2026-06-18T11:34:45.056Z,wrong_direction,169.57,16.67,False
20260618-1320-home2work-18970179762,Morning,StationWorkAlt:FINISH,C035,2026-06-18T11:34:48.066Z,wrong_direction,179.06,19.79,False
20260618-2310-work2home-18976919847,EveningB,StationWorkAlt:FINISH,C035,2026-06-18T21:10:34.700Z,valid,10.07,15.82,False
20260618-2310-work2home-18976919847,EveningB,WorkChurchB:START,C035,2026-06-18T21:10:39.056Z,valid,4.49,44.75,False
20260618-2310-work2home-18976919847,EveningB,MorningB:FINISH,C020,2026-06-18T21:11:00.183Z,wrong_direction,175.95,22.35,False
20260618-2310-work2home-18976919847,EveningB,EveningB:START,C011,2026-06-18T21:11:00.184Z,valid,3.92,22.35,True
20260618-2310-work2home-18976919847,EveningB,MorningB:G3,C019,2026-06-18T21:14:27.636Z,wrong_direction,179.89,25.65,False
20260618-2310-work2home-18976919847,EveningB,EveningB:G1,C012,2026-06-18T21:14:27.638Z,valid,0.28,25.65,True
20260618-2310-work2home-18976919847,EveningB,FoshHome:G2,C075,2026-06-18T21:15:02.371Z,valid,0.58,25.41,False
20260618-2310-work2home-18976919847,EveningB,ChurchHome:G2,C068,2026-06-18T21:16:39.472Z,valid,0.1,24.84,False
20260618-2310-work2home-18976919847,EveningB,EveningB:G2,C013,2026-06-18T21:17:42.157Z,valid,0.27,25.59,True
20260618-2310-work2home-18976919847,EveningB,MorningB:G2,C018,2026-06-18T21:17:42.157Z,wrong_direction,179.73,25.59,False
20260618-2310-work2home-18976919847,EveningB,FoshHome:G3,C076,2026-06-18T21:19:56.084Z,valid,2.8,29.37,False
20260618-2310-work2home-18976919847,EveningB,HomeChurch:G1,C017,2026-06-18T21:20:47.112Z,wrong_direction,172.92,37.35,False
20260618-2310-work2home-18976919847,EveningB,MorningB:G1,C017,2026-06-18T21:20:47.213Z,wrong_direction,178.44,37.35,False
20260618-2310-work2home-18976919847,EveningB,EveningB:G3,C014,2026-06-18T21:20:47.231Z,valid,4.83,37.35,True
20260618-2310-work2home-18976919847,EveningB,ChurchHome:G3,C014,2026-06-18T21:20:49.296Z,valid,2.77,28.49,False
20260618-2310-work2home-18976919847,EveningB,FoshHome:FINISH,C053,2026-06-18T21:24:50.694Z,valid,42.96,15.26,False
20260618-2310-work2home-18976919847,EveningB,Morning:START,C001,2026-06-18T21:25:10.592Z,wrong_direction,139.06,15.26,False
20260618-2310-work2home-18976919847,EveningB,EveningA:FINISH,C010,2026-06-18T21:25:11.647Z,valid,37.08,15.26,False
20260618-2310-work2home-18976919847,EveningB,ChurchHome:FINISH,C010,2026-06-18T21:25:13.682Z,valid,31.45,15.26,False
20260619-1135-home2work-18981986996,Morning,ChurchHome:FINISH,C010,2026-06-19T09:35:52.842Z,wrong_direction,174.63,20.89,False
20260619-1135-home2work-18981986996,Morning,EveningA:FINISH,C010,2026-06-19T09:35:54.555Z,wrong_direction,175.43,20.91,False
20260619-1135-home2work-18981986996,Morning,Morning:START,C001,2026-06-19T09:35:55.358Z,valid,1.36,22.45,True
20260619-1135-home2work-18981986996,Morning,FoshHome:FINISH,C053,2026-06-19T09:36:04.518Z,wrong_direction,179.82,24.64,False
20260619-1135-home2work-18981986996,Morning,StationHomePreferred:FINISH,C053,2026-06-19T09:36:07.556Z,wrong_direction,178.31,25.22,False
20260619-1135-home2work-18981986996,Morning,HomeStationViaFosh:START,C041,2026-06-19T09:36:10.057Z,valid,0.13,25.28,False
20260619-1135-home2work-18981986996,Morning,HomeFosh:START,C041,2026-06-19T09:36:10.669Z,valid,0.67,25.28,False
20260619-1135-home2work-18981986996,Morning,HomeChurch:START,C041,2026-06-19T09:36:13.329Z,valid,2.27,25.86,False
20260619-1135-home2work-18981986996,Morning,HomeStationPreferred:START,C041,2026-06-19T09:36:14.180Z,valid,1.84,25.41,False
20260619-1135-home2work-18981986996,Morning,Morning:G1,C002,2026-06-19T09:38:55.120Z,valid,0.05,24.72,True
20260619-1135-home2work-18981986996,Morning,EveningA:G3,C009,2026-06-19T09:39:23.142Z,wrong_direction,176.07,24.66,False
20260619-1135-home2work-18981986996,Morning,HomeFosh:G1,C069,2026-06-19T09:40:36.180Z,valid,2.48,24.46,False
20260619-1135-home2work-18981986996,Morning,HomeStationPreferred:G1,C042,2026-06-19T09:40:58.836Z,valid,0.89,24.51,False
20260619-1135-home2work-18981986996,Morning,StationHomePreferred:G3,C052,2026-06-19T09:40:59.818Z,wrong_direction,179.84,24.66,False
20260619-1135-home2work-18981986996,Morning,HomeStationViaFosh:G1,C046,2026-06-19T09:41:06.143Z,valid,0.75,25.41,False
20260619-1135-home2work-18981986996,Morning,EveningA:G2,C008,2026-06-19T09:41:55.599Z,wrong_direction,175.78,24.77,False
20260619-1135-home2work-18981986996,Morning,Morning:G2,C003,2026-06-19T09:42:10.512Z,valid,2.73,25.24,True
20260619-1135-home2work-18981986996,Morning,HomeFosh:G2,C070,2026-06-19T09:45:40.978Z,valid,2.52,26.6,False
20260619-1135-home2work-18981986996,Morning,EveningA:G1,C007,2026-06-19T09:45:47.096Z,wrong_direction,178.94,22.54,False
20260619-1135-home2work-18981986996,Morning,Morning:G3,C004,2026-06-19T09:46:11.227Z,valid,0.04,18.79,True
20260619-1135-home2work-18981986996,Morning,StationHomePreferred:G2,C051,2026-06-19T09:46:22.907Z,wrong_direction,111.2,15.0,False
20260619-1135-home2work-18981986996,Morning,HomeStationPreferred:G2,C043,2026-06-19T09:46:23.071Z,valid,19.3,14.37,False
20260619-1135-home2work-18981986996,Morning,HomeStationViaFosh:G2,C047,2026-06-19T09:46:51.361Z,valid,3.24,24.39,False
20260619-1135-home2work-18981986996,Morning,EveningA:START,C006,2026-06-19T09:49:15.719Z,wrong_direction,162.23,24.38,False
20260619-1135-home2work-18981986996,Morning,Morning:FINISH,C005,2026-06-19T09:49:32.129Z,valid,3.23,20.96,True
20260619-1135-home2work-18981986996,Morning,WorkChurchA:START,C054,2026-06-19T09:49:50.780Z,valid,8.45,19.45,False
20260619-1135-home2work-18981986996,Morning,WorkChurchB:START,C035,2026-06-19T09:49:51.009Z,valid,64.37,19.45,False
20260619-1135-home2work-18981986996,Morning,WorkChurchB:START,C035,2026-06-19T09:49:58.556Z,wrong_direction,171.84,33.64,False
20260619-1135-home2work-18981986996,Morning,StationWorkAlt:FINISH,C035,2026-06-19T09:50:01.133Z,wrong_direction,174.16,21.43,False
20260620-0001-work2home-18989339700,EveningB,EveningB:START,C011,2026-06-19T22:01:52.769Z,valid,1.54,22.15,True
20260620-0001-work2home-18989339700,EveningB,MorningB:FINISH,C020,2026-06-19T22:01:52.769Z,wrong_direction,178.33,22.15,False
20260620-0001-work2home-18989339700,EveningB,EveningB:G1,C012,2026-06-19T22:05:27.329Z,valid,1.08,25.19,True
20260620-0001-work2home-18989339700,EveningB,MorningB:G3,C019,2026-06-19T22:05:27.329Z,wrong_direction,178.53,25.19,False
20260620-0001-work2home-18989339700,EveningB,FoshHome:G2,C075,2026-06-19T22:06:03.370Z,valid,0.7,26.24,False
20260620-0001-work2home-18989339700,EveningB,ChurchHome:G2,C068,2026-06-19T22:07:40.061Z,valid,1.16,24.17,False
20260620-0001-work2home-18989339700,EveningB,EveningB:G2,C013,2026-06-19T22:08:43.492Z,valid,2.77,24.93,True
20260620-0001-work2home-18989339700,EveningB,MorningB:G2,C018,2026-06-19T22:08:43.492Z,wrong_direction,177.23,24.93,False
20260620-0001-work2home-18989339700,EveningB,FoshHome:G3,C076,2026-06-19T22:10:54.710Z,valid,0.27,30.61,False
20260620-0001-work2home-18989339700,EveningB,HomeChurch:G1,C017,2026-06-19T22:11:42.306Z,wrong_direction,179.76,33.4,False
20260620-0001-work2home-18989339700,EveningB,EveningB:G3,C014,2026-06-19T22:11:42.453Z,valid,2.5,33.4,True
20260620-0001-work2home-18989339700,EveningB,MorningB:G1,C017,2026-06-19T22:11:42.454Z,wrong_direction,174.23,33.4,False
20260620-0001-work2home-18989339700,EveningB,ChurchHome:G3,C014,2026-06-19T22:11:44.589Z,valid,6.64,32.18,False
20260620-0001-work2home-18989339700,EveningB,EveningB:FINISH,C015,2026-06-19T22:14:46.228Z,valid,0.48,21.57,True
20260620-0001-work2home-18989339700,EveningB,MorningB:START,C016,2026-06-19T22:15:56.463Z,wrong_direction,177.96,21.42,False
20260621-1451-work2home-19011356244,EveningA,WorkChurchA:START,C054,2026-06-21T12:51:49.458Z,valid,5.11,17.32,False
20260621-1451-work2home-19011356244,EveningA,WorkChurchB:START,C035,2026-06-21T12:51:50.047Z,valid,45.8,24.28,False
20260621-1451-work2home-19011356244,EveningA,WorkStationB:START,C026,2026-06-21T12:52:49.387Z,valid,8.65,33.28,False
20260621-1451-work2home-19011356244,EveningA,WorkChurchA:G1,C055,2026-06-21T12:52:56.279Z,valid,3.94,24.12,False
20260621-1451-work2home-19011356244,EveningA,HomeFosh:G3,C071,2026-06-21T12:53:02.167Z,valid,0.55,23.44,False
20260621-1451-work2home-19011356244,EveningA,FoshHome:G1,C074,2026-06-21T12:53:16.235Z,wrong_direction,177.37,20.4,False
20260621-1451-work2home-19011356244,EveningA,WorkFosh:G1,C078,2026-06-21T12:54:01.150Z,valid,0.86,22.26,False
20260621-1451-work2home-19011356244,EveningA,StationHomePreferred:G1,C034,2026-06-21T12:54:07.256Z,wrong_direction,177.79,23.03,False
20260621-1451-work2home-19011356244,EveningA,StationWorkAlt:G3,C034,2026-06-21T12:54:09.853Z,wrong_direction,179.6,24.0,False
20260621-1451-work2home-19011356244,EveningA,StationWorkStd:G3,C039,2026-06-21T12:54:15.950Z,wrong_direction,179.9,24.45,False
20260621-1451-work2home-19011356244,EveningA,HomeStationPreferred:G3,C044,2026-06-21T12:54:19.063Z,valid,0.56,23.89,False
20260621-1451-work2home-19011356244,EveningA,WorkStationB:G1,C027,2026-06-21T12:54:28.323Z,valid,0.37,24.72,False
20260621-1451-work2home-19011356244,EveningA,WorkStationA:G1,C022,2026-06-21T12:54:43.781Z,valid,4.8,21.69,False
20260621-1451-work2home-19011356244,EveningA,HomeStationViaFosh:G3,C048,2026-06-21T12:54:54.575Z,valid,34.64,1.59,False
20260621-1451-work2home-19011356244,EveningA,HomeStationViaFosh:G3,C048,2026-06-21T12:54:56.309Z,wrong_direction,162.83,0.64,False
20260621-1451-work2home-19011356244,EveningA,HomeStationViaFosh:G3,C048,2026-06-21T12:55:22.481Z,refire_suppressed,15.52,4.63,False
20260621-1451-work2home-19011356244,EveningA,ChurchFosh:G2,C084,2026-06-21T12:56:10.503Z,valid,4.71,20.03,False
20260621-1451-work2home-19011356244,EveningA,WorkFosh:G2,C079,2026-06-21T12:56:34.106Z,valid,2.93,23.55,False
20260621-1451-work2home-19011356244,EveningA,StationWorkAlt:G2,C033,2026-06-21T12:57:21.121Z,wrong_direction,177.56,20.3,False
20260621-1451-work2home-19011356244,EveningA,ChurchFosh:G3,C085,2026-06-21T12:58:01.252Z,valid,11.67,26.75,False
20260621-1451-work2home-19011356244,EveningA,WorkStationA:G2,C023,2026-06-21T12:58:07.757Z,valid,5.03,19.9,False
20260621-1451-work2home-19011356244,EveningA,WorkFosh:G3,C080,2026-06-21T12:58:20.536Z,valid,1.86,26.22,False
20260621-1451-work2home-19011356244,EveningA,FoshHome:START,C073,2026-06-21T12:58:52.966Z,wrong_direction,167.96,18.39,False
20260621-1451-work2home-19011356244,EveningA,ChurchFosh:FINISH,C086,2026-06-21T12:59:36.932Z,wrong_direction,173.41,20.75,False
20260621-1451-work2home-19011356244,EveningA,StationWorkAlt:G1,C032,2026-06-21T12:59:42.553Z,wrong_direction,179.65,22.56,False
20260621-1451-work2home-19011356244,EveningA,WorkFosh:FINISH,C081,2026-06-21T13:00:00.176Z,valid,2.13,24.71,False
20260621-1451-work2home-19011356244,EveningA,WorkStationA:G3,C024,2026-06-21T13:00:35.065Z,valid,2.2,12.46,False
20260621-1451-work2home-19011356244,EveningA,WorkStationA:G3,C024,2026-06-21T13:02:42.048Z,wrong_direction,147.04,1.98,False
20260621-1451-work2home-19011356244,EveningA,EveningA:START,C006,2026-06-21T14:17:28.291Z,valid,6.22,1.98,True
20260621-1451-work2home-19011356244,EveningA,HomeStationViaFosh:G2,C047,2026-06-21T14:21:26.071Z,wrong_direction,178.51,24.72,False
20260621-1451-work2home-19011356244,EveningA,HomeStationPreferred:G2,C043,2026-06-21T14:21:50.966Z,wrong_direction,169.0,23.35,False
20260621-1451-work2home-19011356244,EveningA,StationHomePreferred:G2,C051,2026-06-21T14:21:51.125Z,valid,51.74,22.99,False
20260621-1451-work2home-19011356244,EveningA,Morning:G3,C004,2026-06-21T14:22:02.800Z,wrong_direction,175.5,24.36,False
20260621-1451-work2home-19011356244,EveningA,EveningA:G1,C007,2026-06-21T14:22:26.325Z,valid,1.59,27.32,True
20260621-1451-work2home-19011356244,EveningA,HomeFosh:G2,C070,2026-06-21T14:22:32.455Z,wrong_direction,178.01,27.87,False
20260621-1451-work2home-19011356244,EveningA,Morning:G2,C003,2026-06-21T14:26:10.644Z,wrong_direction,176.53,24.47,False
20260621-1451-work2home-19011356244,EveningA,EveningA:G2,C008,2026-06-21T14:26:25.523Z,valid,12.47,27.42,True
20260621-1451-work2home-19011356244,EveningA,HomeStationViaFosh:G1,C046,2026-06-21T14:27:16.653Z,wrong_direction,179.54,24.32,False
20260621-1451-work2home-19011356244,EveningA,StationHomePreferred:G3,C052,2026-06-21T14:27:23.079Z,valid,0.52,24.86,False
20260621-1451-work2home-19011356244,EveningA,HomeStationPreferred:G1,C042,2026-06-21T14:27:24.054Z,wrong_direction,179.43,24.66,False
20260621-1451-work2home-19011356244,EveningA,HomeFosh:G1,C069,2026-06-21T14:27:46.287Z,wrong_direction,170.73,25.49,False
20260621-1451-work2home-19011356244,EveningA,EveningA:G3,C009,2026-06-21T14:29:01.766Z,valid,2.44,24.61,True
20260621-1451-work2home-19011356244,EveningA,Morning:G1,C002,2026-06-21T14:29:31.520Z,wrong_direction,179.15,23.93,False
20260621-1451-work2home-19011356244,EveningA,HomeStationPreferred:START,C041,2026-06-21T14:32:21.969Z,wrong_direction,177.95,23.03,False
20260621-1451-work2home-19011356244,EveningA,HomeChurch:START,C041,2026-06-21T14:32:22.974Z,wrong_direction,175.65,21.89,False
20260621-1451-work2home-19011356244,EveningA,HomeFosh:START,C041,2026-06-21T14:32:26.171Z,wrong_direction,176.92,22.43,False
20260621-1451-work2home-19011356244,EveningA,HomeStationViaFosh:START,C041,2026-06-21T14:32:26.864Z,wrong_direction,177.72,22.43,False
20260621-1451-work2home-19011356244,EveningA,StationHomePreferred:FINISH,C053,2026-06-21T14:32:29.875Z,valid,1.01,20.41,False
20260621-1451-work2home-19011356244,EveningA,FoshHome:FINISH,C053,2026-06-21T14:32:33.409Z,valid,0.2,22.07,False
20260621-1451-work2home-19011356244,EveningA,Morning:START,C001,2026-06-21T14:32:43.511Z,wrong_direction,177.88,22.71,False
20260621-1451-work2home-19011356244,EveningA,EveningA:FINISH,C010,2026-06-21T14:32:44.269Z,valid,5.22,22.45,True
20260621-1451-work2home-19011356244,EveningA,ChurchHome:FINISH,C010,2026-06-21T14:32:45.852Z,valid,5.02,20.73,False
20260622-2152-work2home-19026866294,EveningA,Morning:FINISH,C005,2026-06-22T19:52:31.006Z,wrong_direction,173.44,16.17,False
20260622-2152-work2home-19026866294,EveningA,EveningA:START,C006,2026-06-22T19:52:47.395Z,valid,25.02,27.49,True
20260622-2152-work2home-19026866294,EveningA,HomeStationViaFosh:G2,C047,2026-06-22T19:55:10.722Z,wrong_direction,179.83,25.01,False
20260622-2152-work2home-19026866294,EveningA,HomeStationPreferred:G2,C043,2026-06-22T19:55:36.147Z,wrong_direction,135.44,15.4,False
20260622-2152-work2home-19026866294,EveningA,StationHomePreferred:G2,C051,2026-06-22T19:55:36.350Z,valid,46.94,15.4,False
20260622-2152-work2home-19026866294,EveningA,Morning:G3,C004,2026-06-22T19:55:48.501Z,wrong_direction,176.93,24.8,False
20260622-2152-work2home-19026866294,EveningA,EveningA:G1,C007,2026-06-22T19:56:11.161Z,valid,3.01,25.18,True
20260622-2152-work2home-19026866294,EveningA,HomeFosh:G2,C070,2026-06-22T19:56:17.319Z,wrong_direction,179.24,23.04,False
20260622-2152-work2home-19026866294,EveningA,Morning:G2,C003,2026-06-22T19:59:44.425Z,wrong_direction,176.64,23.69,False
20260622-2152-work2home-19026866294,EveningA,EveningA:G2,C008,2026-06-22T19:59:59.333Z,valid,0.72,24.23,True
20260622-2152-work2home-19026866294,EveningA,HomeStationViaFosh:G1,C046,2026-06-22T20:00:50.577Z,wrong_direction,177.74,24.64,False
20260622-2152-work2home-19026866294,EveningA,StationHomePreferred:G3,C052,2026-06-22T20:00:56.943Z,valid,3.11,24.36,False
20260622-2152-work2home-19026866294,EveningA,HomeStationPreferred:G1,C042,2026-06-22T20:00:57.925Z,wrong_direction,179.48,24.71,False
20260622-2152-work2home-19026866294,EveningA,HomeFosh:G1,C069,2026-06-22T20:01:20.210Z,wrong_direction,170.43,26.32,False
20260622-2152-work2home-19026866294,EveningA,EveningA:G3,C009,2026-06-22T20:02:33.882Z,valid,3.53,25.58,True
20260622-2152-work2home-19026866294,EveningA,Morning:G1,C002,2026-06-22T20:03:02.105Z,wrong_direction,179.74,25.34,False
20260622-2152-work2home-19026866294,EveningA,HomeStationPreferred:START,C041,2026-06-22T20:06:04.422Z,wrong_direction,178.6,21.51,False
20260622-2152-work2home-19026866294,EveningA,HomeChurch:START,C041,2026-06-22T20:06:05.431Z,wrong_direction,179.3,22.07,False
20260622-2152-work2home-19026866294,EveningA,HomeFosh:START,C041,2026-06-22T20:06:08.589Z,wrong_direction,179.23,20.46,False
20260622-2152-work2home-19026866294,EveningA,HomeStationViaFosh:START,C041,2026-06-22T20:06:09.315Z,wrong_direction,179.34,22.53,False
20260622-2152-work2home-19026866294,EveningA,StationHomePreferred:FINISH,C053,2026-06-22T20:06:12.209Z,valid,1.74,21.55,False
20260622-2152-work2home-19026866294,EveningA,FoshHome:FINISH,C053,2026-06-22T20:06:15.882Z,valid,0.49,21.17,False
20260622-2152-work2home-19026866294,EveningA,Morning:START,C001,2026-06-22T20:06:25.969Z,wrong_direction,179.06,22.64,False
20260622-2152-work2home-19026866294,EveningA,EveningA:FINISH,C010,2026-06-22T20:06:26.733Z,valid,4.44,22.19,True
20260622-2152-work2home-19026866294,EveningA,ChurchHome:FINISH,C010,2026-06-22T20:06:28.300Z,valid,0.46,20.09,False
20260623-2239-work2home-19040966717,EveningA,Morning:FINISH,C005,2026-06-23T20:40:01.452Z,wrong_direction,177.61,23.18,False
20260623-2239-work2home-19040966717,EveningA,EveningA:START,C006,2026-06-23T20:40:17.370Z,valid,18.05,22.67,True
20260623-2239-work2home-19040966717,EveningA,HomeStationViaFosh:G2,C047,2026-06-23T20:42:49.731Z,wrong_direction,179.76,24.46,False
20260623-2239-work2home-19040966717,EveningA,HomeStationPreferred:G2,C043,2026-06-23T20:43:14.792Z,wrong_direction,140.06,22.71,False
20260623-2239-work2home-19040966717,EveningA,StationHomePreferred:G2,C051,2026-06-23T20:43:14.941Z,valid,42.32,22.71,False
20260623-2239-work2home-19040966717,EveningA,Morning:G3,C004,2026-06-23T20:43:25.851Z,wrong_direction,175.4,24.11,False
20260623-2239-work2home-19040966717,EveningA,EveningA:G1,C007,2026-06-23T20:43:48.756Z,valid,2.83,22.99,True
20260623-2239-work2home-19040966717,EveningA,HomeFosh:G2,C070,2026-06-23T20:43:54.774Z,wrong_direction,178.95,25.07,False
20260623-2239-work2home-19040966717,EveningA,Morning:G2,C003,2026-06-23T20:47:17.699Z,wrong_direction,178.48,24.46,False
20260623-2239-work2home-19040966717,EveningA,EveningA:G2,C008,2026-06-23T20:47:32.408Z,valid,5.29,24.69,True
20260623-2239-work2home-19040966717,EveningA,HomeStationViaFosh:G1,C046,2026-06-23T20:48:22.419Z,wrong_direction,178.13,24.83,False
20260623-2239-work2home-19040966717,EveningA,StationHomePreferred:G3,C052,2026-06-23T20:48:28.749Z,valid,0.52,24.86,False
20260623-2239-work2home-19040966717,EveningA,HomeStationPreferred:G1,C042,2026-06-23T20:48:29.729Z,wrong_direction,179.48,24.71,False
20260623-2239-work2home-19040966717,EveningA,HomeFosh:G1,C069,2026-06-23T20:48:51.984Z,wrong_direction,179.26,26.46,False
20260623-2239-work2home-19040966717,EveningA,EveningA:G3,C009,2026-06-23T20:50:06.238Z,valid,2.88,24.78,True
20260623-2239-work2home-19040966717,EveningA,Morning:G1,C002,2026-06-23T20:50:34.401Z,wrong_direction,179.6,24.88,False
20260623-2239-work2home-19040966717,EveningA,MorningB:START,C016,2026-06-23T20:53:44.351Z,wrong_direction,170.79,22.36,False
20260624-1045-home2work-19046401361,Morning,MorningB:START,C016,2026-06-24T08:45:44.199Z,valid,5.9,18.01,False
20260624-1045-home2work-19046401361,Morning,Morning:G1,C002,2026-06-24T08:49:11.011Z,valid,0.69,23.94,True
20260624-1045-home2work-19046401361,Morning,EveningA:G3,C009,2026-06-24T08:49:41.651Z,wrong_direction,176.31,22.92,False
20260624-1045-home2work-19046401361,Morning,HomeFosh:G1,C069,2026-06-24T08:51:05.350Z,valid,4.49,23.91,False
20260624-1045-home2work-19046401361,Morning,HomeStationPreferred:G1,C042,2026-06-24T08:51:29.430Z,valid,0.58,22.78,False
20260624-1045-home2work-19046401361,Morning,StationHomePreferred:G3,C052,2026-06-24T08:51:30.481Z,wrong_direction,178.67,23.33,False
20260624-1045-home2work-19046401361,Morning,HomeStationViaFosh:G1,C046,2026-06-24T08:51:37.339Z,valid,0.11,23.87,False
20260624-1045-home2work-19046401361,Morning,EveningA:G2,C008,2026-06-24T08:52:30.253Z,wrong_direction,175.15,25.16,False
20260624-1045-home2work-19046401361,Morning,Morning:G2,C003,2026-06-24T08:52:45.311Z,valid,2.78,24.84,True
20260624-1045-home2work-19046401361,Morning,HomeFosh:G2,C070,2026-06-24T08:56:20.536Z,valid,3.6,26.55,False
20260624-1045-home2work-19046401361,Morning,EveningA:G1,C007,2026-06-24T08:56:27.140Z,wrong_direction,178.91,23.85,False
20260624-1045-home2work-19046401361,Morning,Morning:G3,C004,2026-06-24T08:56:51.264Z,valid,5.21,24.93,True
20260624-1045-home2work-19046401361,Morning,StationHomePreferred:G2,C051,2026-06-24T08:57:01.537Z,wrong_direction,139.8,24.96,False
20260624-1045-home2work-19046401361,Morning,HomeStationPreferred:G2,C043,2026-06-24T08:57:01.676Z,valid,37.82,24.96,False
20260624-1045-home2work-19046401361,Morning,HomeStationViaFosh:G2,C047,2026-06-24T08:57:27.396Z,valid,1.51,24.69,False
20260624-1045-home2work-19046401361,Morning,EveningA:START,C006,2026-06-24T08:59:54.888Z,wrong_direction,164.97,23.81,False
20260624-1045-home2work-19046401361,Morning,Morning:FINISH,C005,2026-06-24T09:00:10.822Z,valid,16.81,18.49,True
20260624-1607-work2home-19049842192,EveningA,Morning:FINISH,C005,2026-06-24T14:07:17.217Z,wrong_direction,173.86,23.78,False
20260624-1607-work2home-19049842192,EveningA,EveningA:START,C006,2026-06-24T14:07:34.575Z,valid,13.38,25.04,True
20260624-1607-work2home-19049842192,EveningA,HomeStationViaFosh:G2,C047,2026-06-24T14:10:16.635Z,wrong_direction,179.34,24.55,False
20260624-1607-work2home-19049842192,EveningA,HomeStationPreferred:G2,C043,2026-06-24T14:10:41.421Z,wrong_direction,146.24,23.95,False
20260624-1607-work2home-19049842192,EveningA,StationHomePreferred:G2,C051,2026-06-24T14:10:41.545Z,valid,36.14,23.95,False
20260624-1607-work2home-19049842192,EveningA,Morning:G3,C004,2026-06-24T14:10:52.822Z,wrong_direction,166.07,22.18,False
20260624-1607-work2home-19049842192,EveningA,EveningA:G1,C007,2026-06-24T14:11:16.620Z,valid,3.19,25.82,True
20260624-1607-work2home-19049842192,EveningA,HomeFosh:G2,C070,2026-06-24T14:11:22.824Z,wrong_direction,177.48,24.9,False
20260624-1607-work2home-19049842192,EveningA,Morning:G2,C003,2026-06-24T14:14:50.268Z,wrong_direction,179.15,24.87,False
20260624-1607-work2home-19049842192,EveningA,EveningA:G2,C008,2026-06-24T14:15:05.404Z,valid,8.56,24.49,True
20260624-1607-work2home-19049842192,EveningA,HomeStationViaFosh:G1,C046,2026-06-24T14:15:58.008Z,wrong_direction,179.73,24.06,False
20260624-1607-work2home-19049842192,EveningA,StationHomePreferred:G3,C052,2026-06-24T14:16:04.494Z,valid,0.2,24.46,False
20260624-1607-work2home-19049842192,EveningA,HomeStationPreferred:G1,C042,2026-06-24T14:16:05.486Z,wrong_direction,179.84,24.26,False
20260624-1607-work2home-19049842192,EveningA,HomeFosh:G1,C069,2026-06-24T14:16:27.781Z,wrong_direction,178.36,26.16,False
20260624-1607-work2home-19049842192,EveningA,EveningA:G3,C009,2026-06-24T14:17:44.350Z,valid,3.5,24.48,True
20260624-1607-work2home-19049842192,EveningA,Morning:G1,C002,2026-06-24T14:18:13.249Z,wrong_direction,179.16,25.04,False
20260624-1607-work2home-19049842192,EveningA,MorningB:START,C016,2026-06-24T14:21:44.413Z,wrong_direction,178.65,18.91,False
20260625-0854-home2work-19058426314,Morning,MorningB:START,C016,2026-06-25T06:55:26.612Z,valid,0.56,16.33,False
20260625-0854-home2work-19058426314,Morning,Morning:G1,C002,2026-06-25T06:58:41.252Z,valid,0.05,24.72,True
20260625-0854-home2work-19058426314,Morning,EveningA:G3,C009,2026-06-25T06:59:10.692Z,wrong_direction,176.53,23.38,False
20260625-0854-home2work-19058426314,Morning,HomeFosh:G1,C069,2026-06-25T07:00:28.877Z,valid,11.57,25.88,False
20260625-0854-home2work-19058426314,Morning,HomeStationPreferred:G1,C042,2026-06-25T07:00:52.188Z,valid,0.58,24.02,False
20260625-0854-home2work-19058426314,Morning,StationHomePreferred:G3,C052,2026-06-25T07:00:53.194Z,wrong_direction,179.43,24.26,False
20260625-0854-home2work-19058426314,Morning,HomeStationViaFosh:G1,C046,2026-06-25T07:00:59.665Z,valid,0.29,24.71,False
20260625-0854-home2work-19058426314,Morning,EveningA:G2,C008,2026-06-25T07:01:50.603Z,wrong_direction,170.34,24.44,False
20260625-0854-home2work-19058426314,Morning,Morning:G2,C003,2026-06-25T07:02:05.341Z,valid,2.5,25.47,True
20260625-0854-home2work-19058426314,Morning,HomeFosh:G2,C070,2026-06-25T07:05:34.957Z,valid,0.8,25.71,False
20260625-0854-home2work-19058426314,Morning,EveningA:G1,C007,2026-06-25T07:05:41.250Z,wrong_direction,178.67,24.48,False
20260625-0854-home2work-19058426314,Morning,Morning:G3,C004,2026-06-25T07:06:05.181Z,valid,6.12,29.12,True
20260625-0854-home2work-19058426314,Morning,StationHomePreferred:G2,C051,2026-06-25T07:06:14.972Z,wrong_direction,151.24,26.12,False
20260625-0854-home2work-19058426314,Morning,HomeStationPreferred:G2,C043,2026-06-25T07:06:15.151Z,valid,48.67,24.25,False
20260625-0854-home2work-19058426314,Morning,HomeStationViaFosh:G2,C047,2026-06-25T07:06:41.128Z,valid,1.43,23.86,False
20260625-0854-home2work-19058426314,Morning,EveningA:START,C006,2026-06-25T07:09:16.024Z,wrong_direction,165.55,25.07,False
20260625-0854-home2work-19058426314,Morning,Morning:FINISH,C005,2026-06-25T07:09:31.882Z,valid,8.45,21.58,True
20260625-2114-work2home-19065646341,EveningA,EveningA:START,C006,2026-06-25T19:14:43.302Z,valid,21.54,22.93,True
20260625-2114-work2home-19065646341,EveningA,HomeStationViaFosh:G2,C047,2026-06-25T19:17:22.221Z,wrong_direction,179.81,24.38,False
20260625-2114-work2home-19065646341,EveningA,HomeStationPreferred:G2,C043,2026-06-25T19:17:47.649Z,wrong_direction,148.42,22.42,False
20260625-2114-work2home-19065646341,EveningA,StationHomePreferred:G2,C051,2026-06-25T19:17:47.785Z,valid,33.96,22.42,False
20260625-2114-work2home-19065646341,EveningA,Morning:G3,C004,2026-06-25T19:17:58.669Z,wrong_direction,168.36,23.75,False
20260625-2114-work2home-19065646341,EveningA,EveningA:G1,C007,2026-06-25T19:18:22.045Z,valid,3.2,28.46,True
20260625-2114-work2home-19065646341,EveningA,HomeFosh:G2,C070,2026-06-25T19:18:28.338Z,wrong_direction,172.93,18.63,False
20260625-2114-work2home-19065646341,EveningA,Morning:G2,C003,2026-06-25T19:21:57.031Z,wrong_direction,178.83,22.75,False
20260625-2114-work2home-19065646341,EveningA,EveningA:G2,C008,2026-06-25T19:22:12.562Z,valid,4.66,24.3,True
20260625-2114-work2home-19065646341,EveningA,HomeStationViaFosh:G1,C046,2026-06-25T19:23:04.077Z,wrong_direction,177.08,23.54,False
20260625-2114-work2home-19065646341,EveningA,StationHomePreferred:G3,C052,2026-06-25T19:23:10.592Z,valid,0.87,25.06,False
20260625-2114-work2home-19065646341,EveningA,HomeStationPreferred:G1,C042,2026-06-25T19:23:11.557Z,wrong_direction,178.72,25.06,False
20260625-2114-work2home-19065646341,EveningA,HomeFosh:G1,C069,2026-06-25T19:23:33.960Z,wrong_direction,179.0,24.56,False
20260625-2114-work2home-19065646341,EveningA,EveningA:G3,C009,2026-06-25T19:24:51.016Z,valid,3.27,23.85,True
20260625-2114-work2home-19065646341,EveningA,Morning:G1,C002,2026-06-25T19:25:23.756Z,wrong_direction,178.67,23.77,False
20260625-2114-work2home-19065646341,EveningA,MorningB:START,C016,2026-06-25T19:28:56.731Z,wrong_direction,176.23,12.34,False
20260626-0927-home2work-19070848156,Morning,MorningB:START,C016,2026-06-26T07:27:52.737Z,valid,1.09,17.52,False
20260626-0927-home2work-19070848156,Morning,Morning:G1,C002,2026-06-26T07:31:11.248Z,valid,0.54,24.41,True
20260626-0927-home2work-19070848156,Morning,EveningA:G3,C009,2026-06-26T07:31:40.378Z,wrong_direction,177.37,24.14,False
20260626-0927-home2work-19070848156,Morning,HomeFosh:G1,C069,2026-06-26T07:32:55.576Z,valid,6.5,24.34,False
20260626-0927-home2work-19070848156,Morning,HomeStationPreferred:G1,C042,2026-06-26T07:33:18.730Z,valid,0.92,23.87,False
20260626-0927-home2work-19070848156,Morning,StationHomePreferred:G3,C052,2026-06-26T07:33:19.754Z,wrong_direction,179.44,23.57,False
20260626-0927-home2work-19070848156,Morning,HomeStationViaFosh:G1,C046,2026-06-26T07:33:26.318Z,valid,1.76,24.22,False
20260626-0927-home2work-19070848156,Morning,EveningA:G2,C008,2026-06-26T07:34:17.102Z,wrong_direction,172.28,27.12,False
20260626-0927-home2work-19070848156,Morning,Morning:G2,C003,2026-06-26T07:34:31.571Z,valid,7.75,26.09,True
20260626-0927-home2work-19070848156,Morning,HomeFosh:G2,C070,2026-06-26T07:37:59.254Z,valid,1.59,23.8,False
20260626-0927-home2work-19070848156,Morning,EveningA:G1,C007,2026-06-26T07:38:05.587Z,wrong_direction,178.92,24.11,False
20260626-0927-home2work-19070848156,Morning,Morning:G3,C004,2026-06-26T07:38:29.195Z,valid,0.71,24.4,True
20260626-0927-home2work-19070848156,Morning,StationHomePreferred:G2,C051,2026-06-26T07:38:39.551Z,wrong_direction,142.23,26.99,False
20260626-0927-home2work-19070848156,Morning,HomeStationPreferred:G2,C043,2026-06-26T07:38:39.675Z,valid,35.39,26.99,False
20260626-0927-home2work-19070848156,Morning,HomeStationViaFosh:G2,C047,2026-06-26T07:39:04.677Z,valid,2.37,24.54,False
20260626-0927-home2work-19070848156,Morning,EveningA:START,C006,2026-06-26T07:41:40.949Z,wrong_direction,163.5,23.23,False
20260626-0927-home2work-19070848156,Morning,Morning:FINISH,C005,2026-06-26T07:41:59.300Z,valid,5.25,18.48,True
20260626-1816-work2home-19075511866,EveningA,Morning:FINISH,C005,2026-06-26T16:16:27.699Z,wrong_direction,165.62,36.93,False
20260626-1816-work2home-19075511866,EveningA,EveningA:START,C006,2026-06-26T16:16:43.361Z,valid,15.0,24.67,True
20260626-1816-work2home-19075511866,EveningA,HomeStationViaFosh:G2,C047,2026-06-26T16:19:13.596Z,wrong_direction,179.09,24.32,False
20260626-1816-work2home-19075511866,EveningA,HomeStationPreferred:G2,C043,2026-06-26T16:19:38.271Z,wrong_direction,149.44,21.56,False
20260626-1816-work2home-19075511866,EveningA,StationHomePreferred:G2,C051,2026-06-26T16:19:38.383Z,valid,32.94,21.56,False
20260626-1816-work2home-19075511866,EveningA,Morning:G3,C004,2026-06-26T16:19:50.185Z,wrong_direction,159.74,33.05,False
20260626-1816-work2home-19075511866,EveningA,EveningA:G1,C007,2026-06-26T16:20:14.610Z,valid,4.32,20.05,True
20260626-1816-work2home-19075511866,EveningA,HomeFosh:G2,C070,2026-06-26T16:20:20.306Z,wrong_direction,179.73,27.78,False
20260626-1816-work2home-19075511866,EveningA,Morning:G2,C003,2026-06-26T16:23:47.336Z,wrong_direction,177.71,25.44,False
20260626-1816-work2home-19075511866,EveningA,EveningA:G2,C008,2026-06-26T16:24:02.184Z,valid,1.04,25.08,True
20260626-1816-work2home-19075511866,EveningA,HomeStationViaFosh:G1,C046,2026-06-26T16:24:53.881Z,wrong_direction,179.35,24.26,False
20260626-1816-work2home-19075511866,EveningA,StationHomePreferred:G3,C052,2026-06-26T16:25:00.466Z,valid,0.93,23.77,False
20260626-1816-work2home-19075511866,EveningA,HomeStationPreferred:G1,C042,2026-06-26T16:25:01.486Z,wrong_direction,177.57,23.74,False
20260626-1816-work2home-19075511866,EveningA,HomeFosh:G1,C069,2026-06-26T16:25:24.128Z,wrong_direction,172.66,25.5,False
20260626-1816-work2home-19075511866,EveningA,EveningA:G3,C009,2026-06-26T16:26:41.053Z,valid,2.44,24.61,True
20260626-1816-work2home-19075511866,EveningA,Morning:G1,C002,2026-06-26T16:27:09.888Z,wrong_direction,177.52,24.4,False
20260626-1816-work2home-19075511866,EveningA,HomeStationPreferred:START,C041,2026-06-26T16:30:01.913Z,wrong_direction,179.53,22.9,False
20260626-1816-work2home-19075511866,EveningA,HomeChurch:START,C041,2026-06-26T16:30:02.881Z,wrong_direction,178.02,22.64,False
20260626-1816-work2home-19075511866,EveningA,HomeFosh:START,C041,2026-06-26T16:30:05.931Z,wrong_direction,177.51,21.51,False
20260626-1816-work2home-19075511866,EveningA,HomeStationViaFosh:START,C041,2026-06-26T16:30:06.624Z,wrong_direction,179.48,22.45,False
20260626-1816-work2home-19075511866,EveningA,StationHomePreferred:FINISH,C053,2026-06-26T16:30:09.460Z,valid,1.03,22.45,False
20260626-1816-work2home-19075511866,EveningA,FoshHome:FINISH,C053,2026-06-26T16:30:13.069Z,valid,2.62,21.49,False
20260626-1816-work2home-19075511866,EveningA,Morning:START,C001,2026-06-26T16:30:23.236Z,wrong_direction,178.21,22.26,False
20260626-1816-work2home-19075511866,EveningA,EveningA:FINISH,C010,2026-06-26T16:30:24.007Z,valid,4.87,22.0,True
20260626-1816-work2home-19075511866,EveningA,ChurchHome:FINISH,C010,2026-06-26T16:30:25.572Z,valid,4.73,21.58,False
20260627-1924-work2home-19088822425,EveningA,Morning:FINISH,C005,2026-06-27T17:24:59.043Z,wrong_direction,173.96,27.04,False
20260627-1924-work2home-19088822425,EveningA,EveningA:START,C006,2026-06-27T17:25:15.512Z,valid,10.62,24.56,True
20260627-1924-work2home-19088822425,EveningA,HomeStationViaFosh:G2,C047,2026-06-27T17:27:51.546Z,wrong_direction,179.95,24.15,False
20260627-1924-work2home-19088822425,EveningA,HomeStationPreferred:G2,C043,2026-06-27T17:28:16.943Z,wrong_direction,149.0,24.98,False
20260627-1924-work2home-19088822425,EveningA,StationHomePreferred:G2,C051,2026-06-27T17:28:17.056Z,valid,43.49,22.8,False
20260627-1924-work2home-19088822425,EveningA,Morning:G3,C004,2026-06-27T17:28:28.269Z,wrong_direction,175.38,19.24,False
20260627-1924-work2home-19088822425,EveningA,EveningA:G1,C007,2026-06-27T17:28:51.689Z,valid,1.97,20.89,True
20260627-1924-work2home-19088822425,EveningA,HomeFosh:G2,C070,2026-06-27T17:28:57.786Z,wrong_direction,175.65,26.91,False
20260627-1924-work2home-19088822425,EveningA,Morning:G2,C003,2026-06-27T17:32:27.857Z,wrong_direction,179.57,24.39,False
20260627-1924-work2home-19088822425,EveningA,EveningA:G2,C008,2026-06-27T17:32:43.315Z,valid,0.53,24.59,True
20260627-1924-work2home-19088822425,EveningA,HomeStationViaFosh:G1,C046,2026-06-27T17:33:35.126Z,wrong_direction,179.73,24.06,False
20260627-1924-work2home-19088822425,EveningA,StationHomePreferred:G3,C052,2026-06-27T17:33:41.685Z,valid,1.25,24.62,False
20260627-1924-work2home-19088822425,EveningA,HomeStationPreferred:G1,C042,2026-06-27T17:33:42.699Z,wrong_direction,177.89,23.54,False
20260627-1924-work2home-19088822425,EveningA,HomeFosh:G1,C069,2026-06-27T17:34:08.072Z,wrong_direction,176.02,19.8,False
20260627-1924-work2home-19088822425,EveningA,EveningA:G3,C009,2026-06-27T17:35:27.225Z,valid,2.0,24.44,True
20260627-1924-work2home-19088822425,EveningA,Morning:G1,C002,2026-06-27T17:35:56.377Z,wrong_direction,179.92,24.25,False
20260627-1924-work2home-19088822425,EveningA,HomeStationPreferred:START,C041,2026-06-27T17:38:54.046Z,wrong_direction,177.95,23.03,False
20260627-1924-work2home-19088822425,EveningA,HomeChurch:START,C041,2026-06-27T17:38:54.997Z,wrong_direction,177.2,23.03,False
20260627-1924-work2home-19088822425,EveningA,HomeFosh:START,C041,2026-06-27T17:38:57.919Z,wrong_direction,176.92,22.43,False
20260627-1924-work2home-19088822425,EveningA,HomeStationViaFosh:START,C041,2026-06-27T17:38:58.639Z,wrong_direction,179.2,21.36,False
20260627-1924-work2home-19088822425,EveningA,StationHomePreferred:FINISH,C053,2026-06-27T17:39:01.610Z,valid,2.94,20.2,False
20260627-1924-work2home-19088822425,EveningA,FoshHome:FINISH,C053,2026-06-27T17:39:05.535Z,valid,1.52,18.53,False
20260627-1924-work2home-19088822425,EveningA,Morning:START,C001,2026-06-27T17:39:15.745Z,wrong_direction,179.06,22.64,False
20260627-1924-work2home-19088822425,EveningA,EveningA:FINISH,C010,2026-06-27T17:39:16.518Z,valid,5.22,22.45,True
20260627-1924-work2home-19088822425,EveningA,ChurchHome:FINISH,C010,2026-06-27T17:39:18.099Z,valid,4.77,20.44,False
20260714-1549-home2work-19309779059,Morning,ChurchHome:FINISH,C010,2026-07-14T13:49:37.859Z,wrong_direction,171.33,21.75,False
20260714-1549-home2work-19309779059,Morning,EveningA:FINISH,C010,2026-07-14T13:49:39.438Z,wrong_direction,176.38,22.58,False
20260714-1549-home2work-19309779059,Morning,Morning:START,C001,2026-07-14T13:49:40.195Z,valid,3.03,24.08,True
20260714-1549-home2work-19309779059,Morning,FoshHome:FINISH,C053,2026-07-14T13:49:49.372Z,wrong_direction,179.39,24.26,False
20260714-1549-home2work-19309779059,Morning,StationHomePreferred:FINISH,C053,2026-07-14T13:49:52.525Z,wrong_direction,177.27,24.51,False
20260714-1549-home2work-19309779059,Morning,HomeStationViaFosh:START,C041,2026-07-14T13:49:55.056Z,valid,1.58,25.63,False
20260714-1549-home2work-19309779059,Morning,HomeFosh:START,C041,2026-07-14T13:49:55.661Z,valid,2.38,25.63,False
20260714-1549-home2work-19309779059,Morning,HomeChurch:START,C041,2026-07-14T13:49:58.295Z,valid,1.54,25.47,False
20260714-1549-home2work-19309779059,Morning,HomeStationPreferred:START,C041,2026-07-14T13:49:59.156Z,valid,1.84,25.41,False
20260714-1549-home2work-19309779059,Morning,Morning:G1,C002,2026-07-14T13:52:44.826Z,valid,1.31,23.64,True
20260714-1549-home2work-19309779059,Morning,EveningA:G3,C009,2026-07-14T13:53:14.949Z,wrong_direction,177.37,24.14,False
20260714-1549-home2work-19309779059,Morning,HomeFosh:G1,C069,2026-07-14T13:54:33.178Z,valid,1.05,17.05,False
20260714-1549-home2work-19309779059,Morning,HomeStationPreferred:G1,C042,2026-07-14T13:54:59.513Z,valid,1.7,23.48,False
20260714-1549-home2work-19309779059,Morning,StationHomePreferred:G3,C052,2026-07-14T13:55:00.523Z,wrong_direction,179.1,24.42,False
20260714-1549-home2work-19309779059,Morning,HomeStationViaFosh:G1,C046,2026-07-14T13:55:06.916Z,valid,0.66,24.91,False
20260714-1549-home2work-19309779059,Morning,EveningA:G2,C008,2026-07-14T13:55:57.848Z,wrong_direction,170.05,25.93,False
20260714-1549-home2work-19309779059,Morning,Morning:G2,C003,2026-07-14T13:56:12.667Z,valid,0.97,27.28,True
20260714-1549-home2work-19309779059,Morning,HomeFosh:G2,C070,2026-07-14T13:59:51.586Z,valid,3.41,24.72,False
20260714-1549-home2work-19309779059,Morning,EveningA:G1,C007,2026-07-14T13:59:57.901Z,wrong_direction,179.21,24.74,False
20260714-1549-home2work-19309779059,Morning,Morning:G3,C004,2026-07-14T14:00:20.828Z,valid,2.78,35.74,True
20260714-1549-home2work-19309779059,Morning,StationHomePreferred:G2,C051,2026-07-14T14:00:31.068Z,wrong_direction,151.75,25.71,False
20260714-1549-home2work-19309779059,Morning,HomeStationPreferred:G2,C043,2026-07-14T14:00:31.171Z,valid,25.87,25.71,False
20260714-1549-home2work-19309779059,Morning,HomeStationViaFosh:G2,C047,2026-07-14T14:00:57.699Z,valid,2.24,23.18,False
20260714-1549-home2work-19309779059,Morning,EveningA:START,C006,2026-07-14T14:03:26.835Z,wrong_direction,168.49,25.21,False
20260714-1549-home2work-19309779059,Morning,Morning:FINISH,C005,2026-07-14T14:03:42.782Z,valid,15.0,23.51,True
20260715-0020-work2home-19315592710,EveningB,MorningB:FINISH,C020,2026-07-14T22:20:53.350Z,wrong_direction,179.85,23.55,False
20260715-0020-work2home-19315592710,EveningB,EveningB:START,C011,2026-07-14T22:20:53.351Z,valid,0.27,23.55,True
20260715-0020-work2home-19315592710,EveningB,MorningB:G3,C019,2026-07-14T22:24:47.195Z,wrong_direction,179.73,24.09,False
20260715-0020-work2home-19315592710,EveningB,EveningB:G1,C012,2026-07-14T22:24:47.196Z,valid,0.11,24.09,True
20260715-0020-work2home-19315592710,EveningB,FoshHome:G2,C075,2026-07-14T22:25:22.403Z,valid,4.77,25.75,False
20260715-0020-work2home-19315592710,EveningB,ChurchHome:G2,C068,2026-07-14T22:27:03.869Z,valid,0.19,22.61,False
20260715-0020-work2home-19315592710,EveningB,EveningB:G2,C013,2026-07-14T22:28:10.048Z,valid,0.71,24.76,True
20260715-0020-work2home-19315592710,EveningB,MorningB:G2,C018,2026-07-14T22:28:10.048Z,wrong_direction,179.29,24.76,False
20260715-0020-work2home-19315592710,EveningB,FoshHome:G3,C076,2026-07-14T22:30:25.652Z,valid,1.71,31.39,False
20260715-0020-work2home-19315592710,EveningB,HomeChurch:G1,C017,2026-07-14T22:31:14.263Z,wrong_direction,176.06,28.46,False
20260715-0020-work2home-19315592710,EveningB,MorningB:G1,C017,2026-07-14T22:31:14.428Z,wrong_direction,170.53,28.46,False
20260715-0020-work2home-19315592710,EveningB,EveningB:G3,C014,2026-07-14T22:31:14.432Z,valid,6.2,28.46,True
20260715-0020-work2home-19315592710,EveningB,ChurchHome:G3,C014,2026-07-14T22:31:16.440Z,valid,13.39,34.74,False
20260715-0020-work2home-19315592710,EveningB,EveningB:FINISH,C015,2026-07-14T22:34:26.436Z,valid,0.98,22.0,True
20260715-0020-work2home-19315592710,EveningB,MorningB:START,C016,2026-07-14T22:35:43.280Z,wrong_direction,178.13,18.6,False
20260715-1027-home2work-19319989088,Morning,ChurchHome:FINISH,C010,2026-07-15T08:28:02.937Z,wrong_direction,167.14,22.78,False
20260715-1027-home2work-19319989088,Morning,EveningA:FINISH,C010,2026-07-15T08:28:04.465Z,wrong_direction,170.54,22.99,False
20260715-1027-home2work-19319989088,Morning,Morning:START,C001,2026-07-15T08:28:05.208Z,valid,2.43,23.17,True
20260715-1027-home2work-19319989088,Morning,FoshHome:FINISH,C053,2026-07-15T08:28:14.881Z,wrong_direction,178.86,23.44,False
20260715-1027-home2work-19319989088,Morning,StationHomePreferred:FINISH,C053,2026-07-15T08:28:17.993Z,wrong_direction,178.37,24.57,False
20260715-1027-home2work-19319989088,Morning,HomeStationViaFosh:START,C041,2026-07-15T08:28:20.627Z,valid,4.17,22.81,False
20260715-1027-home2work-19319989088,Morning,HomeFosh:START,C041,2026-07-15T08:28:21.308Z,valid,4.52,22.99,False
20260715-1027-home2work-19319989088,Morning,HomeChurch:START,C041,2026-07-15T08:28:24.170Z,valid,4.74,23.37,False
20260715-1027-home2work-19319989088,Morning,HomeStationPreferred:START,C041,2026-07-15T08:28:25.110Z,valid,2.86,24.06,False
20260715-1027-home2work-19319989088,Morning,Morning:G1,C002,2026-07-15T08:31:20.583Z,valid,0.11,23.15,True
20260715-1027-home2work-19319989088,Morning,EveningA:G3,C009,2026-07-15T08:31:50.777Z,wrong_direction,178.1,23.34,False
20260715-1027-home2work-19319989088,Morning,HomeFosh:G1,C069,2026-07-15T08:33:08.947Z,valid,11.21,23.75,False
20260715-1027-home2work-19319989088,Morning,HomeStationPreferred:G1,C042,2026-07-15T08:33:31.828Z,valid,0.16,24.26,False
20260715-1027-home2work-19319989088,Morning,StationHomePreferred:G3,C052,2026-07-15T08:33:32.816Z,wrong_direction,177.61,24.57,False
20260715-1027-home2work-19319989088,Morning,HomeStationViaFosh:G1,C046,2026-07-15T08:33:39.243Z,valid,0.75,25.41,False
20260715-1027-home2work-19319989088,Morning,EveningA:G2,C008,2026-07-15T08:34:30.019Z,wrong_direction,171.77,23.86,False
20260715-1027-home2work-19319989088,Morning,Morning:G2,C003,2026-07-15T08:34:44.949Z,valid,3.64,26.26,True
20260715-1027-home2work-19319989088,Morning,HomeFosh:G2,C070,2026-07-15T08:38:18.246Z,valid,1.44,26.11,False
20260715-1027-home2work-19319989088,Morning,EveningA:G1,C007,2026-07-15T08:38:24.638Z,wrong_direction,176.45,23.77,False
20260715-1027-home2work-19319989088,Morning,Morning:G3,C004,2026-07-15T08:38:49.268Z,valid,1.27,31.43,True
20260715-1027-home2work-19319989088,Morning,StationHomePreferred:G2,C051,2026-07-15T08:38:59.326Z,wrong_direction,146.92,23.7,False
20260715-1027-home2work-19319989088,Morning,HomeStationPreferred:G2,C043,2026-07-15T08:38:59.462Z,valid,30.7,23.7,False
20260715-1027-home2work-19319989088,Morning,HomeStationViaFosh:G2,C047,2026-07-15T08:39:25.187Z,valid,0.81,23.99,False
20260715-1027-home2work-19319989088,Morning,EveningA:START,C006,2026-07-15T08:41:57.788Z,wrong_direction,163.58,24.09,False
20260715-1027-home2work-19319989088,Morning,Morning:FINISH,C005,2026-07-15T08:42:14.091Z,valid,8.78,26.72,True
20260716-0949-home2work-19333212434,Morning,ChurchHome:FINISH,C010,2026-07-16T07:50:15.295Z,wrong_direction,163.81,14.86,False
20260716-0949-home2work-19333212434,Morning,EveningA:FINISH,C010,2026-07-16T07:50:17.379Z,wrong_direction,165.33,20.65,False
20260716-0949-home2work-19333212434,Morning,Morning:START,C001,2026-07-16T07:50:18.213Z,valid,4.89,19.87,True
20260716-0949-home2work-19333212434,Morning,FoshHome:FINISH,C053,2026-07-16T07:50:27.989Z,wrong_direction,179.79,24.45,False
20260716-0949-home2work-19333212434,Morning,StationHomePreferred:FINISH,C053,2026-07-16T07:50:31.101Z,wrong_direction,178.03,24.12,False
20260716-0949-home2work-19333212434,Morning,HomeStationViaFosh:START,C041,2026-07-16T07:50:33.679Z,valid,1.98,23.71,False
20260716-0949-home2work-19333212434,Morning,HomeFosh:START,C041,2026-07-16T07:50:34.322Z,valid,2.51,24.99,False
20260716-0949-home2work-19333212434,Morning,HomeChurch:START,C041,2026-07-16T07:50:37.005Z,valid,2.54,24.77,False
20260716-0949-home2work-19333212434,Morning,HomeStationPreferred:START,C041,2026-07-16T07:50:37.897Z,valid,1.79,24.77,False
20260716-0949-home2work-19333212434,Morning,Morning:G1,C002,2026-07-16T07:53:27.589Z,valid,0.99,24.57,True
20260716-0949-home2work-19333212434,Morning,EveningA:G3,C009,2026-07-16T07:53:56.354Z,wrong_direction,177.56,24.61,False
20260716-0949-home2work-19333212434,Morning,HomeFosh:G1,C069,2026-07-16T07:55:11.856Z,valid,8.7,23.38,False
20260716-0949-home2work-19333212434,Morning,HomeStationPreferred:G1,C042,2026-07-16T07:55:34.774Z,valid,0.16,24.26,False
20260716-0949-home2work-19333212434,Morning,StationHomePreferred:G3,C052,2026-07-16T07:55:35.777Z,wrong_direction,177.94,24.12,False
20260716-0949-home2work-19333212434,Morning,HomeStationViaFosh:G1,C046,2026-07-16T07:55:42.353Z,valid,1.39,24.02,False
20260716-0949-home2work-19333212434,Morning,EveningA:G2,C008,2026-07-16T07:56:34.200Z,wrong_direction,172.92,25.86,False
20260716-0949-home2work-19333212434,Morning,Morning:G2,C003,2026-07-16T07:56:49.083Z,valid,0.84,25.16,True
20260716-0949-home2work-19333212434,Morning,HomeFosh:G2,C070,2026-07-16T08:00:29.328Z,valid,0.4,24.02,False
20260716-0949-home2work-19333212434,Morning,EveningA:G1,C007,2026-07-16T08:00:35.657Z,wrong_direction,176.07,23.15,False
20260716-0949-home2work-19333212434,Morning,Morning:G3,C004,2026-07-16T08:00:59.933Z,valid,4.9,25.04,True
20260716-0949-home2work-19333212434,Morning,StationHomePreferred:G2,C051,2026-07-16T08:01:10.237Z,wrong_direction,149.65,25.65,False
20260716-0949-home2work-19333212434,Morning,HomeStationPreferred:G2,C043,2026-07-16T08:01:10.354Z,valid,27.97,25.65,False
20260716-0949-home2work-19333212434,Morning,HomeStationViaFosh:G2,C047,2026-07-16T08:01:35.875Z,valid,0.3,23.92,False
20260716-0949-home2work-19333212434,Morning,EveningA:START,C006,2026-07-16T08:04:08.643Z,wrong_direction,158.03,23.4,False
20260716-0949-home2work-19333212434,Morning,Morning:FINISH,C005,2026-07-16T08:04:25.394Z,valid,10.58,22.91,True
20260716-1738-work2home-19338378744,EveningA,Morning:FINISH,C005,2026-07-16T15:38:38.795Z,wrong_direction,177.27,22.66,False
20260716-1738-work2home-19338378744,EveningA,EveningA:START,C006,2026-07-16T15:38:54.431Z,valid,18.48,25.08,True
20260716-1738-work2home-19338378744,EveningA,HomeStationViaFosh:G2,C047,2026-07-16T15:41:25.018Z,wrong_direction,179.81,24.38,False
20260716-1738-work2home-19338378744,EveningA,HomeStationPreferred:G2,C043,2026-07-16T15:41:49.690Z,wrong_direction,149.79,23.27,False
20260716-1738-work2home-19338378744,EveningA,StationHomePreferred:G2,C051,2026-07-16T15:41:49.822Z,valid,32.59,23.27,False
20260716-1738-work2home-19338378744,EveningA,Morning:G3,C004,2026-07-16T15:42:00.601Z,wrong_direction,177.77,22.43,False
20260716-1738-work2home-19338378744,EveningA,EveningA:G1,C007,2026-07-16T15:42:24.239Z,valid,0.62,24.27,True
20260716-1738-work2home-19338378744,EveningA,HomeFosh:G2,C070,2026-07-16T15:42:30.574Z,wrong_direction,176.15,24.35,False
20260716-1738-work2home-19338378744,EveningA,Morning:G2,C003,2026-07-16T15:45:56.894Z,wrong_direction,177.52,25.68,False
20260716-1738-work2home-19338378744,EveningA,EveningA:G2,C008,2026-07-16T15:46:11.683Z,valid,8.56,24.49,True
20260716-1738-work2home-19338378744,EveningA,HomeStationViaFosh:G1,C046,2026-07-16T15:47:02.861Z,wrong_direction,178.57,25.67,False
20260716-1738-work2home-19338378744,EveningA,StationHomePreferred:G3,C052,2026-07-16T15:47:09.334Z,valid,0.2,23.82,False
20260716-1738-work2home-19338378744,EveningA,HomeStationPreferred:G1,C042,2026-07-16T15:47:10.343Z,wrong_direction,179.84,24.26,False
20260716-1738-work2home-19338378744,EveningA,HomeFosh:G1,C069,2026-07-16T15:47:33.279Z,wrong_direction,171.85,23.5,False
20260716-1738-work2home-19338378744,EveningA,EveningA:G3,C009,2026-07-16T15:48:48.444Z,valid,5.42,24.72,True
20260716-1738-work2home-19338378744,EveningA,Morning:G1,C002,2026-07-16T15:49:17.170Z,wrong_direction,178.56,24.74,False
20260716-1738-work2home-19338378744,EveningA,HomeStationPreferred:START,C041,2026-07-16T15:52:04.760Z,wrong_direction,178.0,22.39,False
20260716-1738-work2home-19338378744,EveningA,HomeChurch:START,C041,2026-07-16T15:52:05.781Z,wrong_direction,178.61,21.17,False
20260716-1738-work2home-19338378744,EveningA,HomeFosh:START,C041,2026-07-16T15:52:08.788Z,wrong_direction,179.5,22.19,False
20260716-1738-work2home-19338378744,EveningA,HomeStationViaFosh:START,C041,2026-07-16T15:52:09.498Z,wrong_direction,180.0,21.62,False
20260716-1738-work2home-19338378744,EveningA,StationHomePreferred:FINISH,C053,2026-07-16T15:52:12.376Z,valid,0.95,21.81,False
20260716-1738-work2home-19338378744,EveningA,FoshHome:FINISH,C053,2026-07-16T15:52:15.889Z,valid,2.62,21.49,False
20260716-1738-work2home-19338378744,EveningA,Morning:START,C001,2026-07-16T15:52:26.083Z,wrong_direction,178.56,21.81,False
20260716-1738-work2home-19338378744,EveningA,EveningA:FINISH,C010,2026-07-16T15:52:26.880Z,valid,5.3,21.81,True
20260716-1738-work2home-19338378744,EveningA,ChurchHome:FINISH,C010,2026-07-16T15:52:28.497Z,valid,0.19,20.73,False
20260717-2332-work2home-19354821638,EveningB,WorkChurchA:START,C054,2026-07-17T21:32:42.626Z,valid,13.39,16.21,False
20260717-2332-work2home-19354821638,EveningB,WorkChurchB:START,C035,2026-07-17T21:32:42.855Z,valid,72.52,16.21,False
20260717-2332-work2home-19354821638,EveningB,EveningB:START,C011,2026-07-17T21:33:12.432Z,valid,3.43,14.65,True
20260717-2332-work2home-19354821638,EveningB,MorningB:FINISH,C020,2026-07-17T21:33:12.432Z,wrong_direction,176.45,14.65,False
20260717-2332-work2home-19354821638,EveningB,MorningB:G3,C019,2026-07-17T21:36:53.395Z,wrong_direction,179.56,25.34,False
20260717-2332-work2home-19354821638,EveningB,EveningB:G1,C012,2026-07-17T21:36:53.395Z,valid,0.83,25.34,True
20260717-2332-work2home-19354821638,EveningB,FoshHome:G2,C075,2026-07-17T21:37:28.264Z,valid,2.79,25.09,False
20260717-2332-work2home-19354821638,EveningB,ChurchHome:G2,C068,2026-07-17T21:39:13.696Z,valid,1.35,23.71,False
20260717-2332-work2home-19354821638,EveningB,EveningB:G2,C013,2026-07-17T21:40:17.023Z,valid,0.78,25.15,True
20260717-2332-work2home-19354821638,EveningB,MorningB:G2,C018,2026-07-17T21:40:17.023Z,wrong_direction,179.22,25.15,False
20260717-2332-work2home-19354821638,EveningB,FoshHome:G3,C076,2026-07-17T21:42:27.300Z,valid,2.45,31.16,False
20260717-2332-work2home-19354821638,EveningB,HomeChurch:G1,C017,2026-07-17T21:43:13.074Z,wrong_direction,179.99,38.35,False
20260717-2332-work2home-19354821638,EveningB,MorningB:G1,C017,2026-07-17T21:43:13.184Z,wrong_direction,174.49,38.35,False
20260717-2332-work2home-19354821638,EveningB,EveningB:G3,C014,2026-07-17T21:43:13.194Z,valid,2.24,38.35,True
20260717-2332-work2home-19354821638,EveningB,ChurchHome:G3,C014,2026-07-17T21:43:15.256Z,valid,3.95,28.51,False
20260717-2332-work2home-19354821638,EveningB,EveningB:FINISH,C015,2026-07-17T21:46:07.107Z,valid,2.73,23.1,True
20260717-2332-work2home-19354821638,EveningB,MorningB:START,C016,2026-07-17T21:47:15.526Z,wrong_direction,179.79,24.68,False
20260720-1855-work2home-19399895229,EveningA,Morning:FINISH,C005,2026-07-20T16:55:22.022Z,wrong_direction,172.55,24.12,False
20260720-1855-work2home-19399895229,EveningA,EveningA:START,C006,2026-07-20T16:55:36.909Z,valid,25.09,24.83,True
20260720-1855-work2home-19399895229,EveningA,HomeStationViaFosh:G2,C047,2026-07-20T16:58:00.674Z,wrong_direction,178.72,24.46,False
20260720-1855-work2home-19399895229,EveningA,HomeStationPreferred:G2,C043,2026-07-20T16:58:25.224Z,wrong_direction,140.97,23.74,False
20260720-1855-work2home-19399895229,EveningA,StationHomePreferred:G2,C051,2026-07-20T16:58:25.368Z,valid,41.41,23.74,False
20260720-1855-work2home-19399895229,EveningA,Morning:G3,C004,2026-07-20T16:58:36.392Z,wrong_direction,179.85,22.6,False
20260720-1855-work2home-19399895229,EveningA,EveningA:G1,C007,2026-07-20T16:58:59.140Z,valid,0.18,23.51,True
20260720-1855-work2home-19399895229,EveningA,HomeFosh:G2,C070,2026-07-20T16:59:05.331Z,wrong_direction,179.6,24.02,False
20260720-1855-work2home-19399895229,EveningA,Morning:G2,C003,2026-07-20T17:02:29.736Z,wrong_direction,178.94,25.1,False
20260720-1855-work2home-19399895229,EveningA,EveningA:G2,C008,2026-07-20T17:02:44.901Z,valid,1.9,25.2,True
20260720-1855-work2home-19399895229,EveningA,HomeStationViaFosh:G1,C046,2026-07-20T17:03:36.005Z,wrong_direction,179.54,24.32,False
20260720-1855-work2home-19399895229,EveningA,StationHomePreferred:G3,C052,2026-07-20T17:03:42.517Z,valid,0.95,24.06,False
20260720-1855-work2home-19399895229,EveningA,HomeStationPreferred:G1,C042,2026-07-20T17:03:43.513Z,wrong_direction,178.34,24.62,False
20260720-1855-work2home-19399895229,EveningA,HomeFosh:G1,C069,2026-07-20T17:04:06.320Z,wrong_direction,165.11,24.81,False
20260720-1855-work2home-19399895229,EveningA,EveningA:G3,C009,2026-07-20T17:05:20.718Z,valid,2.26,25.07,True
20260720-1855-work2home-19399895229,EveningA,Morning:G1,C002,2026-07-20T17:05:49.191Z,wrong_direction,179.3,25.51,False
20260720-1855-work2home-19399895229,EveningA,HomeStationPreferred:START,C041,2026-07-20T17:08:40.565Z,wrong_direction,179.64,24.91,False
20260720-1855-work2home-19399895229,EveningA,HomeChurch:START,C041,2026-07-20T17:08:41.470Z,wrong_direction,177.16,23.67,False
20260720-1855-work2home-19399895229,EveningA,HomeFosh:START,C041,2026-07-20T17:08:44.242Z,wrong_direction,179.47,23.55,False
20260720-1855-work2home-19399895229,EveningA,HomeStationViaFosh:START,C041,2026-07-20T17:08:44.901Z,wrong_direction,179.73,23.55,False
20260720-1855-work2home-19399895229,EveningA,StationHomePreferred:FINISH,C053,2026-07-20T17:08:47.485Z,valid,0.65,24.08,False
20260720-1855-work2home-19399895229,EveningA,FoshHome:FINISH,C053,2026-07-20T17:08:50.701Z,valid,1.21,23.93,False
20260720-1855-work2home-19399895229,EveningA,Morning:START,C001,2026-07-20T17:09:00.022Z,wrong_direction,179.19,23.93,False
20260720-1855-work2home-19399895229,EveningA,EveningA:FINISH,C010,2026-07-20T17:09:00.733Z,valid,4.67,23.93,True
20260720-1855-work2home-19399895229,EveningA,ChurchHome:FINISH,C010,2026-07-20T17:09:02.152Z,valid,8.9,23.07,False
20260722-0952-home2work-19421935423,Morning,MorningB:START,C016,2026-07-22T07:53:20.614Z,valid,5.43,21.78,False
20260722-0952-home2work-19421935423,Morning,Morning:G1,C002,2026-07-22T07:56:33.476Z,valid,1.44,24.74,True
20260722-0952-home2work-19421935423,Morning,EveningA:G3,C009,2026-07-22T07:57:02.581Z,wrong_direction,178.77,25.2,False
20260722-0952-home2work-19421935423,Morning,HomeFosh:G1,C069,2026-07-22T07:58:17.793Z,valid,7.41,25.03,False
20260722-0952-home2work-19421935423,Morning,HomeStationPreferred:G1,C042,2026-07-22T07:58:41.178Z,valid,1.6,24.77,False
20260722-0952-home2work-19421935423,Morning,StationHomePreferred:G3,C052,2026-07-22T07:58:42.152Z,wrong_direction,176.22,25.1,False
20260722-0952-home2work-19421935423,Morning,HomeStationViaFosh:G1,C046,2026-07-22T07:58:48.537Z,valid,0.66,24.91,False
20260722-0952-home2work-19421935423,Morning,EveningA:G2,C008,2026-07-22T07:59:39.752Z,wrong_direction,167.41,25.43,False
20260722-0952-home2work-19421935423,Morning,Morning:G2,C003,2026-07-22T07:59:54.623Z,valid,1.91,24.97,True
20260722-0952-home2work-19421935423,Morning,HomeFosh:G2,C070,2026-07-22T08:03:22.868Z,valid,0.27,27.78,False
20260722-0952-home2work-19421935423,Morning,EveningA:G1,C007,2026-07-22T08:03:29.140Z,wrong_direction,179.38,24.27,False
20260722-0952-home2work-19421935423,Morning,Morning:G3,C004,2026-07-22T08:03:52.686Z,valid,10.46,24.65,True
20260722-0952-home2work-19421935423,Morning,StationHomePreferred:G2,C051,2026-07-22T08:04:03.699Z,wrong_direction,133.28,23.73,False
20260722-0952-home2work-19421935423,Morning,HomeStationPreferred:G2,C043,2026-07-22T08:04:03.820Z,valid,44.34,23.73,False
20260722-0952-home2work-19421935423,Morning,HomeStationViaFosh:G2,C047,2026-07-22T08:04:29.605Z,valid,2.35,23.45,False
20260722-0952-home2work-19421935423,Morning,EveningA:START,C006,2026-07-22T08:06:59.134Z,wrong_direction,163.41,25.17,False
20260722-0952-home2work-19421935423,Morning,Morning:FINISH,C005,2026-07-22T08:07:15.642Z,valid,7.33,20.38,True
20260722-0952-home2work-19421935423,Morning,WorkChurchA:START,C054,2026-07-22T10:26:15.979Z,valid,48.91,6.27,False
20260722-0952-home2work-19421935423,Morning,WorkChurchA:START,C054,2026-07-22T10:48:48.562Z,wrong_direction,150.93,1.17,False
20260722-0952-home2work-19421935423,Morning,WorkChurchA:START,C054,2026-07-22T11:55:36.468Z,valid,42.5,0.7,False
20260722-0952-home2work-19421935423,Morning,WorkChurchA:START,C054,2026-07-22T12:38:57.170Z,valid,36.63,41.0,False
20260722-0952-home2work-19421935423,Morning,WorkChurchA:START,C054,2026-07-22T12:39:11.695Z,wrong_direction,140.28,19.48,False
20260722-0952-home2work-19421935423,Morning,WorkChurchB:START,C035,2026-07-22T12:41:07.519Z,valid,39.31,28.6,False
20260722-0952-home2work-19421935423,Morning,WorkChurchA:START,C054,2026-07-22T12:41:08.764Z,valid,19.82,28.6,False
20260722-0952-home2work-19421935423,Morning,WorkChurchA:START,C054,2026-07-22T12:41:25.249Z,wrong_direction,160.51,44.78,False
20260722-0952-home2work-19421935423,Morning,WorkChurchB:START,C035,2026-07-22T12:41:26.084Z,wrong_direction,140.36,44.78,False
20260722-0952-home2work-19421935423,Morning,WorkChurchA:START,C054,2026-07-22T13:09:59.728Z,wrong_direction,138.42,107.33,False
20260723-0930-home2work-19428145590,Morning,ChurchHome:FINISH,C010,2026-07-23T07:30:43.356Z,wrong_direction,171.95,21.89,False
20260723-0930-home2work-19428145590,Morning,EveningA:FINISH,C010,2026-07-23T07:30:44.876Z,wrong_direction,175.61,22.84,False
20260723-0930-home2work-19428145590,Morning,Morning:START,C001,2026-07-23T07:30:45.621Z,valid,2.86,22.98,True
20260723-0930-home2work-19428145590,Morning,FoshHome:FINISH,C053,2026-07-23T07:30:54.935Z,wrong_direction,176.86,23.16,False
20260723-0930-home2work-19428145590,Morning,StationHomePreferred:FINISH,C053,2026-07-23T07:30:58.103Z,wrong_direction,177.69,23.67,False
20260723-0930-home2work-19428145590,Morning,HomeStationViaFosh:START,C041,2026-07-23T07:31:00.705Z,valid,2.93,24.44,False
20260723-0930-home2work-19428145590,Morning,HomeFosh:START,C041,2026-07-23T07:31:01.332Z,valid,2.51,24.99,False
20260723-0930-home2work-19428145590,Morning,HomeChurch:START,C041,2026-07-23T07:31:04.006Z,valid,3.65,25.35,False
20260723-0930-home2work-19428145590,Morning,HomeStationPreferred:START,C041,2026-07-23T07:31:04.873Z,valid,2.9,25.35,False
20260723-0930-home2work-19428145590,Morning,Morning:G1,C002,2026-07-23T07:33:41.913Z,valid,1.09,24.87,True
20260723-0930-home2work-19428145590,Morning,EveningA:G3,C009,2026-07-23T07:34:10.398Z,wrong_direction,179.06,24.57,False
20260723-0930-home2work-19428145590,Morning,HomeFosh:G1,C069,2026-07-23T07:35:24.897Z,valid,11.83,21.88,False
20260723-0930-home2work-19428145590,Morning,HomeStationPreferred:G1,C042,2026-07-23T07:35:47.583Z,valid,0.21,24.46,False
20260723-0930-home2work-19428145590,Morning,StationHomePreferred:G3,C052,2026-07-23T07:35:48.569Z,wrong_direction,176.52,24.64,False
20260723-0930-home2work-19428145590,Morning,HomeStationViaFosh:G1,C046,2026-07-23T07:35:55.017Z,valid,0.5,23.67,False
20260723-0930-home2work-19428145590,Morning,EveningA:G2,C008,2026-07-23T07:36:45.479Z,wrong_direction,177.25,25.34,False
20260723-0930-home2work-19428145590,Morning,Morning:G2,C003,2026-07-23T07:37:00.232Z,valid,3.71,24.32,True
20260723-0930-home2work-19428145590,Morning,HomeFosh:G2,C070,2026-07-23T07:40:23.612Z,valid,2.86,23.34,False
20260723-0930-home2work-19428145590,Morning,EveningA:G1,C007,2026-07-23T07:40:29.973Z,wrong_direction,179.49,25.24,False
20260723-0930-home2work-19428145590,Morning,Morning:G3,C004,2026-07-23T07:40:53.652Z,valid,2.4,34.43,True
20260723-0930-home2work-19428145590,Morning,StationHomePreferred:G2,C051,2026-07-23T07:41:03.809Z,wrong_direction,138.35,24.83,False
20260723-0930-home2work-19428145590,Morning,HomeStationPreferred:G2,C043,2026-07-23T07:41:03.948Z,valid,39.27,24.83,False
20260723-0930-home2work-19428145590,Morning,HomeStationViaFosh:G2,C047,2026-07-23T07:41:29.684Z,valid,0.41,24.78,False
20260723-0930-home2work-19428145590,Morning,EveningA:START,C006,2026-07-23T07:43:52.564Z,wrong_direction,162.83,24.78,False
20260723-0930-home2work-19428145590,Morning,Morning:FINISH,C005,2026-07-23T07:44:09.050Z,valid,4.14,23.84,True
20260723-0930-home2work-19428145590,Morning,WorkChurchA:START,C054,2026-07-23T07:44:28.348Z,valid,22.3,22.37,False
20260723-0930-home2work-19428145590,Morning,WorkChurchB:START,C035,2026-07-23T07:44:29.376Z,valid,54.38,19.38,False
20260723-0930-home2work-19428145590,Morning,WorkChurchB:START,C035,2026-07-23T07:44:35.113Z,wrong_direction,167.04,15.58,False
20260723-0930-home2work-19428145590,Morning,StationWorkAlt:FINISH,C035,2026-07-23T07:44:38.086Z,wrong_direction,171.96,22.29,False
20260723-2147-work2home-19436961849,EveningB,StationWorkAlt:FINISH,C035,2026-07-23T19:47:22.361Z,valid,2.99,25.54,False
20260723-2147-work2home-19436961849,EveningB,WorkChurchB:START,C035,2026-07-23T19:47:25.528Z,valid,6.72,18.47,False
20260723-2147-work2home-19436961849,EveningB,MorningB:FINISH,C020,2026-07-23T19:47:50.145Z,wrong_direction,175.95,22.35,False
20260723-2147-work2home-19436961849,EveningB,EveningB:START,C011,2026-07-23T19:47:50.146Z,valid,3.92,22.35,True
20260723-2147-work2home-19436961849,EveningB,MorningB:G3,C019,2026-07-23T19:51:16.064Z,wrong_direction,178.99,25.34,False
20260723-2147-work2home-19436961849,EveningB,EveningB:G1,C012,2026-07-23T19:51:16.065Z,valid,0.62,25.34,True
20260723-2147-work2home-19436961849,EveningB,FoshHome:G2,C075,2026-07-23T19:51:50.789Z,valid,4.77,25.75,False
20260723-2147-work2home-19436961849,EveningB,ChurchHome:G2,C068,2026-07-23T19:53:29.540Z,valid,2.65,20.91,False
20260723-2147-work2home-19436961849,EveningB,EveningB:G2,C013,2026-07-23T19:54:33.755Z,valid,0.46,24.8,True
20260723-2147-work2home-19436961849,EveningB,MorningB:G2,C018,2026-07-23T19:54:33.755Z,wrong_direction,179.54,24.8,False
20260723-2147-work2home-19436961849,EveningB,FoshHome:G3,C076,2026-07-23T19:56:45.482Z,valid,1.03,30.37,False
20260723-2147-work2home-19436961849,EveningB,HomeChurch:G1,C017,2026-07-23T19:57:31.654Z,wrong_direction,179.93,32.57,False
20260723-2147-work2home-19436961849,EveningB,MorningB:G1,C017,2026-07-23T19:57:31.782Z,wrong_direction,174.54,32.57,False
20260723-2147-work2home-19436961849,EveningB,EveningB:G3,C014,2026-07-23T19:57:31.795Z,valid,2.19,32.57,True
20260723-2147-work2home-19436961849,EveningB,ChurchHome:G3,C014,2026-07-23T19:57:33.755Z,valid,1.06,32.79,False
20260723-2147-work2home-19436961849,EveningB,EveningB:FINISH,C015,2026-07-23T20:00:27.799Z,valid,0.25,22.42,True
20260723-2147-work2home-19436961849,EveningB,MorningB:START,C016,2026-07-23T20:01:43.417Z,wrong_direction,175.32,8.15,False
20260724-0910-home2work-19441815836,Morning,ChurchHome:FINISH,C010,2026-07-24T07:10:44.843Z,wrong_direction,178.4,23.32,False
20260724-0910-home2work-19441815836,Morning,EveningA:FINISH,C010,2026-07-24T07:10:46.308Z,wrong_direction,173.61,24.91,False
20260724-0910-home2work-19441815836,Morning,Morning:START,C001,2026-07-24T07:10:47.001Z,valid,0.71,24.71,True
20260724-0910-home2work-19441815836,Morning,FoshHome:FINISH,C053,2026-07-24T07:10:55.954Z,wrong_direction,177.62,24.62,False
20260724-0910-home2work-19441815836,Morning,StationHomePreferred:FINISH,C053,2026-07-24T07:10:59.065Z,wrong_direction,178.42,23.93,False
20260724-0910-home2work-19441815836,Morning,HomeStationViaFosh:START,C041,2026-07-24T07:11:01.610Z,valid,1.44,24.53,False
20260724-0910-home2work-19441815836,Morning,HomeFosh:START,C041,2026-07-24T07:11:02.238Z,valid,1.44,24.91,False
20260724-0910-home2work-19441815836,Morning,HomeChurch:START,C041,2026-07-24T07:11:04.937Z,valid,1.85,25.02,False
20260724-0910-home2work-19441815836,Morning,HomeStationPreferred:START,C041,2026-07-24T07:11:05.817Z,valid,0.36,24.91,False
20260724-0910-home2work-19441815836,Morning,Morning:G1,C002,2026-07-24T07:13:44.310Z,valid,0.38,24.09,True
20260724-0910-home2work-19441815836,Morning,EveningA:G3,C009,2026-07-24T07:14:13.416Z,wrong_direction,178.0,24.44,False
20260724-0910-home2work-19441815836,Morning,HomeFosh:G1,C069,2026-07-24T07:15:30.811Z,valid,7.2,22.8,False
20260724-0910-home2work-19441815836,Morning,HomeStationPreferred:G1,C042,2026-07-24T07:15:53.736Z,valid,1.31,23.67,False
20260724-0910-home2work-19441815836,Morning,StationHomePreferred:G3,C052,2026-07-24T07:15:54.739Z,wrong_direction,179.43,24.26,False
20260724-0910-home2work-19441815836,Morning,HomeStationViaFosh:G1,C046,2026-07-24T07:16:01.115Z,valid,1.12,25.22,False
20260724-0910-home2work-19441815836,Morning,EveningA:G2,C008,2026-07-24T07:16:52.154Z,wrong_direction,173.95,25.93,False
20260724-0910-home2work-19441815836,Morning,Morning:G2,C003,2026-07-24T07:17:06.952Z,valid,0.42,25.48,True
20260724-0910-home2work-19441815836,Morning,HomeFosh:G2,C070,2026-07-24T07:20:34.549Z,valid,0.4,24.02,False
20260724-0910-home2work-19441815836,Morning,EveningA:G1,C007,2026-07-24T07:20:40.898Z,wrong_direction,178.2,26.44,False
20260724-0910-home2work-19441815836,Morning,Morning:G3,C004,2026-07-24T07:21:04.379Z,valid,2.34,25.25,True
20260724-0910-home2work-19441815836,Morning,StationHomePreferred:G2,C051,2026-07-24T07:21:14.867Z,wrong_direction,140.82,21.69,False
20260724-0910-home2work-19441815836,Morning,HomeStationPreferred:G2,C043,2026-07-24T07:21:15.007Z,valid,21.42,21.2,False
20260724-0910-home2work-19441815836,Morning,HomeStationViaFosh:G2,C047,2026-07-24T07:21:40.624Z,valid,0.3,23.92,False
20260724-0910-home2work-19441815836,Morning,EveningA:START,C006,2026-07-24T07:24:03.985Z,wrong_direction,163.97,25.57,False
20260724-0910-home2work-19441815836,Morning,Morning:FINISH,C005,2026-07-24T07:24:20.900Z,valid,7.7,19.53,True
20260724-1838-work2home-19448004625,EveningA,Morning:FINISH,C005,2026-07-24T16:39:04.533Z,wrong_direction,167.36,18.0,False
20260724-1838-work2home-19448004625,EveningA,EveningA:START,C006,2026-07-24T16:39:22.148Z,valid,21.32,22.69,True
20260724-1838-work2home-19448004625,EveningA,HomeStationViaFosh:G2,C047,2026-07-24T16:41:52.835Z,wrong_direction,176.6,23.99,False
20260724-1838-work2home-19448004625,EveningA,HomeStationPreferred:G2,C043,2026-07-24T16:42:18.009Z,wrong_direction,140.82,22.45,False
20260724-1838-work2home-19448004625,EveningA,StationHomePreferred:G2,C051,2026-07-24T16:42:18.147Z,valid,41.56,22.45,False
20260724-1838-work2home-19448004625,EveningA,Morning:G3,C004,2026-07-24T16:42:28.766Z,wrong_direction,169.73,22.8,False
20260724-1838-work2home-19448004625,EveningA,EveningA:G1,C007,2026-07-24T16:42:52.627Z,valid,3.31,24.87,True
20260724-1838-work2home-19448004625,EveningA,HomeFosh:G2,C070,2026-07-24T16:42:58.740Z,wrong_direction,179.37,25.76,False
20260724-1838-work2home-19448004625,EveningA,Morning:G2,C003,2026-07-24T16:46:28.782Z,wrong_direction,178.28,24.73,False
20260724-1838-work2home-19448004625,EveningA,EveningA:G2,C008,2026-07-24T16:46:43.712Z,valid,4.85,25.16,True
20260724-1838-work2home-19448004625,EveningA,HomeStationViaFosh:G1,C046,2026-07-24T16:47:34.768Z,wrong_direction,178.44,24.38,False
20260724-1838-work2home-19448004625,EveningA,StationHomePreferred:G3,C052,2026-07-24T16:47:41.248Z,valid,0.9,24.42,False
20260724-1838-work2home-19448004625,EveningA,HomeStationPreferred:G1,C042,2026-07-24T16:47:42.232Z,wrong_direction,179.14,25.16,False
20260724-1838-work2home-19448004625,EveningA,HomeFosh:G1,C069,2026-07-24T16:48:05.173Z,wrong_direction,171.49,24.32,False
20260724-1838-work2home-19448004625,EveningA,EveningA:G3,C009,2026-07-24T16:49:23.859Z,valid,3.5,24.48,True
20260724-1838-work2home-19448004625,EveningA,Morning:G1,C002,2026-07-24T16:49:53.270Z,wrong_direction,179.62,24.09,False
20260724-1838-work2home-19448004625,EveningA,HomeStationPreferred:START,C041,2026-07-24T16:52:42.510Z,wrong_direction,179.85,23.36,False
20260724-1838-work2home-19448004625,EveningA,HomeChurch:START,C041,2026-07-24T16:52:43.451Z,wrong_direction,179.34,23.25,False
20260724-1838-work2home-19448004625,EveningA,HomeFosh:START,C041,2026-07-24T16:52:46.338Z,wrong_direction,177.07,23.07,False
20260724-1838-work2home-19448004625,EveningA,HomeStationViaFosh:START,C041,2026-07-24T16:52:47.011Z,wrong_direction,176.99,22.7,False
20260724-1838-work2home-19448004625,EveningA,StationHomePreferred:FINISH,C053,2026-07-24T16:52:49.814Z,valid,0.51,21.62,False
20260724-1838-work2home-19448004625,EveningA,FoshHome:FINISH,C053,2026-07-24T16:52:53.233Z,valid,0.23,22.26,False
20260724-1838-work2home-19448004625,EveningA,Morning:START,C001,2026-07-24T16:53:02.896Z,wrong_direction,179.53,23.48,False
20260724-1838-work2home-19448004625,EveningA,EveningA:FINISH,C010,2026-07-24T16:53:03.628Z,valid,5.07,23.74,True
20260724-1838-work2home-19448004625,EveningA,ChurchHome:FINISH,C010,2026-07-24T16:53:05.163Z,valid,3.72,21.47,False
20260725-0858-home2work-19454333922,Morning,ChurchHome:FINISH,C010,2026-07-25T06:59:14.378Z,wrong_direction,173.18,21.84,False
20260725-0858-home2work-19454333922,Morning,EveningA:FINISH,C010,2026-07-25T06:59:15.949Z,wrong_direction,177.99,21.44,False
20260725-0858-home2work-19454333922,Morning,Morning:START,C001,2026-07-25T06:59:16.710Z,valid,1.44,22.53,True
20260725-0858-home2work-19454333922,Morning,FoshHome:FINISH,C053,2026-07-25T06:59:26.521Z,wrong_direction,177.62,24.62,False
20260725-0858-home2work-19454333922,Morning,StationHomePreferred:FINISH,C053,2026-07-25T06:59:29.660Z,wrong_direction,178.94,23.89,False
20260725-0858-home2work-19454333922,Morning,HomeStationViaFosh:START,C041,2026-07-25T06:59:32.255Z,valid,1.71,24.99,False
20260725-0858-home2work-19454333922,Morning,HomeFosh:START,C041,2026-07-25T06:59:32.878Z,valid,2.51,24.99,False
20260725-0858-home2work-19454333922,Morning,HomeChurch:START,C041,2026-07-25T06:59:35.545Z,valid,4.35,25.1,False
20260725-0858-home2work-19454333922,Morning,HomeStationPreferred:START,C041,2026-07-25T06:59:36.415Z,valid,0.79,25.47,False
20260725-0858-home2work-19454333922,Morning,Morning:G1,C002,2026-07-25T07:02:36.376Z,valid,1.44,24.24,True
20260725-0858-home2work-19454333922,Morning,EveningA:G3,C009,2026-07-25T07:03:05.190Z,wrong_direction,175.0,24.55,False
20260725-0858-home2work-19454333922,Morning,HomeFosh:G1,C069,2026-07-25T07:04:20.414Z,valid,5.48,24.59,False
20260725-0858-home2work-19454333922,Morning,HomeStationPreferred:G1,C042,2026-07-25T07:04:43.570Z,valid,0.59,23.37,False
20260725-0858-home2work-19454333922,Morning,StationHomePreferred:G3,C052,2026-07-25T07:04:44.594Z,wrong_direction,179.8,23.82,False
20260725-0858-home2work-19454333922,Morning,HomeStationViaFosh:G1,C046,2026-07-25T07:04:51.189Z,valid,2.44,25.26,False
20260725-0858-home2work-19454333922,Morning,EveningA:G2,C008,2026-07-25T07:05:42.547Z,wrong_direction,169.79,25.71,False
20260725-0858-home2work-19454333922,Morning,Morning:G2,C003,2026-07-25T07:05:57.145Z,valid,2.5,25.47,True
20260725-0858-home2work-19454333922,Morning,HomeFosh:G2,C070,2026-07-25T07:09:26.678Z,valid,2.52,26.6,False
20260725-0858-home2work-19454333922,Morning,EveningA:G1,C007,2026-07-25T07:09:33.289Z,wrong_direction,173.27,20.98,False
20260725-0858-home2work-19454333922,Morning,Morning:G3,C004,2026-07-25T07:09:56.263Z,valid,3.14,25.81,True
20260725-0858-home2work-19454333922,Morning,StationHomePreferred:G2,C051,2026-07-25T07:10:05.630Z,wrong_direction,132.35,22.28,False
20260725-0858-home2work-19454333922,Morning,HomeStationPreferred:G2,C043,2026-07-25T07:10:05.803Z,valid,45.27,22.28,False
20260725-0858-home2work-19454333922,Morning,HomeStationViaFosh:G2,C047,2026-07-25T07:10:31.549Z,valid,0.75,25.4,False
20260725-0858-home2work-19454333922,Morning,EveningA:START,C006,2026-07-25T07:12:54.789Z,wrong_direction,163.23,23.46,False
20260725-0858-home2work-19454333922,Morning,Morning:FINISH,C005,2026-07-25T07:13:11.561Z,valid,9.55,14.83,True
20260727-0843-home2work-19481481998,Morning,ChurchHome:FINISH,C010,2026-07-27T06:44:52.791Z,wrong_direction,173.52,21.82,False
20260727-0843-home2work-19481481998,Morning,EveningA:FINISH,C010,2026-07-27T06:44:54.495Z,wrong_direction,170.16,20.61,False
20260727-0843-home2work-19481481998,Morning,Morning:START,C001,2026-07-27T06:44:55.366Z,valid,3.72,20.87,True
20260727-0843-home2work-19481481998,Morning,FoshHome:FINISH,C053,2026-07-27T06:45:05.139Z,wrong_direction,175.74,22.29,False
20260727-0843-home2work-19481481998,Morning,StationHomePreferred:FINISH,C053,2026-07-27T06:45:08.320Z,wrong_direction,178.62,25.67,False
20260727-0843-home2work-19481481998,Morning,HomeStationViaFosh:START,C041,2026-07-27T06:45:10.687Z,valid,1.2,25.82,False
20260727-0843-home2work-19481481998,Morning,HomeFosh:START,C041,2026-07-27T06:45:11.289Z,valid,2.11,25.18,False
20260727-0843-home2work-19481481998,Morning,HomeChurch:START,C041,2026-07-27T06:45:13.900Z,valid,2.95,25.6,False
20260727-0843-home2work-19481481998,Morning,HomeStationPreferred:START,C041,2026-07-27T06:45:14.766Z,valid,2.54,25.16,False
20260727-0843-home2work-19481481998,Morning,Morning:G1,C002,2026-07-27T06:48:00.926Z,valid,3.11,25.19,True
20260727-0843-home2work-19481481998,Morning,EveningA:G3,C009,2026-07-27T06:48:28.571Z,wrong_direction,176.5,24.48,False
20260727-0843-home2work-19481481998,Morning,HomeFosh:G1,C069,2026-07-27T06:49:41.269Z,valid,1.76,29.87,False
20260727-0843-home2work-19481481998,Morning,HomeStationPreferred:G1,C042,2026-07-27T06:50:02.725Z,valid,0.21,27.03,False
20260727-0843-home2work-19481481998,Morning,StationHomePreferred:G3,C052,2026-07-27T06:50:03.672Z,wrong_direction,175.84,24.91,False
20260727-0843-home2work-19481481998,Morning,HomeStationViaFosh:G1,C046,2026-07-27T06:50:09.930Z,valid,0.05,25.16,False
20260727-0843-home2work-19481481998,Morning,EveningA:G2,C008,2026-07-27T06:50:59.017Z,wrong_direction,175.61,27.8,False
20260727-0843-home2work-19481481998,Morning,Morning:G2,C003,2026-07-27T06:51:13.295Z,valid,3.65,24.71,True
20260727-0843-home2work-19481481998,Morning,HomeFosh:G2,C070,2026-07-27T06:54:35.787Z,valid,1.69,24.55,False
20260727-0843-home2work-19481481998,Morning,EveningA:G1,C007,2026-07-27T06:54:43.217Z,wrong_direction,177.27,24.56,False
20260727-0843-home2work-19481481998,Morning,Morning:G3,C004,2026-07-27T06:55:04.991Z,valid,10.99,45.03,True
20260727-0843-home2work-19481481998,Morning,StationHomePreferred:G2,C051,2026-07-27T06:55:14.115Z,wrong_direction,174.43,22.85,False
20260727-0843-home2work-19481481998,Morning,HomeStationPreferred:G2,C043,2026-07-27T06:55:14.211Z,valid,3.19,22.85,False
20260727-0843-home2work-19481481998,Morning,HomeStationViaFosh:G2,C047,2026-07-27T06:55:40.277Z,valid,0.17,25.01,False
20260727-0843-home2work-19481481998,Morning,EveningA:START,C006,2026-07-27T06:58:07.187Z,wrong_direction,163.82,20.21,False
20260727-0843-home2work-19481481998,Morning,Morning:FINISH,C005,2026-07-27T06:58:26.282Z,valid,6.32,14.84,True
20260727-2325-work2home-19491419206,EveningB,MorningB:FINISH,C020,2026-07-27T21:25:52.402Z,wrong_direction,175.61,17.77,False
20260727-2325-work2home-19491419206,EveningB,EveningB:START,C011,2026-07-27T21:25:52.403Z,valid,4.27,17.77,True
20260727-2325-work2home-19491419206,EveningB,MorningB:G3,C019,2026-07-27T21:29:24.847Z,wrong_direction,178.53,25.19,False
20260727-2325-work2home-19491419206,EveningB,EveningB:G1,C012,2026-07-27T21:29:24.849Z,valid,1.08,25.19,True
20260727-2325-work2home-19491419206,EveningB,FoshHome:G2,C075,2026-07-27T21:30:00.104Z,valid,2.81,21.95,False
20260727-2325-work2home-19491419206,EveningB,ChurchHome:G2,C068,2026-07-27T21:31:41.154Z,valid,2.07,24.44,False
20260727-2325-work2home-19491419206,EveningB,EveningB:G2,C013,2026-07-27T21:32:46.008Z,valid,0.21,25.17,True
20260727-2325-work2home-19491419206,EveningB,MorningB:G2,C018,2026-07-27T21:32:46.008Z,wrong_direction,179.79,25.17,False
20260727-2325-work2home-19491419206,EveningB,FoshHome:G3,C076,2026-07-27T21:35:00.564Z,valid,13.43,28.15,False
20260727-2325-work2home-19491419206,EveningB,HomeChurch:G1,C017,2026-07-27T21:35:47.012Z,wrong_direction,171.73,32.38,False
20260727-2325-work2home-19491419206,EveningB,MorningB:G1,C017,2026-07-27T21:35:47.141Z,wrong_direction,166.21,32.38,False
20260727-2325-work2home-19491419206,EveningB,EveningB:G3,C014,2026-07-27T21:35:47.155Z,valid,10.52,32.38,True
20260727-2325-work2home-19491419206,EveningB,ChurchHome:G3,C014,2026-07-27T21:35:49.106Z,valid,1.29,29.9,False
20260727-2325-work2home-19491419206,EveningB,EveningB:FINISH,C015,2026-07-27T21:38:44.874Z,valid,0.86,23.49,True
20260727-2325-work2home-19491419206,EveningB,MorningB:START,C016,2026-07-27T21:39:54.777Z,wrong_direction,176.23,20.88,False
20260728-1018-home2work-19496354080,Morning,ChurchHome:FINISH,C010,2026-07-28T08:19:18.108Z,wrong_direction,171.95,22.53,False
20260728-1018-home2work-19496354080,Morning,EveningA:FINISH,C010,2026-07-28T08:19:19.611Z,wrong_direction,172.13,23.07,False
20260728-1018-home2work-19496354080,Morning,Morning:START,C001,2026-07-28T08:19:20.328Z,valid,1.84,24.64,True
20260728-1018-home2work-19496354080,Morning,FoshHome:FINISH,C053,2026-07-28T08:19:29.277Z,wrong_direction,179.1,24.72,False
20260728-1018-home2work-19496354080,Morning,StationHomePreferred:FINISH,C053,2026-07-28T08:19:32.348Z,wrong_direction,179.06,24.83,False
20260728-1018-home2work-19496354080,Morning,HomeStationViaFosh:START,C041,2026-07-28T08:19:34.863Z,valid,2.93,24.44,False
20260728-1018-home2work-19496354080,Morning,HomeFosh:START,C041,2026-07-28T08:19:35.486Z,valid,1.05,25.1,False
20260728-1018-home2work-19496354080,Morning,HomeChurch:START,C041,2026-07-28T08:19:38.134Z,valid,1.16,25.28,False
20260728-1018-home2work-19496354080,Morning,HomeStationPreferred:START,C041,2026-07-28T08:19:39.003Z,valid,2.17,24.96,False
20260728-1018-home2work-19496354080,Morning,Morning:G1,C002,2026-07-28T08:22:20.145Z,valid,0.69,23.94,True
20260728-1018-home2work-19496354080,Morning,EveningA:G3,C009,2026-07-28T08:22:48.894Z,wrong_direction,177.56,24.61,False
20260728-1018-home2work-19496354080,Morning,HomeFosh:G1,C069,2026-07-28T08:24:03.740Z,valid,7.91,24.91,False
20260728-1018-home2work-19496354080,Morning,HomeStationPreferred:G1,C042,2026-07-28T08:24:27.077Z,valid,1.34,23.77,False
20260728-1018-home2work-19496354080,Morning,StationHomePreferred:G3,C052,2026-07-28T08:24:28.094Z,wrong_direction,178.32,24.32,False
20260728-1018-home2work-19496354080,Morning,HomeStationViaFosh:G1,C046,2026-07-28T08:24:34.638Z,valid,6.12,25.18,False
20260728-1018-home2work-19496354080,Morning,EveningA:G2,C008,2026-07-28T08:25:25.532Z,wrong_direction,175.58,25.63,False
20260728-1018-home2work-19496354080,Morning,Morning:G2,C003,2026-07-28T08:25:40.694Z,valid,1.88,22.55,True
20260728-1018-home2work-19496354080,Morning,HomeFosh:G2,C070,2026-07-28T08:29:08.589Z,valid,16.46,24.13,False
20260728-1018-home2work-19496354080,Morning,EveningA:G1,C007,2026-07-28T08:29:15.063Z,wrong_direction,178.24,24.66,False
20260728-1018-home2work-19496354080,Morning,Morning:G3,C004,2026-07-28T08:29:38.467Z,valid,4.54,26.67,True
20260728-1018-home2work-19496354080,Morning,StationHomePreferred:G2,C051,2026-07-28T08:29:48.261Z,wrong_direction,143.5,23.74,False
20260728-1018-home2work-19496354080,Morning,HomeStationPreferred:G2,C043,2026-07-28T08:29:48.399Z,valid,34.12,23.74,False
20260728-1018-home2work-19496354080,Morning,HomeStationViaFosh:G2,C047,2026-07-28T08:30:14.158Z,valid,3.68,23.77,False
20260728-1018-home2work-19496354080,Morning,EveningA:START,C006,2026-07-28T08:32:36.866Z,wrong_direction,164.43,24.26,False
20260728-1018-home2work-19496354080,Morning,Morning:FINISH,C005,2026-07-28T08:32:54.623Z,valid,19.99,20.38,True
20260728-1018-home2work-19496354080,Morning,WorkChurchA:START,C054,2026-07-28T08:33:15.229Z,valid,1.78,20.73,False
20260728-1018-home2work-19496354080,Morning,WorkChurchB:START,C035,2026-07-28T08:33:15.351Z,valid,60.91,20.73,False
20260728-1018-home2work-19496354080,Morning,WorkChurchB:START,C035,2026-07-28T08:33:22.189Z,wrong_direction,177.23,18.22,False
20260728-1018-home2work-19496354080,Morning,StationWorkAlt:FINISH,C035,2026-07-28T08:33:25.328Z,wrong_direction,174.06,20.65,False
20260728-1619-work2home-19501080034,EveningA,Morning:FINISH,C005,2026-07-28T14:19:50.151Z,wrong_direction,174.93,9.82,False
20260728-1619-work2home-19501080034,EveningA,EveningA:START,C006,2026-07-28T14:20:17.657Z,valid,16.95,17.01,True
20260728-1619-work2home-19501080034,EveningA,HomeStationViaFosh:G2,C047,2026-07-28T14:24:27.055Z,wrong_direction,178.17,17.18,False
20260728-1619-work2home-19501080034,EveningA,HomeStationPreferred:G2,C043,2026-07-28T14:25:05.114Z,wrong_direction,123.34,13.54,False
20260728-1619-work2home-19501080034,EveningA,StationHomePreferred:G2,C051,2026-07-28T14:25:05.468Z,valid,59.04,13.54,False
20260728-1619-work2home-19501080034,EveningA,Morning:G3,C004,2026-07-28T14:25:25.392Z,wrong_direction,173.78,18.56,False
20260728-1619-work2home-19501080034,EveningA,EveningA:G1,C007,2026-07-28T14:26:08.344Z,valid,1.97,12.1,True
20260728-1619-work2home-19501080034,EveningA,HomeFosh:G2,C070,2026-07-28T14:26:18.727Z,wrong_direction,172.77,19.57,False
20260728-1619-work2home-19501080034,EveningA,Morning:G2,C003,2026-07-28T14:31:24.522Z,wrong_direction,178.77,17.26,False
20260728-1619-work2home-19501080034,EveningA,EveningA:G2,C008,2026-07-28T14:31:44.370Z,valid,5.57,20.34,True
20260728-1619-work2home-19501080034,EveningA,HomeStationViaFosh:G1,C046,2026-07-28T14:32:57.494Z,wrong_direction,179.15,19.17,False
20260728-1619-work2home-19501080034,EveningA,StationHomePreferred:G3,C052,2026-07-28T14:33:05.624Z,valid,0.2,19.95,False
20260728-1619-work2home-19501080034,EveningA,HomeStationPreferred:G1,C042,2026-07-28T14:33:06.921Z,wrong_direction,177.82,18.19,False
20260728-1619-work2home-19501080034,EveningA,HomeFosh:G1,C069,2026-07-28T14:33:38.081Z,wrong_direction,153.13,13.72,False
20260728-1619-work2home-19501080034,EveningA,EveningA:G3,C009,2026-07-28T14:35:26.885Z,valid,4.15,17.6,True
20260728-1619-work2home-19501080034,EveningA,Morning:G1,C002,2026-07-28T14:36:04.991Z,wrong_direction,178.88,18.77,False
20260728-1619-work2home-19501080034,EveningA,HomeStationPreferred:START,C041,2026-07-28T14:41:02.576Z,wrong_direction,176.55,14.01,False
20260728-1619-work2home-19501080034,EveningA,HomeChurch:START,C041,2026-07-28T14:41:04.188Z,wrong_direction,178.2,14.02,False
20260728-1619-work2home-19501080034,EveningA,HomeFosh:START,C041,2026-07-28T14:41:08.863Z,wrong_direction,179.42,14.48,False
20260728-1619-work2home-19501080034,EveningA,HomeStationViaFosh:START,C041,2026-07-28T14:41:09.890Z,wrong_direction,178.6,15.2,False
20260728-1619-work2home-19501080034,EveningA,StationHomePreferred:FINISH,C053,2026-07-28T14:41:13.955Z,valid,0.86,15.12,False
20260728-1619-work2home-19501080034,EveningA,FoshHome:FINISH,C053,2026-07-28T14:41:19.300Z,valid,0.36,14.48,False
20260728-1619-work2home-19501080034,EveningA,Morning:START,C001,2026-07-28T14:41:34.286Z,wrong_direction,179.63,14.86,False
20260728-1619-work2home-19501080034,EveningA,EveningA:FINISH,C010,2026-07-28T14:41:35.422Z,valid,5.39,15.12,True
20260728-1619-work2home-19501080034,EveningA,ChurchHome:FINISH,C010,2026-07-28T14:41:37.834Z,valid,8.05,13.52,False
20260729-0956-home2work-19511512652,Morning,ChurchHome:FINISH,C010,2026-07-29T07:56:45.520Z,wrong_direction,179.84,20.51,False
20260729-0956-home2work-19511512652,Morning,EveningA:FINISH,C010,2026-07-29T07:56:47.126Z,wrong_direction,174.86,23.09,False
20260729-0956-home2work-19511512652,Morning,Morning:START,C001,2026-07-29T07:56:47.860Z,valid,1.28,23.09,True
20260729-0956-home2work-19511512652,Morning,FoshHome:FINISH,C053,2026-07-29T07:56:57.149Z,wrong_direction,179.28,23.62,False
20260729-0956-home2work-19511512652,Morning,StationHomePreferred:FINISH,C053,2026-07-29T07:57:00.480Z,wrong_direction,179.83,22.07,False
20260729-0956-home2work-19511512652,Morning,HomeStationViaFosh:START,C041,2026-07-29T07:57:03.266Z,valid,1.7,23.25,False
20260729-0956-home2work-19511512652,Morning,HomeFosh:START,C041,2026-07-29T07:57:03.935Z,valid,2.5,23.25,False
20260729-0956-home2work-19511512652,Morning,HomeChurch:START,C041,2026-07-29T07:57:06.765Z,valid,0.9,23.36,False
20260729-0956-home2work-19511512652,Morning,HomeStationPreferred:START,C041,2026-07-29T07:57:07.687Z,valid,2.86,24.06,False
20260729-0956-home2work-19511512652,Morning,Morning:G1,C002,2026-07-29T08:07:20.857Z,valid,1.6,22.68,True
20260729-0956-home2work-19511512652,Morning,EveningA:G3,C009,2026-07-29T08:07:50.781Z,wrong_direction,174.96,23.45,False
20260729-0956-home2work-19511512652,Morning,HomeFosh:G1,C069,2026-07-29T08:09:12.844Z,valid,10.24,23.5,False
20260729-0956-home2work-19511512652,Morning,HomeStationPreferred:G1,C042,2026-07-29T08:09:37.903Z,valid,0.21,22.53,False
20260729-0956-home2work-19511512652,Morning,StationHomePreferred:G3,C052,2026-07-29T08:09:39.035Z,wrong_direction,179.39,22.33,False
20260729-0956-home2work-19511512652,Morning,HomeStationViaFosh:G1,C046,2026-07-29T08:09:46.113Z,valid,3.71,23.3,False
20260729-0956-home2work-19511512652,Morning,EveningA:G2,C008,2026-07-29T08:10:42.829Z,wrong_direction,176.93,22.69,False
20260729-0956-home2work-19511512652,Morning,Morning:G2,C003,2026-07-29T08:10:59.090Z,valid,4.6,21.94,True
20260729-0956-home2work-19511512652,Morning,HomeFosh:G2,C070,2026-07-29T08:14:45.883Z,valid,0.09,21.18,False
20260729-0956-home2work-19511512652,Morning,EveningA:G1,C007,2026-07-29T08:14:52.866Z,wrong_direction,178.07,20.18,False
20260729-0956-home2work-19511512652,Morning,Morning:G3,C004,2026-07-29T08:15:18.004Z,valid,7.87,28.79,True
20260729-0956-home2work-19511512652,Morning,StationHomePreferred:G2,C051,2026-07-29T08:15:28.623Z,wrong_direction,132.09,21.65,False
20260729-0956-home2work-19511512652,Morning,HomeStationPreferred:G2,C043,2026-07-29T08:15:28.779Z,valid,45.53,21.65,False
20260729-0956-home2work-19511512652,Morning,HomeStationViaFosh:G2,C047,2026-07-29T08:15:56.051Z,valid,3.03,23.07,False
20260729-0956-home2work-19511512652,Morning,EveningA:START,C006,2026-07-29T08:18:31.062Z,wrong_direction,165.22,22.73,False
20260729-0956-home2work-19511512652,Morning,Morning:FINISH,C005,2026-07-29T08:18:48.898Z,valid,1.57,18.72,True
20260730-1834-work2home-19531457200,EveningA,Morning:FINISH,C005,2026-07-30T16:34:31.528Z,wrong_direction,173.75,15.93,False
20260730-1834-work2home-19531457200,EveningA,EveningA:START,C006,2026-07-30T16:34:51.596Z,valid,21.48,19.43,True
20260730-1834-work2home-19531457200,EveningA,HomeStationViaFosh:G2,C047,2026-07-30T16:37:50.325Z,wrong_direction,177.88,23.22,False
20260730-1834-work2home-19531457200,EveningA,HomeStationPreferred:G2,C043,2026-07-30T16:38:16.660Z,wrong_direction,158.2,19.88,False
20260730-1834-work2home-19531457200,EveningA,StationHomePreferred:G2,C051,2026-07-30T16:38:16.790Z,valid,24.18,19.88,False
20260730-1834-work2home-19531457200,EveningA,Morning:G3,C004,2026-07-30T16:38:30.447Z,wrong_direction,176.87,19.93,False
20260730-1834-work2home-19531457200,EveningA,EveningA:G1,C007,2026-07-30T16:38:56.556Z,valid,1.3,23.38,True
20260730-1834-work2home-19531457200,EveningA,HomeFosh:G2,C070,2026-07-30T16:39:03.346Z,wrong_direction,178.57,17.77,False
20260730-1834-work2home-19531457200,EveningA,Morning:G2,C003,2026-07-30T16:43:05.464Z,wrong_direction,177.7,20.73,False
20260730-1834-work2home-19531457200,EveningA,EveningA:G2,C008,2026-07-30T16:43:22.436Z,valid,2.73,20.75,True
20260730-1834-work2home-19531457200,EveningA,HomeStationViaFosh:G1,C046,2026-07-30T16:44:22.889Z,wrong_direction,175.86,20.87,False
20260730-1834-work2home-19531457200,EveningA,StationHomePreferred:G3,C052,2026-07-30T16:44:30.637Z,valid,0.63,21.04,False
20260730-1834-work2home-19531457200,EveningA,HomeStationPreferred:G1,C042,2026-07-30T16:44:31.815Z,wrong_direction,179.77,20.4,False
20260730-1834-work2home-19531457200,EveningA,HomeFosh:G1,C069,2026-07-30T16:44:58.370Z,wrong_direction,172.43,20.45,False
20260730-1834-work2home-19531457200,EveningA,EveningA:G3,C009,2026-07-30T16:46:29.241Z,valid,1.17,19.41,True
20260730-1834-work2home-19531457200,EveningA,Morning:G1,C002,2026-07-30T16:47:06.904Z,wrong_direction,179.19,17.83,False
20260730-1834-work2home-19531457200,EveningA,HomeStationPreferred:START,C041,2026-07-30T16:50:31.664Z,wrong_direction,179.6,20.14,False
20260730-1834-work2home-19531457200,EveningA,HomeChurch:START,C041,2026-07-30T16:50:32.736Z,wrong_direction,176.95,20.65,False
20260730-1834-work2home-19531457200,EveningA,HomeFosh:START,C041,2026-07-30T16:50:36.143Z,wrong_direction,177.68,20.41,False
20260730-1834-work2home-19531457200,EveningA,HomeStationViaFosh:START,C041,2026-07-30T16:50:36.903Z,wrong_direction,178.48,20.41,False
20260730-1834-work2home-19531457200,EveningA,StationHomePreferred:FINISH,C053,2026-07-30T16:50:40.030Z,valid,0.82,19.32,False
20260730-1834-work2home-19531457200,EveningA,FoshHome:FINISH,C053,2026-07-30T16:50:44.119Z,valid,3.96,20.61,False
20260730-1834-work2home-19531457200,EveningA,Morning:START,C001,2026-07-30T16:50:55.132Z,wrong_direction,179.29,20.91,False
20260730-1834-work2home-19531457200,EveningA,EveningA:FINISH,C010,2026-07-30T16:50:55.955Z,valid,4.57,20.91,True
20260730-1834-work2home-19531457200,EveningA,ChurchHome:FINISH,C010,2026-07-30T16:50:57.744Z,valid,3.7,18.58,False
20260731-1034-home2work-19539495549,Morning,ChurchHome:FINISH,C010,2026-07-31T08:35:17.462Z,wrong_direction,173.52,21.82,False
20260731-1034-home2work-19539495549,Morning,EveningA:FINISH,C010,2026-07-31T08:35:19.029Z,wrong_direction,171.81,21.79,False
20260731-1034-home2work-19539495549,Morning,Morning:START,C001,2026-07-31T08:35:19.816Z,valid,4.33,21.79,True
20260731-1034-home2work-19539495549,Morning,FoshHome:FINISH,C053,2026-07-31T08:35:31.049Z,wrong_direction,179.22,20.07,False
20260731-1034-home2work-19539495549,Morning,StationHomePreferred:FINISH,C053,2026-07-31T08:35:35.145Z,wrong_direction,179.23,17.58,False
20260731-1034-home2work-19539495549,Morning,HomeStationViaFosh:START,C041,2026-07-31T08:35:40.143Z,valid,4.86,12.1,False
20260731-1034-home2work-19539495549,Morning,HomeFosh:START,C041,2026-07-31T08:35:41.351Z,valid,4.91,14.97,False
20260731-1034-home2work-19539495549,Morning,HomeChurch:START,C041,2026-07-31T08:35:44.984Z,valid,0.7,22.07,False
20260731-1034-home2work-19539495549,Morning,HomeStationPreferred:START,C041,2026-07-31T08:35:45.925Z,valid,2.84,23.42,False
20260731-1034-home2work-19539495549,Morning,Morning:G1,C002,2026-07-31T08:38:42.200Z,valid,0.97,24.4,True
20260731-1034-home2work-19539495549,Morning,EveningA:G3,C009,2026-07-31T08:39:10.974Z,wrong_direction,176.5,24.48,False
20260731-1034-home2work-19539495549,Morning,HomeFosh:G1,C069,2026-07-31T08:40:27.995Z,valid,8.07,23.97,False
20260731-1034-home2work-19539495549,Morning,HomeStationPreferred:G1,C042,2026-07-31T08:40:51.494Z,valid,0.59,23.37,False
20260731-1034-home2work-19539495549,Morning,StationHomePreferred:G3,C052,2026-07-31T08:40:52.513Z,wrong_direction,179.46,24.22,False
20260731-1034-home2work-19539495549,Morning,HomeStationViaFosh:G1,C046,2026-07-31T08:40:59.094Z,valid,0.79,24.77,False
20260731-1034-home2work-19539495549,Morning,EveningA:G2,C008,2026-07-31T08:41:51.066Z,wrong_direction,172.44,25.4,False
20260731-1034-home2work-19539495549,Morning,Morning:G2,C003,2026-07-31T08:42:06.260Z,valid,2.51,23.27,True
20260731-1034-home2work-19539495549,Morning,HomeFosh:G2,C070,2026-07-31T08:45:34.747Z,valid,15.18,23.27,False
20260731-1034-home2work-19539495549,Morning,EveningA:G1,C007,2026-07-31T08:45:41.129Z,wrong_direction,179.55,24.14,False
20260731-1034-home2work-19539495549,Morning,Morning:G3,C004,2026-07-31T08:46:05.258Z,valid,3.46,27.36,True
20260731-1034-home2work-19539495549,Morning,StationHomePreferred:G2,C051,2026-07-31T08:46:15.707Z,wrong_direction,135.55,25.26,False
20260731-1034-home2work-19539495549,Morning,HomeStationPreferred:G2,C043,2026-07-31T08:46:15.848Z,valid,42.07,25.26,False
20260731-1034-home2work-19539495549,Morning,HomeStationViaFosh:G2,C047,2026-07-31T08:46:41.567Z,valid,1.05,24.22,False
20260731-1034-home2work-19539495549,Morning,EveningA:START,C006,2026-07-31T08:49:20.297Z,wrong_direction,161.99,24.61,False
20260731-1034-home2work-19539495549,Morning,Morning:FINISH,C005,2026-07-31T08:49:37.662Z,valid,14.4,18.64,True
20260731-1851-work2home-19545118665,EveningA,Morning:FINISH,C005,2026-07-31T16:51:21.460Z,wrong_direction,174.54,19.43,False
20260731-1851-work2home-19545118665,EveningA,EveningA:START,C006,2026-07-31T16:51:38.445Z,valid,17.9,23.53,True
20260731-1851-work2home-19545118665,EveningA,HomeStationViaFosh:G2,C047,2026-07-31T16:54:12.145Z,wrong_direction,178.65,23.01,False
20260731-1851-work2home-19545118665,EveningA,HomeStationPreferred:G2,C043,2026-07-31T16:54:38.313Z,wrong_direction,142.31,20.65,False
20260731-1851-work2home-19545118665,EveningA,StationHomePreferred:G2,C051,2026-07-31T16:54:38.458Z,valid,40.07,20.65,False
20260731-1851-work2home-19545118665,EveningA,Morning:G3,C004,2026-07-31T16:54:49.191Z,wrong_direction,172.52,22.27,False
20260731-1851-work2home-19545118665,EveningA,EveningA:G1,C007,2026-07-31T16:55:13.388Z,valid,1.69,24.41,True
20260731-1851-work2home-19545118665,EveningA,HomeFosh:G2,C070,2026-07-31T16:55:19.614Z,wrong_direction,176.43,23.07,False
20260731-1851-work2home-19545118665,EveningA,Morning:G2,C003,2026-07-31T16:58:52.449Z,wrong_direction,176.71,24.23,False
20260731-1851-work2home-19545118665,EveningA,EveningA:G2,C008,2026-07-31T16:59:07.804Z,valid,4.44,24.54,True
20260731-1851-work2home-19545118665,EveningA,HomeStationViaFosh:G1,C046,2026-07-31T17:00:00.226Z,wrong_direction,178.37,23.74,False
20260731-1851-work2home-19545118665,EveningA,StationHomePreferred:G3,C052,2026-07-31T17:00:06.920Z,valid,3.65,23.28,False
20260731-1851-work2home-19545118665,EveningA,HomeStationPreferred:G1,C042,2026-07-31T17:00:07.944Z,wrong_direction,176.39,23.72,False
20260731-1851-work2home-19545118665,EveningA,HomeFosh:G1,C069,2026-07-31T17:00:30.933Z,wrong_direction,171.93,23.97,False
20260731-1851-work2home-19545118665,EveningA,EveningA:G3,C009,2026-07-31T17:01:49.826Z,valid,1.72,23.8,True
20260731-1851-work2home-19545118665,EveningA,Morning:G1,C002,2026-07-31T17:02:19.638Z,wrong_direction,178.56,24.24,False
20260731-1851-work2home-19545118665,EveningA,HomeStationPreferred:START,C041,2026-07-31T17:05:12.171Z,wrong_direction,178.99,20.71,False
20260731-1851-work2home-19545118665,EveningA,HomeChurch:START,C041,2026-07-31T17:05:13.219Z,wrong_direction,179.35,21.51,False
20260731-1851-work2home-19545118665,EveningA,HomeFosh:START,C041,2026-07-31T17:05:16.408Z,wrong_direction,178.16,20.6,False
20260731-1851-work2home-19545118665,EveningA,HomeStationViaFosh:START,C041,2026-07-31T17:05:17.157Z,wrong_direction,179.44,20.79,False
20260731-1851-work2home-19545118665,EveningA,StationHomePreferred:FINISH,C053,2026-07-31T17:05:20.153Z,valid,3.41,21.69,False
20260731-1851-work2home-19545118665,EveningA,FoshHome:FINISH,C053,2026-07-31T17:05:23.708Z,valid,0.14,21.62,False
20260731-1851-work2home-19545118665,EveningA,Morning:START,C001,2026-07-31T17:05:33.793Z,wrong_direction,179.42,22.19,False
20260731-1851-work2home-19545118665,EveningA,EveningA:FINISH,C010,2026-07-31T17:05:34.573Z,valid,5.22,22.45,True
20260731-1851-work2home-19545118665,EveningA,ChurchHome:FINISH,C010,2026-07-31T17:05:36.215Z,valid,7.59,19.72,False
20260803-2005-work2home-19586484852,EveningA,Morning:FINISH,C005,2026-08-03T18:05:12.419Z,wrong_direction,170.55,22.78,False
20260803-2005-work2home-19586484852,EveningA,EveningA:START,C006,2026-08-03T18:05:28.548Z,valid,11.32,21.15,True
20260803-2005-work2home-19586484852,EveningA,HomeStationViaFosh:G2,C047,2026-08-03T18:08:01.309Z,wrong_direction,179.95,24.15,False
20260803-2005-work2home-19586484852,EveningA,HomeStationPreferred:G2,C043,2026-08-03T18:08:27.820Z,wrong_direction,150.91,20.93,False
20260803-2005-work2home-19586484852,EveningA,StationHomePreferred:G2,C051,2026-08-03T18:08:27.958Z,valid,31.47,20.93,False
20260803-2005-work2home-19586484852,EveningA,Morning:G3,C004,2026-08-03T18:08:39.861Z,wrong_direction,170.52,24.03,False
20260803-2005-work2home-19586484852,EveningA,EveningA:G1,C007,2026-08-03T18:09:05.935Z,valid,0.18,24.44,True
20260803-2005-work2home-19586484852,EveningA,HomeFosh:G2,C070,2026-08-03T18:09:12.396Z,wrong_direction,178.31,24.55,False
20260803-2005-work2home-19586484852,EveningA,Morning:G2,C003,2026-08-03T18:12:48.218Z,wrong_direction,179.77,22.6,False
20260803-2005-work2home-19586484852,EveningA,EveningA:G2,C008,2026-08-03T18:13:03.647Z,valid,2.63,24.86,True
20260803-2005-work2home-19586484852,EveningA,HomeStationViaFosh:G1,C046,2026-08-03T18:13:55.677Z,wrong_direction,178.77,23.93,False
20260803-2005-work2home-19586484852,EveningA,StationHomePreferred:G3,C052,2026-08-03T18:14:02.324Z,valid,0.2,23.17,False
20260803-2005-work2home-19586484852,EveningA,HomeStationPreferred:G1,C042,2026-08-03T18:14:03.349Z,wrong_direction,178.02,24.57,False
20260803-2005-work2home-19586484852,EveningA,HomeFosh:G1,C069,2026-08-03T18:14:26.479Z,wrong_direction,167.41,25.67,False
20260803-2005-work2home-19586484852,EveningA,EveningA:G3,C009,2026-08-03T18:15:41.417Z,valid,4.36,24.83,True
20260803-2005-work2home-19586484852,EveningA,Morning:G1,C002,2026-08-03T18:16:10.264Z,wrong_direction,179.92,24.25,False
20260803-2005-work2home-19586484852,EveningA,HomeStationPreferred:START,C041,2026-08-03T18:18:59.088Z,wrong_direction,179.73,23.17,False
20260803-2005-work2home-19586484852,EveningA,HomeChurch:START,C041,2026-08-03T18:19:00.038Z,wrong_direction,178.44,22.45,False
20260803-2005-work2home-19586484852,EveningA,HomeFosh:START,C041,2026-08-03T18:19:02.933Z,wrong_direction,177.86,23.62,False
20260803-2005-work2home-19586484852,EveningA,HomeStationViaFosh:START,C041,2026-08-03T18:19:03.618Z,wrong_direction,178.16,22.61,False
20260803-2005-work2home-19586484852,EveningA,StationHomePreferred:FINISH,C053,2026-08-03T18:19:06.422Z,valid,0.37,23.36,False
20260803-2005-work2home-19586484852,EveningA,FoshHome:FINISH,C053,2026-08-03T18:19:09.676Z,valid,1.43,23.89,False
20260803-2005-work2home-19586484852,EveningA,Morning:START,C001,2026-08-03T18:19:19.138Z,wrong_direction,179.33,23.42,False
20260803-2005-work2home-19586484852,EveningA,EveningA:FINISH,C010,2026-08-03T18:19:19.865Z,valid,3.19,23.42,True
20260803-2005-work2home-19586484852,EveningA,ChurchHome:FINISH,C010,2026-08-03T18:19:21.345Z,valid,2.77,22.5,False
20260804-0944-home2work-19593459794,Morning,ChurchHome:FINISH,C010,2026-08-04T07:44:57.095Z,wrong_direction,172.92,18.42,False
20260804-0944-home2work-19593459794,Morning,EveningA:FINISH,C010,2026-08-04T07:44:58.916Z,wrong_direction,178.52,19.07,False
20260804-0944-home2work-19593459794,Morning,Morning:START,C001,2026-08-04T07:44:59.803Z,valid,2.7,19.5,True
20260804-0944-home2work-19593459794,Morning,FoshHome:FINISH,C053,2026-08-04T07:45:11.757Z,wrong_direction,177.63,20.05,False
20260804-0944-home2work-19593459794,Morning,StationHomePreferred:FINISH,C053,2026-08-04T07:45:15.488Z,wrong_direction,176.18,19.31,False
20260804-0944-home2work-19593459794,Morning,HomeStationViaFosh:START,C041,2026-08-04T07:45:18.558Z,valid,0.0,21.62,False
20260804-0944-home2work-19593459794,Morning,HomeFosh:START,C041,2026-08-04T07:45:19.290Z,valid,0.77,20.46,False
20260804-0944-home2work-19593459794,Morning,HomeChurch:START,C041,2026-08-04T07:45:22.359Z,valid,4.75,22.73,False
20260804-0944-home2work-19593459794,Morning,HomeStationPreferred:START,C041,2026-08-04T07:45:23.303Z,valid,1.03,24.38,False
20260804-0944-home2work-19593459794,Morning,Morning:G1,C002,2026-08-04T07:48:17.377Z,valid,0.54,24.41,True
20260804-0944-home2work-19593459794,Morning,EveningA:G3,C009,2026-08-04T07:48:46.276Z,wrong_direction,175.85,24.19,False
20260804-0944-home2work-19593459794,Morning,HomeFosh:G1,C069,2026-08-04T07:50:03.125Z,valid,10.37,23.03,False
20260804-0944-home2work-19593459794,Morning,HomeStationPreferred:G1,C042,2026-08-04T07:50:27.027Z,valid,0.56,23.42,False
20260804-0944-home2work-19593459794,Morning,StationHomePreferred:G3,C052,2026-08-04T07:50:28.064Z,wrong_direction,179.8,22.53,False
20260804-0944-home2work-19593459794,Morning,HomeStationViaFosh:G1,C046,2026-08-04T07:50:34.928Z,valid,1.02,23.17,False
20260804-0944-home2work-19593459794,Morning,EveningA:G2,C008,2026-08-04T07:51:27.790Z,wrong_direction,169.79,22.28,False
20260804-0944-home2work-19593459794,Morning,Morning:G2,C003,2026-08-04T07:51:43.005Z,valid,3.65,24.71,True
20260804-0944-home2work-19593459794,Morning,HomeFosh:G2,C070,2026-08-04T07:55:16.341Z,valid,6.42,20.71,False
20260804-0944-home2work-19593459794,Morning,EveningA:G1,C007,2026-08-04T07:55:22.964Z,wrong_direction,176.77,20.79,False
20260804-0944-home2work-19593459794,Morning,Morning:G3,C004,2026-08-04T07:55:46.630Z,valid,11.26,28.76,True
20260804-0944-home2work-19593459794,Morning,StationHomePreferred:G2,C051,2026-08-04T07:55:57.715Z,wrong_direction,136.88,20.6,False
20260804-0944-home2work-19593459794,Morning,HomeStationPreferred:G2,C043,2026-08-04T07:55:57.884Z,valid,40.74,20.6,False
20260804-0944-home2work-19593459794,Morning,HomeStationViaFosh:G2,C047,2026-08-04T07:56:24.940Z,valid,1.96,23.41,False
20260804-0944-home2work-19593459794,Morning,EveningA:START,C006,2026-08-04T07:59:00.202Z,wrong_direction,163.84,23.86,False
20260804-0944-home2work-19593459794,Morning,Morning:FINISH,C005,2026-08-04T07:59:17.982Z,valid,16.08,17.25,True
20260804-0944-home2work-19593459794,Morning,WorkChurchA:START,C054,2026-08-04T07:59:37.512Z,valid,11.79,19.98,False
20260804-0944-home2work-19593459794,Morning,WorkChurchB:START,C035,2026-08-04T07:59:38.122Z,valid,55.33,19.04,False
20260804-0944-home2work-19593459794,Morning,WorkChurchB:START,C035,2026-08-04T07:59:44.694Z,wrong_direction,174.69,14.22,False
20260804-0944-home2work-19593459794,Morning,StationWorkAlt:FINISH,C035,2026-08-04T07:59:47.677Z,wrong_direction,177.93,23.21,False
20260804-1859-work2home-19608991543,EveningA,StationWorkAlt:FINISH,C035,2026-08-04T16:59:53.629Z,valid,19.87,28.6,False
20260804-1859-work2home-19608991543,EveningA,WorkChurchB:START,C035,2026-08-04T16:59:57.376Z,valid,18.84,24.04,False
20260804-1859-work2home-19608991543,EveningA,WorkChurchB:START,C035,2026-08-04T17:00:03.474Z,wrong_direction,118.29,25.81,False
20260804-1859-work2home-19608991543,EveningA,WorkChurchA:START,C054,2026-08-04T17:00:03.497Z,wrong_direction,177.42,25.81,False
20260804-1859-work2home-19608991543,EveningA,Morning:FINISH,C005,2026-08-04T17:00:20.818Z,wrong_direction,174.51,21.98,False
20260804-1859-work2home-19608991543,EveningA,EveningA:START,C006,2026-08-04T17:00:36.417Z,valid,17.65,23.3,True
20260804-1859-work2home-19608991543,EveningA,HomeStationViaFosh:G2,C047,2026-08-04T17:03:12.478Z,wrong_direction,179.44,23.69,False
20260804-1859-work2home-19608991543,EveningA,HomeStationPreferred:G2,C043,2026-08-04T17:03:38.572Z,wrong_direction,147.55,20.5,False
20260804-1859-work2home-19608991543,EveningA,StationHomePreferred:G2,C051,2026-08-04T17:03:38.716Z,valid,34.83,20.5,False
20260804-1859-work2home-19608991543,EveningA,Morning:G3,C004,2026-08-04T17:03:49.912Z,wrong_direction,179.83,28.94,False
20260804-1859-work2home-19608991543,EveningA,EveningA:G1,C007,2026-08-04T17:04:14.006Z,valid,3.32,22.83,True
20260804-1859-work2home-19608991543,EveningA,HomeFosh:G2,C070,2026-08-04T17:04:20.386Z,wrong_direction,177.55,26.0,False
20260804-1859-work2home-19608991543,EveningA,Morning:G2,C003,2026-08-04T17:07:54.788Z,wrong_direction,178.51,21.43,False
20260804-1859-work2home-19608991543,EveningA,EveningA:G2,C008,2026-08-04T17:08:10.807Z,valid,5.35,23.6,True
20260804-1859-work2home-19608991543,EveningA,HomeStationViaFosh:G1,C046,2026-08-04T17:09:03.397Z,wrong_direction,176.72,22.98,False
20260804-1859-work2home-19608991543,EveningA,StationHomePreferred:G3,C052,2026-08-04T17:09:10.514Z,valid,1.81,22.39,False
20260804-1859-work2home-19608991543,EveningA,HomeStationPreferred:G1,C042,2026-08-04T17:09:11.592Z,wrong_direction,179.02,22.58,False
20260804-1859-work2home-19608991543,EveningA,HomeFosh:G1,C069,2026-08-04T17:09:35.791Z,wrong_direction,172.39,23.62,False
20260804-1859-work2home-19608991543,EveningA,EveningA:G3,C009,2026-08-04T17:10:56.581Z,valid,5.48,23.62,True
20260804-1859-work2home-19608991543,EveningA,Morning:G1,C002,2026-08-04T17:11:26.799Z,wrong_direction,179.89,23.15,False
20260804-1859-work2home-19608991543,EveningA,HomeStationPreferred:START,C041,2026-08-04T17:14:20.137Z,wrong_direction,178.3,23.48,False
20260804-1859-work2home-19608991543,EveningA,HomeChurch:START,C041,2026-08-04T17:14:21.079Z,wrong_direction,178.96,21.62,False
20260804-1859-work2home-19608991543,EveningA,HomeFosh:START,C041,2026-08-04T17:14:24.130Z,wrong_direction,180.0,21.36,False
20260804-1859-work2home-19608991543,EveningA,HomeStationViaFosh:START,C041,2026-08-04T17:14:24.856Z,wrong_direction,179.2,21.36,False
20260804-1859-work2home-19608991543,EveningA,StationHomePreferred:FINISH,C053,2026-08-04T17:14:27.611Z,valid,2.69,22.06,False
20260804-1859-work2home-19608991543,EveningA,FoshHome:FINISH,C053,2026-08-04T17:14:31.057Z,valid,2.15,22.43,False
20260804-1859-work2home-19608991543,EveningA,Morning:START,C001,2026-08-04T17:14:40.971Z,wrong_direction,179.75,22.58,False
20260804-1859-work2home-19608991543,EveningA,EveningA:FINISH,C010,2026-08-04T17:14:41.710Z,valid,4.73,23.29,True
20260804-1859-work2home-19608991543,EveningA,ChurchHome:FINISH,C010,2026-08-04T17:14:43.327Z,valid,3.5,19.53,False
20260805-1034-home2work-19609112346,Morning,FoshHome:FINISH,C053,2026-08-05T08:34:54.172Z,wrong_direction,178.76,20.26,False
20260805-1034-home2work-19609112346,Morning,StationHomePreferred:FINISH,C053,2026-08-05T08:34:57.610Z,wrong_direction,178.75,24.38,False
20260805-1034-home2work-19609112346,Morning,HomeStationViaFosh:START,C041,2026-08-05T08:35:00.170Z,valid,1.31,25.18,False
20260805-1034-home2work-19609112346,Morning,HomeFosh:START,C041,2026-08-05T08:35:00.787Z,valid,2.11,25.18,False
20260805-1034-home2work-19609112346,Morning,HomeChurch:START,C041,2026-08-05T08:35:03.515Z,valid,3.26,24.51,False
20260805-1034-home2work-19609112346,Morning,HomeStationPreferred:START,C041,2026-08-05T08:35:04.422Z,valid,1.36,23.93,False
20260805-1034-home2work-19609112346,Morning,Morning:G1,C002,2026-08-05T08:37:46.452Z,valid,0.4,24.88,True
20260805-1034-home2work-19609112346,Morning,EveningA:G3,C009,2026-08-05T08:38:15.471Z,wrong_direction,175.63,23.73,False
20260805-1034-home2work-19609112346,Morning,HomeFosh:G1,C069,2026-08-05T08:39:30.988Z,valid,6.5,24.34,False
20260805-1034-home2work-19609112346,Morning,HomeStationPreferred:G1,C042,2026-08-05T08:39:53.728Z,valid,0.54,24.06,False
20260805-1034-home2work-19609112346,Morning,StationHomePreferred:G3,C052,2026-08-05T08:39:54.754Z,wrong_direction,179.03,23.42,False
20260805-1034-home2work-19609112346,Morning,HomeStationViaFosh:G1,C046,2026-08-05T08:40:01.254Z,valid,3.34,24.72,False
20260805-1034-home2work-19609112346,Morning,EveningA:G2,C008,2026-08-05T08:40:52.457Z,wrong_direction,173.06,28.89,False
20260805-1034-home2work-19609112346,Morning,Morning:G2,C003,2026-08-05T08:41:07.459Z,valid,2.37,24.61,True
20260805-1034-home2work-19609112346,Morning,HomeFosh:G2,C070,2026-08-05T08:44:40.323Z,valid,1.83,26.28,False
20260805-1034-home2work-19609112346,Morning,EveningA:G1,C007,2026-08-05T08:44:46.474Z,wrong_direction,177.28,27.84,False
20260805-1034-home2work-19609112346,Morning,Morning:G3,C004,2026-08-05T08:45:10.327Z,valid,1.14,26.46,True
20260805-1034-home2work-19609112346,Morning,StationHomePreferred:G2,C051,2026-08-05T08:45:20.418Z,wrong_direction,137.78,23.36,False
20260805-1034-home2work-19609112346,Morning,HomeStationPreferred:G2,C043,2026-08-05T08:45:20.567Z,valid,39.84,23.36,False
20260805-1034-home2work-19609112346,Morning,HomeStationViaFosh:G2,C047,2026-08-05T08:45:47.396Z,valid,1.64,22.75,False
20260805-1034-home2work-19609112346,Morning,EveningA:START,C006,2026-08-05T08:48:18.998Z,wrong_direction,162.72,23.92,False
20260805-1034-home2work-19609112346,Morning,Morning:FINISH,C005,2026-08-05T08:48:35.533Z,valid,5.67,18.57,True
20260805-1034-home2work-19609112346,Morning,WorkChurchB:START,C035,2026-08-05T08:48:55.752Z,valid,73.29,19.5,False
20260805-1034-home2work-19609112346,Morning,WorkChurchA:START,C054,2026-08-05T08:48:56.009Z,valid,4.08,21.41,False
20260805-1034-home2work-19609112346,Morning,WorkChurchB:START,C035,2026-08-05T08:49:03.175Z,wrong_direction,176.8,16.45,False
20260805-1034-home2work-19609112346,Morning,StationWorkAlt:FINISH,C035,2026-08-05T08:49:06.605Z,wrong_direction,179.06,19.79,False
20260805-1852-work2home-19615380701,EveningA,Morning:FINISH,C005,2026-08-05T16:53:14.199Z,wrong_direction,172.2,20.86,False
20260805-1852-work2home-19615380701,EveningA,EveningA:START,C006,2026-08-05T16:53:30.620Z,valid,21.43,45.62,True
20260805-1852-work2home-19615380701,EveningA,HomeStationViaFosh:G2,C047,2026-08-05T16:56:43.315Z,wrong_direction,179.87,49.62,False
20260805-1852-work2home-19615380701,EveningA,HomeStationPreferred:G2,C043,2026-08-05T16:57:07.833Z,wrong_direction,166.77,42.96,False
20260805-1852-work2home-19615380701,EveningA,StationHomePreferred:G2,C051,2026-08-05T16:57:07.889Z,valid,15.61,42.96,False
20260805-1852-work2home-19615380701,EveningA,Morning:G3,C004,2026-08-05T16:57:18.654Z,wrong_direction,179.17,23.9,False
20260805-1852-work2home-19615380701,EveningA,EveningA:G1,C007,2026-08-05T16:57:42.905Z,valid,0.58,13.17,True
20260805-1852-work2home-19615380701,EveningA,HomeFosh:G2,C070,2026-08-05T16:57:48.824Z,wrong_direction,177.92,12.6,False
20260805-1852-work2home-19615380701,EveningA,Morning:G2,C003,2026-08-05T17:01:16.471Z,wrong_direction,178.94,49.84,False
20260805-1852-work2home-19615380701,EveningA,EveningA:G2,C008,2026-08-05T17:01:31.533Z,valid,4.44,12.27,True
20260805-1852-work2home-19615380701,EveningA,HomeStationViaFosh:G1,C046,2026-08-05T17:02:23.732Z,wrong_direction,178.77,23.93,False
20260805-1852-work2home-19615380701,EveningA,StationHomePreferred:G3,C052,2026-08-05T17:02:30.310Z,valid,0.2,23.82,False
20260805-1852-work2home-19615380701,EveningA,HomeStationPreferred:G1,C042,2026-08-05T17:02:31.683Z,wrong_direction,179.42,11.39,False
20260805-1852-work2home-19615380701,EveningA,HomeFosh:G1,C069,2026-08-05T17:02:54.819Z,wrong_direction,179.35,26.44,False
20260805-1852-work2home-19615380701,EveningA,EveningA:G3,C009,2026-08-05T17:04:12.397Z,valid,2.0,24.44,True
20260805-1852-work2home-19615380701,EveningA,Morning:G1,C002,2026-08-05T17:04:41.294Z,wrong_direction,178.67,23.77,False
20260805-1852-work2home-19615380701,EveningA,HomeStationPreferred:START,C041,2026-08-05T17:07:35.565Z,wrong_direction,179.71,21.62,False
20260805-1852-work2home-19615380701,EveningA,HomeChurch:START,C041,2026-08-05T17:07:37.145Z,wrong_direction,179.74,10.94,False
20260805-1852-work2home-19615380701,EveningA,HomeFosh:START,C041,2026-08-05T17:07:39.705Z,wrong_direction,179.64,21.81,False
20260805-1852-work2home-19615380701,EveningA,HomeStationViaFosh:START,C041,2026-08-05T17:07:40.436Z,wrong_direction,179.44,20.79,False
20260805-1852-work2home-19615380701,EveningA,StationHomePreferred:FINISH,C053,2026-08-05T17:07:43.409Z,valid,0.29,20.69,False
20260805-1852-work2home-19615380701,EveningA,FoshHome:FINISH,C053,2026-08-05T17:07:47.574Z,valid,0.26,42.14,False
20260805-1852-work2home-19615380701,EveningA,Morning:START,C001,2026-08-05T17:07:57.893Z,wrong_direction,179.42,11.1,False
20260805-1852-work2home-19615380701,EveningA,EveningA:FINISH,C010,2026-08-05T17:07:59.235Z,valid,2.42,21.24,True
20260805-1852-work2home-19615380701,EveningA,ChurchHome:FINISH,C010,2026-08-05T17:08:00.876Z,valid,8.05,20.6,False
20260806-0857-home2work-19622830015,Morning,ChurchHome:FINISH,C010,2026-08-06T06:57:54.155Z,wrong_direction,178.15,21.83,False
20260806-0857-home2work-19622830015,Morning,EveningA:FINISH,C010,2026-08-06T06:57:55.751Z,wrong_direction,173.81,21.43,False
20260806-0857-home2work-19622830015,Morning,Morning:START,C001,2026-08-06T06:57:56.521Z,valid,0.87,23.29,True
20260806-0857-home2work-19622830015,Morning,FoshHome:FINISH,C053,2026-08-06T06:58:05.861Z,wrong_direction,179.39,24.26,False
20260806-0857-home2work-19622830015,Morning,StationHomePreferred:FINISH,C053,2026-08-06T06:58:08.976Z,wrong_direction,176.9,24.71,False
20260806-0857-home2work-19622830015,Morning,HomeStationViaFosh:START,C041,2026-08-06T06:58:11.509Z,valid,2.11,24.81,False
20260806-0857-home2work-19622830015,Morning,HomeFosh:START,C041,2026-08-06T06:58:12.133Z,valid,1.84,24.72,False
20260806-0857-home2work-19622830015,Morning,HomeChurch:START,C041,2026-08-06T06:58:14.826Z,valid,1.47,24.83,False
20260806-0857-home2work-19622830015,Morning,HomeStationPreferred:START,C041,2026-08-06T06:58:15.692Z,valid,1.84,25.41,False
20260806-0857-home2work-19622830015,Morning,Morning:G1,C002,2026-08-06T07:00:58.351Z,valid,1.55,24.71,True
20260806-0857-home2work-19622830015,Morning,EveningA:G3,C009,2026-08-06T07:01:27.288Z,wrong_direction,175.85,23.09,False
20260806-0857-home2work-19622830015,Morning,HomeFosh:G1,C069,2026-08-06T07:02:43.683Z,valid,8.7,23.38,False
20260806-0857-home2work-19622830015,Morning,HomeStationPreferred:G1,C042,2026-08-06T07:03:07.065Z,valid,2.41,24.38,False
20260806-0857-home2work-19622830015,Morning,StationHomePreferred:G3,C052,2026-08-06T07:03:08.057Z,wrong_direction,179.8,24.46,False
20260806-0857-home2work-19622830015,Morning,HomeStationViaFosh:G1,C046,2026-08-06T07:03:14.532Z,valid,0.5,23.67,False
20260806-0857-home2work-19622830015,Morning,EveningA:G2,C008,2026-08-06T07:04:05.509Z,wrong_direction,179.18,26.4,False
20260806-0857-home2work-19622830015,Morning,Morning:G2,C003,2026-08-06T07:04:20.382Z,valid,0.42,25.48,True
20260806-0857-home2work-19622830015,Morning,HomeFosh:G2,C070,2026-08-06T07:07:50.920Z,valid,1.41,23.34,False
20260806-0857-home2work-19622830015,Morning,EveningA:G1,C007,2026-08-06T07:07:57.172Z,wrong_direction,179.74,24.61,False
20260806-0857-home2work-19622830015,Morning,Morning:G3,C004,2026-08-06T07:08:20.635Z,valid,1.93,26.75,True
20260806-0857-home2work-19622830015,Morning,StationHomePreferred:G2,C051,2026-08-06T07:08:30.951Z,wrong_direction,136.88,20.6,False
20260806-0857-home2work-19622830015,Morning,HomeStationPreferred:G2,C043,2026-08-06T07:08:31.098Z,valid,35.12,21.2,False
20260806-0857-home2work-19622830015,Morning,HomeStationViaFosh:G2,C047,2026-08-06T07:08:58.182Z,valid,0.97,23.14,False
20260806-0857-home2work-19622830015,Morning,EveningA:START,C006,2026-08-06T07:11:28.201Z,wrong_direction,166.1,23.77,False
20260806-0857-home2work-19622830015,Morning,Morning:FINISH,C005,2026-08-06T07:11:45.840Z,valid,7.05,23.64,True
20260806-0857-home2work-19622830015,Morning,WorkChurchB:START,C035,2026-08-06T07:12:06.804Z,valid,66.02,20.09,False
20260806-0857-home2work-19622830015,Morning,WorkChurchA:START,C054,2026-08-06T07:12:06.965Z,valid,6.9,20.09,False
20260806-0857-home2work-19622830015,Morning,WorkChurchB:START,C035,2026-08-06T07:12:15.542Z,wrong_direction,175.47,13.38,False
20260806-0857-home2work-19622830015,Morning,StationWorkAlt:FINISH,C035,2026-08-06T07:12:18.717Z,wrong_direction,167.1,31.8,False
20260806-1516-work2home-19627136592,EveningA,StationWorkAlt:FINISH,C035,2026-08-06T13:16:15.478Z,valid,27.31,18.75,False
20260806-1516-work2home-19627136592,EveningA,WorkChurchB:START,C035,2026-08-06T13:16:19.078Z,valid,15.34,25.43,False
20260806-1516-work2home-19627136592,EveningA,WorkChurchA:START,C054,2026-08-06T13:16:25.715Z,wrong_direction,169.98,31.06,False
20260806-1516-work2home-19627136592,EveningA,Morning:FINISH,C005,2026-08-06T13:16:40.581Z,wrong_direction,176.88,34.78,False
20260806-1516-work2home-19627136592,EveningA,EveningA:START,C006,2026-08-06T13:16:55.981Z,valid,9.84,23.27,True
20260806-1516-work2home-19627136592,EveningA,HomeStationViaFosh:G2,C047,2026-08-06T13:19:21.679Z,wrong_direction,176.76,24.39,False
20260806-1516-work2home-19627136592,EveningA,HomeStationPreferred:G2,C043,2026-08-06T13:19:46.198Z,wrong_direction,125.39,32.01,False
20260806-1516-work2home-19627136592,EveningA,StationHomePreferred:G2,C051,2026-08-06T13:19:46.327Z,valid,56.99,32.01,False
20260806-1516-work2home-19627136592,EveningA,Morning:G3,C004,2026-08-06T13:19:57.532Z,wrong_direction,172.92,21.01,False
20260806-1516-work2home-19627136592,EveningA,EveningA:G1,C007,2026-08-06T13:20:21.431Z,valid,4.83,27.85,True
20260806-1516-work2home-19627136592,EveningA,HomeFosh:G2,C070,2026-08-06T13:20:27.282Z,wrong_direction,167.22,19.01,False
20260806-1516-work2home-19627136592,EveningA,Morning:G2,C003,2026-08-06T13:23:54.945Z,wrong_direction,178.89,23.84,False
20260806-1516-work2home-19627136592,EveningA,EveningA:G2,C008,2026-08-06T13:24:10.099Z,valid,0.62,28.21,True
20260806-1516-work2home-19627136592,EveningA,HomeStationViaFosh:G1,C046,2026-08-06T13:25:01.227Z,wrong_direction,178.44,24.38,False
20260806-1516-work2home-19627136592,EveningA,StationHomePreferred:G3,C052,2026-08-06T13:25:07.744Z,valid,0.16,24.66,False
20260806-1516-work2home-19627136592,EveningA,HomeStationPreferred:G1,C042,2026-08-06T13:25:08.709Z,wrong_direction,176.23,25.21,False
20260806-1516-work2home-19627136592,EveningA,HomeFosh:G1,C069,2026-08-06T13:25:31.693Z,wrong_direction,172.36,26.79,False
20260806-1516-work2home-19627136592,EveningA,EveningA:G3,C009,2026-08-06T13:26:48.609Z,valid,3.93,24.66,True
20260806-1516-work2home-19627136592,EveningA,Morning:G1,C002,2026-08-06T13:27:17.394Z,wrong_direction,178.45,24.71,False
20260806-1516-work2home-19627136592,EveningA,HomeStationPreferred:START,C041,2026-08-06T13:30:07.105Z,wrong_direction,177.77,24.62,False
20260806-1516-work2home-19627136592,EveningA,HomeChurch:START,C041,2026-08-06T13:30:07.999Z,wrong_direction,178.52,24.62,False
20260806-1516-work2home-19627136592,EveningA,HomeFosh:START,C041,2026-08-06T13:30:10.993Z,wrong_direction,179.2,21.62,False
20260806-1516-work2home-19627136592,EveningA,HomeStationViaFosh:START,C041,2026-08-06T13:30:11.728Z,wrong_direction,173.17,21.31,False
20260806-1516-work2home-19627136592,EveningA,StationHomePreferred:FINISH,C053,2026-08-06T13:30:14.550Z,valid,0.95,21.81,False
20260806-1516-work2home-19627136592,EveningA,FoshHome:FINISH,C053,2026-08-06T13:30:17.901Z,valid,3.58,22.99,False
20260806-1516-work2home-19627136592,EveningA,Morning:START,C001,2026-08-06T13:30:27.535Z,wrong_direction,178.12,21.62,False
20260806-1516-work2home-19627136592,EveningA,EveningA:FINISH,C010,2026-08-06T13:30:28.331Z,valid,5.3,21.81,True
20260806-1516-work2home-19627136592,EveningA,ChurchHome:FINISH,C010,2026-08-06T13:30:29.929Z,valid,5.51,21.17,False
20260807-1732-home2work-19642526095,Morning,ChurchHome:FINISH,C010,2026-08-07T15:33:08.369Z,wrong_direction,174.49,21.17,False
20260807-1732-home2work-19642526095,Morning,EveningA:FINISH,C010,2026-08-07T15:33:09.991Z,wrong_direction,179.3,20.76,False
20260807-1732-home2work-19642526095,Morning,Morning:START,C001,2026-08-07T15:33:10.762Z,valid,1.79,22.26,True
20260807-1732-home2work-19642526095,Morning,FoshHome:FINISH,C053,2026-08-07T15:33:20.111Z,wrong_direction,179.39,24.26,False
20260807-1732-home2work-19642526095,Morning,StationHomePreferred:FINISH,C053,2026-08-07T15:33:23.285Z,wrong_direction,179.47,24.72,False
20260807-1732-home2work-19642526095,Morning,HomeStationViaFosh:START,C041,2026-08-07T15:33:25.859Z,valid,2.67,23.98,False
20260807-1732-home2work-19642526095,Morning,HomeFosh:START,C041,2026-08-07T15:33:26.490Z,valid,2.91,24.81,False
20260807-1732-home2work-19642526095,Morning,HomeChurch:START,C041,2026-08-07T15:33:29.210Z,valid,1.78,24.38,False
20260807-1732-home2work-19642526095,Morning,HomeStationPreferred:START,C041,2026-08-07T15:33:30.113Z,valid,1.75,24.12,False
20260807-1732-home2work-19642526095,Morning,Morning:G1,C002,2026-08-07T15:36:16.177Z,valid,0.99,24.57,True
20260807-1732-home2work-19642526095,Morning,EveningA:G3,C009,2026-08-07T15:36:45.183Z,wrong_direction,176.93,24.31,False
20260807-1732-home2work-19642526095,Morning,HomeFosh:G1,C069,2026-08-07T15:38:01.610Z,valid,0.69,20.96,False
20260807-1732-home2work-19642526095,Morning,HomeStationPreferred:G1,C042,2026-08-07T15:38:24.437Z,valid,2.41,24.38,False
20260807-1732-home2work-19642526095,Morning,StationHomePreferred:G3,C052,2026-08-07T15:38:25.427Z,wrong_direction,177.61,24.57,False
20260807-1732-home2work-19642526095,Morning,HomeStationViaFosh:G1,C046,2026-08-07T15:38:32.035Z,valid,3.58,23.44,False
20260807-1732-home2work-19642526095,Morning,EveningA:G2,C008,2026-08-07T15:39:23.288Z,wrong_direction,173.38,24.38,False
20260807-1732-home2work-19642526095,Morning,Morning:G2,C003,2026-08-07T15:39:37.851Z,valid,2.23,23.76,True
20260807-1732-home2work-19642526095,Morning,HomeFosh:G2,C070,2026-08-07T15:43:08.493Z,valid,4.84,23.62,False
20260807-1732-home2work-19642526095,Morning,EveningA:G1,C007,2026-08-07T15:43:14.731Z,wrong_direction,168.52,27.16,False
20260807-1732-home2work-19642526095,Morning,Morning:G3,C004,2026-08-07T15:43:37.933Z,valid,1.18,30.02,True
20260807-1732-home2work-19642526095,Morning,StationHomePreferred:G2,C051,2026-08-07T15:43:48.476Z,wrong_direction,144.89,24.57,False
20260807-1732-home2work-19642526095,Morning,HomeStationPreferred:G2,C043,2026-08-07T15:43:48.593Z,valid,32.74,24.57,False
20260807-1732-home2work-19642526095,Morning,HomeStationViaFosh:G2,C047,2026-08-07T15:44:14.494Z,valid,0.05,24.15,False
20260807-1732-home2work-19642526095,Morning,EveningA:START,C006,2026-08-07T15:46:43.298Z,wrong_direction,163.58,24.09,False
20260807-1732-home2work-19642526095,Morning,Morning:FINISH,C005,2026-08-07T15:46:59.469Z,valid,1.77,19.81,True
20260807-1732-home2work-19642526095,Morning,WorkChurchB:START,C035,2026-08-07T15:47:17.848Z,valid,62.24,21.71,False
20260807-1732-home2work-19642526095,Morning,WorkChurchA:START,C054,2026-08-07T15:47:18.193Z,valid,8.91,19.08,False
20260807-1732-home2work-19642526095,Morning,WorkChurchB:START,C035,2026-08-07T15:47:25.345Z,wrong_direction,174.65,17.99,False
20260807-1732-home2work-19642526095,Morning,StationWorkAlt:FINISH,C035,2026-08-07T15:47:28.466Z,wrong_direction,175.88,21.44,False
20260807-1847-work2home-19643453356,EveningA,WorkChurchA:START,C054,2026-08-07T16:47:11.436Z,wrong_direction,159.43,31.21,False
20260807-1847-work2home-19643453356,EveningA,WorkChurchB:START,C035,2026-08-07T16:47:11.916Z,wrong_direction,141.44,31.21,False
20260807-1847-work2home-19643453356,EveningA,Morning:FINISH,C005,2026-08-07T16:47:31.064Z,wrong_direction,176.1,23.6,False
20260807-1847-work2home-19643453356,EveningA,EveningA:START,C006,2026-08-07T16:47:46.258Z,valid,15.3,24.04,True
20260807-1847-work2home-19643453356,EveningA,HomeStationViaFosh:G2,C047,2026-08-07T16:50:18.140Z,wrong_direction,179.34,24.55,False
20260807-1847-work2home-19643453356,EveningA,HomeStationPreferred:G2,C043,2026-08-07T16:50:42.974Z,wrong_direction,160.33,23.92,False
20260807-1847-work2home-19643453356,EveningA,StationHomePreferred:G2,C051,2026-08-07T16:50:43.102Z,valid,42.32,22.71,False
20260807-1847-work2home-19643453356,EveningA,Morning:G3,C004,2026-08-07T16:50:53.883Z,wrong_direction,179.64,25.12,False
20260807-1847-work2home-19643453356,EveningA,EveningA:G1,C007,2026-08-07T16:51:17.124Z,valid,0.28,23.34,True
20260807-1847-work2home-19643453356,EveningA,HomeFosh:G2,C070,2026-08-07T16:51:23.454Z,wrong_direction,179.03,26.17,False
20260807-1847-work2home-19643453356,EveningA,Morning:G2,C003,2026-08-07T16:54:50.914Z,wrong_direction,179.12,24.07,False
20260807-1847-work2home-19643453356,EveningA,EveningA:G2,C008,2026-08-07T16:55:05.991Z,valid,7.46,24.55,True
20260807-1847-work2home-19643453356,EveningA,HomeStationViaFosh:G1,C046,2026-08-07T16:55:56.989Z,wrong_direction,177.13,24.18,False
20260807-1847-work2home-19643453356,EveningA,StationHomePreferred:G3,C052,2026-08-07T16:56:03.436Z,valid,0.9,24.42,False
20260807-1847-work2home-19643453356,EveningA,HomeStationPreferred:G1,C042,2026-08-07T16:56:04.426Z,wrong_direction,179.11,24.51,False
20260807-1847-work2home-19643453356,EveningA,HomeFosh:G1,C069,2026-08-07T16:56:27.042Z,wrong_direction,163.36,22.41,False
20260807-1847-work2home-19643453356,EveningA,EveningA:G3,C009,2026-08-07T16:57:43.340Z,valid,4.15,24.19,True
20260807-1847-work2home-19643453356,EveningA,Morning:G1,C002,2026-08-07T16:58:12.627Z,wrong_direction,178.09,24.09,False
20260807-1847-work2home-19643453356,EveningA,HomeStationPreferred:START,C041,2026-08-07T17:01:01.303Z,wrong_direction,179.95,22.71,False
20260807-1847-work2home-19643453356,EveningA,HomeChurch:START,C041,2026-08-07T17:01:02.274Z,wrong_direction,179.49,22.15,False
20260807-1847-work2home-19643453356,EveningA,HomeFosh:START,C041,2026-08-07T17:01:05.334Z,wrong_direction,180.0,21.36,False
20260807-1847-work2home-19643453356,EveningA,HomeStationViaFosh:START,C041,2026-08-07T17:01:06.060Z,wrong_direction,178.16,20.87,False
20260807-1847-work2home-19643453356,EveningA,StationHomePreferred:FINISH,C053,2026-08-07T17:01:08.987Z,valid,1.23,20.71,False
20260807-1847-work2home-19643453356,EveningA,FoshHome:FINISH,C053,2026-08-07T17:01:12.480Z,valid,2.12,24.17,False
20260807-1847-work2home-19643453356,EveningA,Morning:START,C001,2026-08-07T17:01:23.703Z,wrong_direction,178.56,18.67,False
20260807-1847-work2home-19643453356,EveningA,EveningA:FINISH,C010,2026-08-07T17:01:24.648Z,valid,3.91,18.08,True
20260807-1847-work2home-19643453356,EveningA,ChurchHome:FINISH,C010,2026-08-07T17:01:26.578Z,valid,2.48,17.72,False
20260808-0848-home2work-19649577531,Morning,ChurchHome:FINISH,C010,2026-08-08T06:48:16.662Z,wrong_direction,179.87,18.16,False
20260808-0848-home2work-19649577531,Morning,EveningA:FINISH,C010,2026-08-08T06:48:18.491Z,wrong_direction,174.42,19.88,False
20260808-0848-home2work-19649577531,Morning,Morning:START,C001,2026-08-08T06:48:19.338Z,valid,0.58,20.85,True
20260808-0848-home2work-19649577531,Morning,FoshHome:FINISH,C053,2026-08-08T06:48:29.526Z,wrong_direction,179.28,23.62,False
20260808-0848-home2work-19649577531,Morning,StationHomePreferred:FINISH,C053,2026-08-08T06:48:32.694Z,wrong_direction,177.99,24.77,False
20260808-0848-home2work-19649577531,Morning,HomeStationViaFosh:START,C041,2026-08-08T06:48:35.408Z,valid,6.45,23.04,False
20260808-0848-home2work-19649577531,Morning,HomeFosh:START,C041,2026-08-08T06:48:36.089Z,valid,2.34,22.15,False
20260808-0848-home2work-19649577531,Morning,HomeChurch:START,C041,2026-08-08T06:48:39.069Z,valid,3.54,22.13,False
20260808-0848-home2work-19649577531,Morning,HomeStationPreferred:START,C041,2026-08-08T06:48:40.063Z,valid,1.58,22.19,False
20260808-0848-home2work-19649577531,Morning,Morning:G1,C002,2026-08-08T06:51:20.814Z,valid,0.54,24.41,True
20260808-0848-home2work-19649577531,Morning,EveningA:G3,C009,2026-08-08T06:51:49.557Z,wrong_direction,177.12,24.78,False
20260808-0848-home2work-19649577531,Morning,HomeFosh:G1,C069,2026-08-08T06:53:05.524Z,valid,8.7,23.38,False
20260808-0848-home2work-19649577531,Morning,HomeStationPreferred:G1,C042,2026-08-08T06:53:28.520Z,valid,1.55,25.41,False
20260808-0848-home2work-19649577531,Morning,StationHomePreferred:G3,C052,2026-08-08T06:53:29.534Z,wrong_direction,179.01,22.49,False
20260808-0848-home2work-19649577531,Morning,HomeStationViaFosh:G1,C046,2026-08-08T06:53:36.051Z,valid,0.65,24.26,False
20260808-0848-home2work-19649577531,Morning,EveningA:G2,C008,2026-08-08T06:54:27.268Z,wrong_direction,174.88,23.84,False
20260808-0848-home2work-19649577531,Morning,Morning:G2,C003,2026-08-08T06:54:42.194Z,valid,2.11,25.2,True
20260808-0848-home2work-19649577531,Morning,HomeFosh:G2,C070,2026-08-08T06:58:09.514Z,valid,4.26,24.53,False
20260808-0848-home2work-19649577531,Morning,EveningA:G1,C007,2026-08-08T06:58:15.841Z,wrong_direction,179.91,22.87,False
20260808-0848-home2work-19649577531,Morning,Morning:G3,C004,2026-08-08T06:58:39.777Z,valid,6.8,24.04,True
20260808-0848-home2work-19649577531,Morning,StationHomePreferred:G2,C051,2026-08-08T06:58:49.777Z,wrong_direction,139.72,23.67,False
20260808-0848-home2work-19649577531,Morning,HomeStationPreferred:G2,C043,2026-08-08T06:58:49.916Z,valid,37.9,23.67,False
20260808-0848-home2work-19649577531,Morning,HomeStationViaFosh:G2,C047,2026-08-08T06:59:15.554Z,valid,2.24,23.18,False
20260808-0848-home2work-19649577531,Morning,EveningA:START,C006,2026-08-08T07:01:38.864Z,wrong_direction,162.83,24.78,False
20260808-0848-home2work-19649577531,Morning,Morning:FINISH,C005,2026-08-08T07:01:56.015Z,valid,22.31,25.88,True
20260808-0848-home2work-19649577531,Morning,WorkChurchB:START,C035,2026-08-08T07:02:13.080Z,valid,64.48,21.58,False
20260808-0848-home2work-19649577531,Morning,WorkChurchA:START,C054,2026-08-08T07:02:13.698Z,valid,5.35,21.58,False
20260808-0848-home2work-19649577531,Morning,WorkChurchB:START,C035,2026-08-08T07:02:21.014Z,wrong_direction,178.8,22.46,False
20260808-0848-home2work-19649577531,Morning,StationWorkAlt:FINISH,C035,2026-08-08T07:02:23.772Z,wrong_direction,174.12,25.49,False
20260808-1955-work2home-19658451877,EveningA,StationWorkAlt:FINISH,C035,2026-08-08T17:55:20.035Z,valid,5.41,16.42,False
20260808-1955-work2home-19658451877,EveningA,WorkChurchB:START,C035,2026-08-08T17:55:22.404Z,valid,21.62,13.82,False
20260808-1955-work2home-19658451877,EveningA,WorkChurchA:START,C054,2026-08-08T17:55:28.444Z,wrong_direction,153.3,21.58,False
20260808-1955-work2home-19658451877,EveningA,WorkChurchB:START,C035,2026-08-08T17:55:28.824Z,wrong_direction,147.57,21.58,False
20260808-1955-work2home-19658451877,EveningA,Morning:FINISH,C005,2026-08-08T17:55:47.325Z,wrong_direction,177.21,32.38,False
20260808-1955-work2home-19658451877,EveningA,EveningA:START,C006,2026-08-08T17:56:03.415Z,valid,19.93,23.45,True
20260808-1955-work2home-19658451877,EveningA,HomeStationViaFosh:G2,C047,2026-08-08T17:58:35.734Z,wrong_direction,179.33,24.85,False
20260808-1955-work2home-19658451877,EveningA,HomeStationPreferred:G2,C043,2026-08-08T17:59:00.955Z,wrong_direction,161.49,22.93,False
20260808-1955-work2home-19658451877,EveningA,StationHomePreferred:G2,C051,2026-08-08T17:59:01.087Z,valid,39.96,22.58,False
20260808-1955-work2home-19658451877,EveningA,Morning:G3,C004,2026-08-08T17:59:11.842Z,wrong_direction,172.09,22.8,False
20260808-1955-work2home-19658451877,EveningA,EveningA:G1,C007,2026-08-08T17:59:35.358Z,valid,1.71,22.84,True
20260808-1955-work2home-19658451877,EveningA,HomeFosh:G2,C070,2026-08-08T17:59:41.432Z,wrong_direction,178.04,26.3,False
20260808-1955-work2home-19658451877,EveningA,Morning:G2,C003,2026-08-08T18:03:08.888Z,wrong_direction,176.38,23.46,False
20260808-1955-work2home-19658451877,EveningA,EveningA:G2,C008,2026-08-08T18:03:24.177Z,valid,3.76,21.98,True
20260808-1955-work2home-19658451877,EveningA,HomeStationViaFosh:G1,C046,2026-08-08T18:04:16.016Z,wrong_direction,179.35,24.26,False
20260808-1955-work2home-19658451877,EveningA,StationHomePreferred:G3,C052,2026-08-08T18:04:22.542Z,valid,0.54,24.22,False
20260808-1955-work2home-19658451877,EveningA,HomeStationPreferred:G1,C042,2026-08-08T18:04:23.548Z,wrong_direction,179.42,24.02,False
20260808-1955-work2home-19658451877,EveningA,HomeFosh:G1,C069,2026-08-08T18:04:46.229Z,wrong_direction,173.04,24.68,False
20260808-1955-work2home-19658451877,EveningA,EveningA:G3,C009,2026-08-08T18:06:04.400Z,valid,3.47,23.38,True
20260808-1955-work2home-19658451877,EveningA,Morning:G1,C002,2026-08-08T18:06:33.666Z,wrong_direction,178.85,24.11,False
20260808-1955-work2home-19658451877,EveningA,HomeStationPreferred:START,C041,2026-08-08T18:09:19.526Z,wrong_direction,177.91,23.67,False
20260808-1955-work2home-19658451877,EveningA,HomeChurch:START,C041,2026-08-08T18:09:20.443Z,wrong_direction,178.22,24.38,False
20260808-1955-work2home-19658451877,EveningA,HomeFosh:START,C041,2026-08-08T18:09:23.282Z,wrong_direction,178.65,23.17,False
20260808-1955-work2home-19658451877,EveningA,HomeStationViaFosh:START,C041,2026-08-08T18:09:23.953Z,wrong_direction,179.45,23.17,False
20260808-1955-work2home-19658451877,EveningA,StationHomePreferred:FINISH,C053,2026-08-08T18:09:26.640Z,valid,3.06,23.42,False
20260808-1955-work2home-19658451877,EveningA,FoshHome:FINISH,C053,2026-08-08T18:09:29.930Z,valid,5.43,22.28,False
20260808-1955-work2home-19658451877,EveningA,Morning:START,C001,2026-08-08T18:09:39.309Z,wrong_direction,179.19,23.93,False
20260808-1955-work2home-19658451877,EveningA,EveningA:FINISH,C010,2026-08-08T18:09:40.017Z,valid,2.83,22.33,True
20260808-1955-work2home-19658451877,EveningA,ChurchHome:FINISH,C010,2026-08-08T18:09:41.565Z,valid,1.11,20.71,False
20260809-1900-work2home-19677298540,EveningB,StationWorkAlt:FINISH,C035,2026-08-09T17:00:41.461Z,valid,7.86,14.36,False
20260809-1900-work2home-19677298540,EveningB,WorkChurchB:START,C035,2026-08-09T17:00:45.383Z,valid,0.69,22.06,False
20260809-1900-work2home-19677298540,EveningB,MorningB:FINISH,C020,2026-08-09T17:01:10.028Z,wrong_direction,177.4,15.25,False
20260809-1900-work2home-19677298540,EveningB,EveningB:START,C011,2026-08-09T17:01:10.030Z,valid,2.73,15.25,True
20260809-1900-work2home-19677298540,EveningB,EveningB:G1,C012,2026-08-09T17:04:47.647Z,valid,1.06,24.4,True
20260809-1900-work2home-19677298540,EveningB,MorningB:G3,C019,2026-08-09T17:04:47.647Z,wrong_direction,179.33,24.4,False
20260809-1900-work2home-19677298540,EveningB,FoshHome:G2,C075,2026-08-09T17:05:23.582Z,valid,2.4,25.53,False
20260809-1900-work2home-19677298540,EveningB,ChurchHome:G2,C068,2026-08-09T17:07:09.420Z,valid,2.12,23.03,False
20260809-1900-work2home-19677298540,EveningB,EveningB:G2,C013,2026-08-09T17:08:19.590Z,valid,1.36,23.64,True
20260809-1900-work2home-19677298540,EveningB,MorningB:G2,C018,2026-08-09T17:08:19.590Z,wrong_direction,178.64,23.64,False
20260809-1900-work2home-19677298540,EveningB,FoshHome:G3,C076,2026-08-09T17:10:41.204Z,valid,0.3,29.6,False
20260809-1900-work2home-19677298540,EveningB,HomeChurch:G1,C017,2026-08-09T17:11:31.249Z,wrong_direction,179.22,28.66,False
20260809-1900-work2home-19677298540,EveningB,EveningB:G3,C014,2026-08-09T17:11:31.422Z,valid,1.48,28.66,True
20260809-1900-work2home-19677298540,EveningB,MorningB:G1,C017,2026-08-09T17:11:31.426Z,wrong_direction,175.25,28.66,False
20260809-1900-work2home-19677298540,EveningB,ChurchHome:G3,C014,2026-08-09T17:11:33.477Z,valid,0.42,31.46,False
20260809-1900-work2home-19677298540,EveningB,EveningB:FINISH,C015,2026-08-09T17:14:34.564Z,valid,1.63,20.94,True
20260809-1900-work2home-19677298540,EveningB,HomeStationPreferred:START,C041,2026-08-09T17:15:10.529Z,wrong_direction,179.68,22.85,False
20260809-1900-work2home-19677298540,EveningB,HomeChurch:START,C041,2026-08-09T17:15:11.490Z,wrong_direction,179.57,22.85,False
20260809-1900-work2home-19677298540,EveningB,HomeFosh:START,C041,2026-08-09T17:15:14.500Z,wrong_direction,179.06,23.36,False
20260809-1900-work2home-19677298540,EveningB,HomeStationViaFosh:START,C041,2026-08-09T17:15:15.176Z,wrong_direction,179.56,21.81,False
20260809-1900-work2home-19677298540,EveningB,StationHomePreferred:FINISH,C053,2026-08-09T17:15:17.980Z,valid,2.69,22.06,False
20260809-1900-work2home-19677298540,EveningB,FoshHome:FINISH,C053,2026-08-09T17:15:21.528Z,valid,3.52,21.89,False
20260809-1900-work2home-19677298540,EveningB,Morning:START,C001,2026-08-09T17:15:31.536Z,wrong_direction,178.64,22.45,False
20260809-1900-work2home-19677298540,EveningB,EveningA:FINISH,C010,2026-08-09T17:15:32.312Z,valid,4.44,22.19,False
20260809-1900-work2home-19677298540,EveningB,ChurchHome:FINISH,C010,2026-08-09T17:15:33.911Z,valid,0.28,20.83,False
20260810-0923-home2work-19677438031,Morning,ChurchHome:FINISH,C010,2026-08-10T07:23:41.077Z,wrong_direction,178.35,19.64,False
20260810-0923-home2work-19677438031,Morning,EveningA:FINISH,C010,2026-08-10T07:23:42.813Z,wrong_direction,174.42,19.88,False
20260810-0923-home2work-19677438031,Morning,Morning:START,C001,2026-08-10T07:23:43.647Z,valid,1.98,20.98,True
20260810-0923-home2work-19677438031,Morning,FoshHome:FINISH,C053,2026-08-10T07:23:53.527Z,wrong_direction,178.73,22.8,False
20260810-0923-home2work-19677438031,Morning,StationHomePreferred:FINISH,C053,2026-08-10T07:23:56.975Z,wrong_direction,178.55,22.64,False
20260810-0923-home2work-19677438031,Morning,HomeStationViaFosh:START,C041,2026-08-10T07:23:59.805Z,valid,3.66,21.89,False
20260810-0923-home2work-19677438031,Morning,HomeFosh:START,C041,2026-08-10T07:24:00.492Z,valid,2.2,22.8,False
20260810-0923-home2work-19677438031,Morning,HomeChurch:START,C041,2026-08-10T07:24:03.350Z,valid,1.47,24.83,False
20260810-0923-home2work-19677438031,Morning,HomeStationPreferred:START,C041,2026-08-10T07:24:04.238Z,valid,2.13,24.32,False
20260810-0923-home2work-19677438031,Morning,Morning:G1,C002,2026-08-10T07:26:50.698Z,valid,1.31,23.64,True
20260810-0923-home2work-19677438031,Morning,EveningA:G3,C009,2026-08-10T07:27:20.071Z,wrong_direction,179.83,23.78,False
20260810-0923-home2work-19677438031,Morning,HomeFosh:G1,C069,2026-08-10T07:28:38.132Z,valid,3.38,20.41,False
20260810-0923-home2work-19677438031,Morning,HomeStationPreferred:G1,C042,2026-08-10T07:29:02.071Z,valid,0.21,24.46,False
20260810-0923-home2work-19677438031,Morning,StationHomePreferred:G3,C052,2026-08-10T07:29:03.061Z,wrong_direction,178.71,23.98,False
20260810-0923-home2work-19677438031,Morning,HomeStationViaFosh:G1,C046,2026-08-10T07:29:09.747Z,valid,1.4,23.37,False
20260810-0923-home2work-19677438031,Morning,EveningA:G2,C008,2026-08-10T07:30:00.928Z,wrong_direction,171.09,25.98,False
20260810-0923-home2work-19677438031,Morning,Morning:G2,C003,2026-08-10T07:30:15.784Z,valid,2.97,25.01,True
20260810-0923-home2work-19677438031,Morning,HomeFosh:G2,C070,2026-08-10T07:33:43.898Z,valid,1.25,25.47,False
20260810-0923-home2work-19677438031,Morning,EveningA:G1,C007,2026-08-10T07:33:50.604Z,wrong_direction,178.03,25.34,False
20260810-0923-home2work-19677438031,Morning,Morning:G3,C004,2026-08-10T07:34:14.340Z,valid,0.04,27.68,True
20260810-0923-home2work-19677438031,Morning,StationHomePreferred:G2,C051,2026-08-10T07:34:24.518Z,wrong_direction,145.55,22.85,False
20260810-0923-home2work-19677438031,Morning,HomeStationPreferred:G2,C043,2026-08-10T07:34:24.655Z,valid,32.07,22.85,False
20260810-0923-home2work-19677438031,Morning,HomeStationViaFosh:G2,C047,2026-08-10T07:34:50.778Z,valid,0.57,23.76,False
20260810-0923-home2work-19677438031,Morning,EveningA:START,C006,2026-08-10T07:37:22.048Z,wrong_direction,161.13,24.46,False
20260810-0923-home2work-19677438031,Morning,Morning:FINISH,C005,2026-08-10T07:37:39.335Z,valid,1.14,19.35,True
20260810-0923-home2work-19677438031,Morning,WorkChurchA:START,C054,2026-08-10T07:37:58.874Z,valid,10.67,21.99,False
20260810-0923-home2work-19677438031,Morning,WorkChurchB:START,C035,2026-08-10T07:38:00.118Z,valid,27.7,19.13,False
20260810-0923-home2work-19677438031,Morning,WorkChurchB:START,C035,2026-08-10T07:38:06.530Z,wrong_direction,176.76,24.91,False
20260810-0923-home2work-19677438031,Morning,StationWorkAlt:FINISH,C035,2026-08-10T07:38:09.651Z,wrong_direction,174.94,19.08,False
20260811-0828-home2work-19691203692,Morning,ChurchHome:FINISH,C010,2026-08-11T06:28:40.912Z,wrong_direction,176.89,21.02,False
20260811-0828-home2work-19691203692,Morning,EveningA:FINISH,C010,2026-08-11T06:28:42.448Z,wrong_direction,174.02,22.71,False
20260811-0828-home2work-19691203692,Morning,Morning:START,C001,2026-08-11T06:28:43.199Z,valid,1.28,23.09,True
20260811-0828-home2work-19691203692,Morning,FoshHome:FINISH,C053,2026-08-11T06:28:52.408Z,wrong_direction,178.79,23.93,False
20260811-0828-home2work-19691203692,Morning,StationHomePreferred:FINISH,C053,2026-08-11T06:28:55.549Z,wrong_direction,178.97,22.45,False
20260811-0828-home2work-19691203692,Morning,HomeStationViaFosh:START,C041,2026-08-11T06:28:58.145Z,valid,2.11,24.81,False
20260811-0828-home2work-19691203692,Morning,HomeFosh:START,C041,2026-08-11T06:28:58.771Z,valid,2.91,24.81,False
20260811-0828-home2work-19691203692,Morning,HomeChurch:START,C041,2026-08-11T06:29:01.448Z,valid,1.91,25.67,False
20260811-0828-home2work-19691203692,Morning,HomeStationPreferred:START,C041,2026-08-11T06:29:02.321Z,valid,0.46,24.26,False
20260811-0828-home2work-19691203692,Morning,Morning:G1,C002,2026-08-11T06:31:48.438Z,valid,0.6,22.99,True
20260811-0828-home2work-19691203692,Morning,EveningA:G3,C009,2026-08-11T06:32:18.443Z,wrong_direction,175.64,24.83,False
20260811-0828-home2work-19691203692,Morning,HomeFosh:G1,C069,2026-08-11T06:33:37.103Z,valid,6.24,21.64,False
20260811-0828-home2work-19691203692,Morning,HomeStationPreferred:G1,C042,2026-08-11T06:34:00.775Z,valid,0.58,24.02,False
20260811-0828-home2work-19691203692,Morning,StationHomePreferred:G3,C052,2026-08-11T06:34:01.795Z,wrong_direction,179.42,23.62,False
20260811-0828-home2work-19691203692,Morning,HomeStationViaFosh:G1,C046,2026-08-11T06:34:08.604Z,valid,0.64,23.62,False
20260811-0828-home2work-19691203692,Morning,EveningA:G2,C008,2026-08-11T06:35:00.469Z,wrong_direction,173.76,23.76,False
20260811-0828-home2work-19691203692,Morning,Morning:G2,C003,2026-08-11T06:35:15.487Z,valid,1.72,24.73,True
20260811-0828-home2work-19691203692,Morning,HomeFosh:G2,C070,2026-08-11T06:38:42.729Z,valid,5.79,22.26,False
20260811-0828-home2work-19691203692,Morning,EveningA:G1,C007,2026-08-11T06:38:49.293Z,wrong_direction,175.26,26.55,False
20260811-0828-home2work-19691203692,Morning,Morning:G3,C004,2026-08-11T06:39:12.296Z,valid,3.87,22.01,True
20260811-0828-home2work-19691203692,Morning,StationHomePreferred:G2,C051,2026-08-11T06:39:22.336Z,wrong_direction,147.24,23.91,False
20260811-0828-home2work-19691203692,Morning,HomeStationPreferred:G2,C043,2026-08-11T06:39:22.463Z,valid,30.38,23.91,False
20260811-0828-home2work-19691203692,Morning,HomeStationViaFosh:G2,C047,2026-08-11T06:39:48.459Z,valid,0.32,23.53,False
20260811-0828-home2work-19691203692,Morning,EveningA:START,C006,2026-08-11T06:42:23.075Z,wrong_direction,164.17,24.49,False
20260811-0828-home2work-19691203692,Morning,Morning:FINISH,C005,2026-08-11T06:42:39.063Z,valid,0.15,16.73,True
20260811-0828-home2work-19691203692,Morning,WorkChurchA:START,C054,2026-08-11T06:42:56.452Z,valid,8.86,21.68,False
20260811-0828-home2work-19691203692,Morning,WorkChurchB:START,C035,2026-08-11T06:42:56.578Z,valid,67.98,21.68,False
20260811-0828-home2work-19691203692,Morning,WorkChurchB:START,C035,2026-08-11T06:43:03.271Z,wrong_direction,165.1,17.87,False
20260811-0828-home2work-19691203692,Morning,StationWorkAlt:FINISH,C035,2026-08-11T06:43:05.895Z,wrong_direction,170.07,23.3,False
20260812-1445-home2work-19710858960,Morning,ChurchHome:FINISH,C010,2026-08-12T12:45:35.111Z,wrong_direction,173.58,22.05,False
20260812-1445-home2work-19710858960,Morning,EveningA:FINISH,C010,2026-08-12T12:45:36.684Z,wrong_direction,171.06,22.06,False
20260812-1445-home2work-19710858960,Morning,Morning:START,C001,2026-08-12T12:45:37.475Z,valid,0.21,21.94,True
20260812-1445-home2work-19710858960,Morning,FoshHome:FINISH,C053,2026-08-12T12:45:46.912Z,wrong_direction,178.16,23.71,False
20260812-1445-home2work-19710858960,Morning,StationHomePreferred:FINISH,C053,2026-08-12T12:45:50.167Z,wrong_direction,179.45,24.64,False
20260812-1445-home2work-19710858960,Morning,HomeStationViaFosh:START,C041,2026-08-12T12:45:52.763Z,valid,3.1,23.8,False
20260812-1445-home2work-19710858960,Morning,HomeFosh:START,C041,2026-08-12T12:45:53.405Z,valid,2.64,24.35,False
20260812-1445-home2work-19710858960,Morning,HomeChurch:START,C041,2026-08-12T12:45:56.104Z,valid,1.54,25.47,False
20260812-1445-home2work-19710858960,Morning,HomeStationPreferred:START,C041,2026-08-12T12:45:56.965Z,valid,0.79,25.47,False
20260812-1445-home2work-19710858960,Morning,Morning:G1,C002,2026-08-12T12:48:46.351Z,valid,0.54,24.41,True
20260812-1445-home2work-19710858960,Morning,EveningA:G3,C009,2026-08-12T12:49:16.529Z,wrong_direction,178.28,23.8,False
20260812-1445-home2work-19710858960,Morning,HomeFosh:G1,C069,2026-08-12T12:50:34.852Z,valid,10.8,23.39,False
20260812-1445-home2work-19710858960,Morning,HomeStationPreferred:G1,C042,2026-08-12T12:50:58.337Z,valid,2.04,23.93,False
20260812-1445-home2work-19710858960,Morning,StationHomePreferred:G3,C052,2026-08-12T12:50:59.362Z,wrong_direction,179.04,23.13,False
20260812-1445-home2work-19710858960,Morning,HomeStationViaFosh:G1,C046,2026-08-12T12:51:06.148Z,valid,0.14,23.22,False
20260812-1445-home2work-19710858960,Morning,EveningA:G2,C008,2026-08-12T12:51:57.900Z,wrong_direction,177.51,24.49,False
20260812-1445-home2work-19710858960,Morning,Morning:G2,C003,2026-08-12T12:52:12.885Z,valid,6.78,25.11,True
20260812-1445-home2work-19710858960,Morning,HomeFosh:G2,C070,2026-08-12T12:55:45.581Z,valid,6.57,22.0,False
20260812-1445-home2work-19710858960,Morning,EveningA:G1,C007,2026-08-12T12:55:52.408Z,wrong_direction,179.11,19.45,False
20260812-1445-home2work-19710858960,Morning,Morning:G3,C004,2026-08-12T12:56:17.190Z,valid,0.09,27.42,True
20260812-1445-home2work-19710858960,Morning,StationHomePreferred:G2,C051,2026-08-12T12:56:27.460Z,wrong_direction,134.15,24.08,False
20260812-1445-home2work-19710858960,Morning,HomeStationPreferred:G2,C043,2026-08-12T12:56:27.617Z,valid,43.47,24.08,False
20260812-1445-home2work-19710858960,Morning,HomeStationViaFosh:G2,C047,2026-08-12T12:56:54.556Z,valid,0.07,23.3,False
20260812-1445-home2work-19710858960,Morning,EveningA:START,C006,2026-08-12T12:59:23.232Z,wrong_direction,163.41,22.38,False
20260812-1445-home2work-19710858960,Morning,Morning:FINISH,C005,2026-08-12T12:59:40.643Z,valid,9.03,18.39,True
20260813-0831-home2work-19720913908,Morning,ChurchHome:FINISH,C010,2026-08-13T06:31:56.270Z,wrong_direction,173.79,19.47,False
20260813-0831-home2work-19720913908,Morning,EveningA:FINISH,C010,2026-08-13T06:31:57.945Z,wrong_direction,175.43,20.91,False
20260813-0831-home2work-19720913908,Morning,Morning:START,C001,2026-08-13T06:31:58.755Z,valid,3.25,21.06,True
20260813-0831-home2work-19720913908,Morning,FoshHome:FINISH,C053,2026-08-13T06:32:09.467Z,wrong_direction,177.51,21.15,False
20260813-0831-home2work-19720913908,Morning,StationHomePreferred:FINISH,C053,2026-08-13T06:32:12.955Z,wrong_direction,177.83,21.74,False
20260813-0831-home2work-19720913908,Morning,HomeStationViaFosh:START,C041,2026-08-13T06:32:15.866Z,valid,2.92,21.61,False
20260813-0831-home2work-19720913908,Morning,HomeFosh:START,C041,2026-08-13T06:32:16.582Z,valid,0.36,21.81,False
20260813-0831-home2work-19720913908,Morning,HomeChurch:START,C041,2026-08-13T06:32:19.671Z,valid,3.94,21.69,False
20260813-0831-home2work-19720913908,Morning,HomeStationPreferred:START,C041,2026-08-13T06:32:20.679Z,valid,2.38,21.94,False
20260813-0831-home2work-19720913908,Morning,Morning:G1,C002,2026-08-13T06:35:19.577Z,valid,0.97,22.36,True
20260813-0831-home2work-19720913908,Morning,EveningA:G3,C009,2026-08-13T06:35:51.052Z,wrong_direction,179.21,23.47,False
20260813-0831-home2work-19720913908,Morning,HomeFosh:G1,C069,2026-08-13T06:37:13.406Z,valid,7.93,21.74,False
20260813-0831-home2work-19720913908,Morning,HomeStationPreferred:G1,C042,2026-08-13T06:37:38.626Z,valid,1.39,22.39,False
20260813-0831-home2work-19720913908,Morning,StationHomePreferred:G3,C052,2026-08-13T06:37:39.690Z,wrong_direction,179.41,22.97,False
20260813-0831-home2work-19720913908,Morning,HomeStationViaFosh:G1,C046,2026-08-13T06:37:46.693Z,valid,1.29,23.29,False
20260813-0831-home2work-19720913908,Morning,EveningA:G2,C008,2026-08-13T06:38:41.650Z,wrong_direction,170.88,24.89,False
20260813-0831-home2work-19720913908,Morning,Morning:G2,C003,2026-08-13T06:38:57.744Z,valid,3.7,21.52,True
20260813-0831-home2work-19720913908,Morning,HomeFosh:G2,C070,2026-08-13T06:42:45.373Z,valid,0.6,22.46,False
20260813-0831-home2work-19720913908,Morning,EveningA:G1,C007,2026-08-13T06:42:52.557Z,wrong_direction,177.67,19.55,False
20260813-0831-home2work-19720913908,Morning,Morning:G3,C004,2026-08-13T06:43:18.484Z,valid,1.22,33.58,True
20260813-0831-home2work-19720913908,Morning,StationHomePreferred:G2,C051,2026-08-13T06:43:29.670Z,wrong_direction,135.29,21.15,False
20260813-0831-home2work-19720913908,Morning,HomeStationPreferred:G2,C043,2026-08-13T06:43:29.817Z,valid,42.33,21.15,False
20260813-0831-home2work-19720913908,Morning,HomeStationViaFosh:G2,C047,2026-08-13T06:43:57.046Z,valid,1.08,23.23,False
20260813-0831-home2work-19720913908,Morning,EveningA:START,C006,2026-08-13T06:46:42.434Z,wrong_direction,167.77,24.15,False
20260813-0831-home2work-19720913908,Morning,Morning:FINISH,C005,2026-08-13T06:47:01.697Z,valid,1.08,16.55,True
20260813-0831-home2work-19720913908,Morning,WorkChurchB:START,C035,2026-08-13T06:47:22.678Z,valid,62.59,19.66,False
20260813-0831-home2work-19720913908,Morning,WorkChurchA:START,C054,2026-08-13T06:47:22.889Z,valid,3.46,19.66,False
20260813-0831-home2work-19720913908,Morning,WorkChurchB:START,C035,2026-08-13T06:47:30.489Z,wrong_direction,159.36,16.16,False
20260813-0831-home2work-19720913908,Morning,StationWorkAlt:FINISH,C035,2026-08-13T06:47:34.213Z,wrong_direction,178.1,18.49,False
20260813-1618-work2home-19726172105,EveningA,StationWorkAlt:FINISH,C035,2026-08-13T14:19:13.848Z,valid,7.54,29.16,False
20260813-1618-work2home-19726172105,EveningA,WorkChurchB:START,C035,2026-08-13T14:19:17.499Z,valid,7.74,33.23,False
20260813-1618-work2home-19726172105,EveningA,EveningB:START,C011,2026-08-13T14:19:46.447Z,valid,2.16,23.22,False
20260813-1618-work2home-19726172105,EveningA,MorningB:FINISH,C020,2026-08-13T14:19:46.447Z,wrong_direction,177.97,23.22,False
20260813-1618-work2home-19726172105,EveningA,HomeStationViaFosh:G2,C047,2026-08-13T14:23:28.716Z,wrong_direction,177.48,22.95,False
20260813-1618-work2home-19726172105,EveningA,HomeStationPreferred:G2,C043,2026-08-13T14:23:54.738Z,wrong_direction,151.8,23.08,False
20260813-1618-work2home-19726172105,EveningA,StationHomePreferred:G2,C051,2026-08-13T14:23:54.860Z,valid,30.58,23.08,False
20260813-1618-work2home-19726172105,EveningA,Morning:G3,C004,2026-08-13T14:24:07.326Z,wrong_direction,171.54,19.26,False
20260813-1618-work2home-19726172105,EveningA,EveningA:G1,C007,2026-08-13T14:24:32.232Z,valid,1.09,23.85,True
20260813-1618-work2home-19726172105,EveningA,HomeFosh:G2,C070,2026-08-13T14:24:38.736Z,wrong_direction,179.87,22.28,False
20260813-1618-work2home-19726172105,EveningA,Morning:G2,C003,2026-08-13T14:28:16.341Z,wrong_direction,177.27,21.36,False
20260813-1618-work2home-19726172105,EveningA,EveningA:G2,C008,2026-08-13T14:28:32.816Z,valid,6.99,23.07,True
20260813-1618-work2home-19726172105,EveningA,HomeStationViaFosh:G1,C046,2026-08-13T14:29:27.938Z,wrong_direction,178.18,22.29,False
20260813-1618-work2home-19726172105,EveningA,StationHomePreferred:G3,C052,2026-08-13T14:29:34.786Z,valid,4.11,22.85,False
20260813-1618-work2home-19726172105,EveningA,HomeStationPreferred:G1,C042,2026-08-13T14:29:35.869Z,wrong_direction,178.99,22.29,False
20260813-1618-work2home-19726172105,EveningA,HomeFosh:G1,C069,2026-08-13T14:30:00.277Z,wrong_direction,169.82,21.74,False
20260813-1618-work2home-19726172105,EveningA,EveningA:G3,C009,2026-08-13T14:31:20.641Z,valid,0.3,23.62,True
20260813-1618-work2home-19726172105,EveningA,Morning:G1,C002,2026-08-13T14:31:51.014Z,wrong_direction,179.32,22.38,False
20260813-1618-work2home-19726172105,EveningA,HomeStationPreferred:START,C041,2026-08-13T14:34:45.494Z,wrong_direction,178.77,22.64,False
20260813-1618-work2home-19726172105,EveningA,HomeChurch:START,C041,2026-08-13T14:34:46.491Z,wrong_direction,176.48,21.49,False
20260813-1618-work2home-19726172105,EveningA,HomeFosh:START,C041,2026-08-13T14:34:49.606Z,wrong_direction,177.21,21.97,False
20260813-1618-work2home-19726172105,EveningA,HomeStationViaFosh:START,C041,2026-08-13T14:34:50.298Z,wrong_direction,179.45,23.17,False
20260813-1618-work2home-19726172105,EveningA,StationHomePreferred:FINISH,C053,2026-08-13T14:34:53.120Z,valid,0.47,22.98,False
20260813-1618-work2home-19726172105,EveningA,FoshHome:FINISH,C053,2026-08-13T14:34:56.509Z,valid,2.33,23.87,False
20260813-1618-work2home-19726172105,EveningA,Morning:START,C001,2026-08-13T14:35:06.642Z,wrong_direction,178.99,22.0,False
20260813-1618-work2home-19726172105,EveningA,EveningA:FINISH,C010,2026-08-13T14:35:07.405Z,valid,4.87,22.0,True
20260813-1618-work2home-19726172105,EveningA,ChurchHome:FINISH,C010,2026-08-13T14:35:08.967Z,valid,8.05,21.24,False
